,,,"Note that these figures are generated using a formula that protects against any artificial inflation of chart positions.",
Position,"Track Name",Artist,Streams,URL
1,"Look What You Made Me Do","Taylor Swift",44480002,https://open.spotify.com/track/6uFsE1JgZ20EXyU0JQZbUR
2,"Mi Gente","J Balvin",31601477,https://open.spotify.com/track/2rb5MvYT7ZIxbKW5hfcHx8
3,"Friends (with BloodPop®)","Justin Bieber",24755990,https://open.spotify.com/track/7nZmah2llfvLDiUjm0kiyz
4,"New Rules","Dua Lipa",23833281,https://open.spotify.com/track/2ekn2ttSfGqwhhate0LSR0
5,Unforgettable,"French Montana",22480426,https://open.spotify.com/track/3B54sVLJ402zGa6Xm4YGNe
6,"Feels (feat. Pharrell Williams, Katy Perry & Big Sean)","Calvin Harris",22221191,https://open.spotify.com/track/5bcTCxgc7xVfSaMV3RuVke
7,"Wild Thoughts (feat. Rihanna & Bryson Tiller)","DJ Khaled",21402984,https://open.spotify.com/track/1OAh8uOEOvTDqkKFsKksCi
8,"Despacito - Remix","Luis Fonsi",20256922,https://open.spotify.com/track/5CtI0qwDJkDQGwXD1H1cLb
9,"Sorry Not Sorry","Demi Lovato",19294970,https://open.spotify.com/track/25C5CowdsfXld2jJanbiex
10,"XO Tour Llif3","Lil Uzi Vert",18201699,https://open.spotify.com/track/7GX5flRQZVHRAGd6B4TmDO
11,Attention,"Charlie Puth",18127934,https://open.spotify.com/track/4iLqG9SeJSnt0cSPICSjxv
12,"Shape of You","Ed Sheeran",17960613,https://open.spotify.com/track/7qiZfU4dY1lWllzX7mPBI3
13,Havana,"Camila Cabello",17395453,https://open.spotify.com/track/0ofbQMrRDsUaVKq2mGLEAb
14,"2U (feat. Justin Bieber)","David Guetta",17307002,https://open.spotify.com/track/3A7qX2QjDlPnazUsRk5y0M
15,"Back to You (feat. Bebe Rexha & Digital Farm Animals)","Louis Tomlinson",17094543,https://open.spotify.com/track/7F9vK8hNFMml4GtHsaXui6
16,"Strip That Down","Liam Payne",16856817,https://open.spotify.com/track/6EpRaXYhGOB3fj4V2uDkMJ
17,Thunder,"Imagine Dragons",16783183,https://open.spotify.com/track/0tKcYR2II1VCQWT79i5NrW
18,"More Than You Know","Axwell /\ Ingrosso",16459437,https://open.spotify.com/track/3PEgB3fkiojxms35ntsTgs
19,Silence,Marshmello,16265782,https://open.spotify.com/track/7vGuf3Y35N4wmASOKLUVVU
20,Mama,"Jonas Blue",15928070,https://open.spotify.com/track/0NiXXAI876aGImAd6rTj8w
21,"Glorious (feat. Skylar Grey)",Macklemore,15007672,https://open.spotify.com/track/3HVr6jTVwBHBa2flM0eURR
22,"I'm the One (feat. Justin Bieber, Quavo, Chance the Rapper & Lil Wayne)","DJ Khaled",14713837,https://open.spotify.com/track/3DXncPQOG4VBw3QHh3S817
23,"There's Nothing Holdin' Me Back","Shawn Mendes",14685461,https://open.spotify.com/track/79cuOz3SPQTuFrp8WgftAu
24,"Without You (feat. Sandro Cavazza)",Avicii,14170963,https://open.spotify.com/track/6WbADFqMvR8N5u0BvtsWQE
25,"Jocelyn Flores",XXXTENTACION,13967227,https://open.spotify.com/track/7m9OqQk4RVRkw9JJdeAw96
26,"Bank Account","21 Savage",13557749,https://open.spotify.com/track/5eqK0tbzUPo2SoeZsov04s
27,"Me Rehúso","Danny Ocean",13415822,https://open.spotify.com/track/6De0lHrwBfPfrhorm9q1Xl
28,HUMBLE.,"Kendrick Lamar",13155026,https://open.spotify.com/track/7KXjTSCq5nL1LoYtL7XAwS
29,"Young Dumb & Broke",Khalid,13134323,https://open.spotify.com/track/5Z3GHaZ6ec9bsiI5BenrbY
30,1-800-273-8255,Logic,12924794,https://open.spotify.com/track/5tz69p7tJuGPeMGwNTxYuV
31,"I Like Me Better",Lauv,12434507,https://open.spotify.com/track/1wjzFQodRWrPcQ0AnYnvQ9
32,"Felices los 4",Maluma,11712271,https://open.spotify.com/track/0qYTZCo5Bwh1nsUFGZP3zn
33,Congratulations,"Post Malone",11377865,https://open.spotify.com/track/3a1lNhkSLSkpJE4MSHpDu9
34,"Lonely Together (feat. Rita Ora)",Avicii,11220443,https://open.spotify.com/track/2OALaHcDdKkjYEpAr0Qzab
35,"Bodak Yellow","Cardi B",11129999,https://open.spotify.com/track/2771LMNxwf62FTAdpJMQfM
36,"Your Song","Rita Ora",11068334,https://open.spotify.com/track/4c2W3VKsOFoIg2SFaO6DY5
37,"Swalla (feat. Nicki Minaj & Ty Dolla $ign)","Jason Derulo",10915481,https://open.spotify.com/track/6kex4EBAj0WHXDKZMEJaaF
38,"Something Just Like This","The Chainsmokers",10813446,https://open.spotify.com/track/6RUKPb4LETWmmr3iAEQktW
39,"Despacito (Featuring Daddy Yankee)","Luis Fonsi",10546171,https://open.spotify.com/track/4aWmUDTfIPGksMNLV2rQP2
40,"Fetish (feat. Gucci Mane)","Selena Gomez",10438518,https://open.spotify.com/track/0XLOf9LhyazPX9Ld8jPiUq
41,"Fuck Love (feat. Trippie Redd)",XXXTENTACION,10302103,https://open.spotify.com/track/7AQim7LbvFVZJE3O8TYgf2
42,"Slow Hands","Niall Horan",10173971,https://open.spotify.com/track/167NczpNbRF7oWakJaY3Hh
43,Believer,"Imagine Dragons",10160868,https://open.spotify.com/track/0CcQNd8CINkwQfe1RDtGV6
44,"There for You","Martin Garrix",10121331,https://open.spotify.com/track/6jA8HL9i4QGzsj6fjoxp8Y
45,"What About Us",P!nk,9981951,https://open.spotify.com/track/31MkGwj0SWgZaTvEt5Hgxv
46,"BUTTERFLY EFFECT","Travis Scott",9761999,https://open.spotify.com/track/1yxgsra98r3qAtxqiGZPiX
47,"Una Lady Como Tú","Manuel Turizo",9655442,https://open.spotify.com/track/7MHN1aCFtLXjownGhvEQlF
48,Bonita,"J Balvin",9542484,https://open.spotify.com/track/693iqPOQvhI7PobtR8CC8v
49,"Rich Love (with Seeb)",OneRepublic,9304763,https://open.spotify.com/track/7aF09WaavZAmAWuUeYxlYD
50,"Pretty Girl - Cheat Codes X CADE Remix","Maggie Lindemann",9135462,https://open.spotify.com/track/1NDxZ7cFAo481dtYWdrUnR
51,"Escápate Conmigo",Wisin,9130836,https://open.spotify.com/track/2cnKEkpVUSV4wnjQiTWfH6
52,"Everybody Dies In Their Nightmares",XXXTENTACION,8964126,https://open.spotify.com/track/3GVkPk8mqxz0itaAriG1L7
53,"The Way Life Goes (feat. Oh Wonder)","Lil Uzi Vert",8911295,https://open.spotify.com/track/2eAZfqOm4EnOF9VvN50Tyc
54,"Know No Better (feat. Travis Scott, Camila Cabello & Quavo)","Major Lazer",8609820,https://open.spotify.com/track/3Ytr1SUCUi6J3L9dRFx5iH
55,"Feel It Still","Portugal. The Man",8364355,https://open.spotify.com/track/6QgjcU0zLnzq5OrUoSZ3OK
56,"Symphony (feat. Zara Larsson)","Clean Bandit",8291099,https://open.spotify.com/track/1x5sYLZiu9r5E43kMlt9f8
57,Praying,Kesha,8187263,https://open.spotify.com/track/0jdny0dhgjUwoIp5GkqEaA
58,Location,Khalid,8032317,https://open.spotify.com/track/152lZdxL1OR0ZMW6KquMif
59,"That's What I Like","Bruno Mars",7800764,https://open.spotify.com/track/0KKkJNfGyhkQ5aFogxQAPU
60,"No Promises (feat. Demi Lovato)","Cheat Codes",7700328,https://open.spotify.com/track/1louJpMmzEicAn7lzDalPW
61,"Would You Ever",Skrillex,7671708,https://open.spotify.com/track/57p8CBvPOxrvyCbn6ttl5r
62,"Stay (with Alessia Cara)",Zedd,7501143,https://open.spotify.com/track/0dA2Mk56wEzDgegdC6R17g
63,Revenge,XXXTENTACION,7415782,https://open.spotify.com/track/5TXDeTFVRVY7Cvt0Dw4vWW
64,"Ahora Dice","Chris Jeday",7228989,https://open.spotify.com/track/22eADXu8DfOAUEDw4vU8qy
65,Questions,"Chris Brown",7209213,https://open.spotify.com/track/5XQMr19TL7Mfksq9zihbOu
66,Mayores,"Becky G",7181439,https://open.spotify.com/track/7JNh1cfm0eXjqFVOzKLyau
67,Redbone,"Childish Gambino",6800811,https://open.spotify.com/track/3kxfsdsCpFgN412fpnW85Y
68,Down,"Fifth Harmony",6758833,https://open.spotify.com/track/20H2Hd5AkUcRjB4yL3UQtJ
69,"It Ain't Me (with Selena Gomez)",Kygo,6719180,https://open.spotify.com/track/3eR23VReFzcdmS7TYCrhCe
70,"Mask Off",Future,6696158,https://open.spotify.com/track/3rOSwuTsUlJp0Pu0MkN8r8
71,"Robarte un Beso","Carlos Vives",6643220,https://open.spotify.com/track/4z3GJkrtH97Bj6fRta983T
72,"Galway Girl","Ed Sheeran",6566763,https://open.spotify.com/track/0afhq8XCExXpqazXczTSve
73,"Tú Foto",Ozuna,6466640,https://open.spotify.com/track/5zSOVwaY3sVjnmLhuEfsuf
74,goosebumps,"Travis Scott",6423498,https://open.spotify.com/track/6gBFPUFcJLzWGx4lenP6h2
75,"Depression & Obsession",XXXTENTACION,6365715,https://open.spotify.com/track/2H3wWrnO758y0fPH7Ilerg
76,"Hey DJ",CNCO,6313424,https://open.spotify.com/track/209gZgcfLq2aUuu51vOWBl
77,"Instruction (feat. Demi Lovato & Stefflon Don)","Jax Jones",6311713,https://open.spotify.com/track/0XfOi87h82i09rQjWYG0Bm
78,"Love Galore (feat. Travis Scott)",SZA,6309377,https://open.spotify.com/track/0q75NwOoFiARAVp4EXU4Bs
79,"Krippy Kush",Farruko,6284292,https://open.spotify.com/track/3rgjBiAMVGnxmsTDmUy8vb
80,"OK - Spotify Version","Robin Schulz",6273344,https://open.spotify.com/track/3bWAqKDWg6u1davspr5IkS
81,"Say You Won't Let Go","James Arthur",6189063,https://open.spotify.com/track/5uCax9HTNlzGybIStD3vDh
82,"Get Low (with Liam Payne)",Zedd,6172018,https://open.spotify.com/track/1CKd1PnqfYx0H12V9MSaIY
83,"Sauce It Up","Lil Uzi Vert",6157406,https://open.spotify.com/track/1uL78kFWxhz3umTMWJu8n5
84,Magnolia,"Playboi Carti",6102000,https://open.spotify.com/track/1e1JKLEDKP7hEQzJfNAgPl
85,DNA.,"Kendrick Lamar",6090066,https://open.spotify.com/track/6HZILIRieu8S0iqY8kIKhj
86,Signs,Drake,6067047,https://open.spotify.com/track/5EnYT6F7wEcdege6mDHEfO
87,"Reggaetón Lento (Remix)",CNCO,6045209,https://open.spotify.com/track/3zoYkqS4y2BsGVShPL2nTE
88,444+222,"Lil Uzi Vert",5940470,https://open.spotify.com/track/1QgTBfRN5m81a5K01qens6
89,"I Get The Bag (feat. Migos)","Gucci Mane",5935414,https://open.spotify.com/track/1HTtUBEY3tuw2btgwwI2Ja
90,OMG,"Camila Cabello",5932526,https://open.spotify.com/track/4xBjsLUSjcx2h7PcRikpQp
91,"LOYALTY. FEAT. RIHANNA.","Kendrick Lamar",5929881,https://open.spotify.com/track/6SwRhMLwNqEi6alNPVG00n
92,"Carry On",XXXTENTACION,5903372,https://open.spotify.com/track/2yZax79pOrYuyIFVW2cZY2
93,"Crying in the Club","Camila Cabello",5896823,https://open.spotify.com/track/1SJtlNRJDeYHioymcvsqev
94,"Save Me",XXXTENTACION,5817192,https://open.spotify.com/track/2UwbhMie1EAYuTZ0QXeMwl
95,"Slide (feat. Frank Ocean & Migos)","Calvin Harris",5775465,https://open.spotify.com/track/7tr2za8SQg2CI8EDgrdtNl
96,Closer,"The Chainsmokers",5731628,https://open.spotify.com/track/7BKLCZ1jbUBVqRi2FVlTVw
97,"Bad Liar","Selena Gomez",5707486,https://open.spotify.com/track/1sCxVKWImDZSZKvG0U9B23
98,Malibu,"Miley Cyrus",5651440,https://open.spotify.com/track/2habSXqcJGExM6JJyskY7O
99,"Most Girls","Hailee Steinfeld",5567502,https://open.spotify.com/track/2mfUa8bLs2s5N4VaqJZ4lZ
100,Issues,"Julia Michaels",5561860,https://open.spotify.com/track/0xG0SHshCStMEyNbNC5d4k
101,"I Don’t Wanna Live Forever (Fifty Shades Darker) - From ""Fifty Shades Darker (Original Motion Picture Soundtrack)""",ZAYN,5528683,https://open.spotify.com/track/3NdDpSvN911VPGivFlV5d0
102,"Swish Swish","Katy Perry",5481167,https://open.spotify.com/track/2kVHAQKVtczchKctctzbtK
103,X,"Lil Uzi Vert",5437998,https://open.spotify.com/track/5tRmoZRoupvMYPV1oezFrH
104,"SUBEME LA RADIO","Enrique Iglesias",5267351,https://open.spotify.com/track/7nKBxz47S9SD79N086fuhn
105,Passionfruit,Drake,5193051,https://open.spotify.com/track/7hDc8b7IXETo14hHIHdnhd
106,Perfect,"Ed Sheeran",5164082,https://open.spotify.com/track/0tgVpDi06FyKpA1z0VMD4v
107,"Báilame - Remix",Nacho,5104479,https://open.spotify.com/track/3VClLWqNn80Llv0PJOsKgr
108,"La Rompe Corazones","Daddy Yankee",5078235,https://open.spotify.com/track/4okba5wu9mMLXx79DXLKi3
109,"Slippery (feat. Gucci Mane)",Migos,5042581,https://open.spotify.com/track/6p8NuHm8uCGnn2Dtbtf7zE
110,"It's A Vibe","2 Chainz",4998859,https://open.spotify.com/track/6H0AwSQ20mo62jGlPGB8S6
111,"Me Enamoré",Shakira,4923990,https://open.spotify.com/track/4qknM1pQz53QOyfDVTjcM9
112,Starboy,"The Weeknd",4904634,https://open.spotify.com/track/5aAx2yezTd8zXrkmtKl66Z
113,"Came Here for Love",Sigala,4888154,https://open.spotify.com/track/3kGfazcbVvVkuZunzlLgTD
114,"Roll In Peace (feat. XXXTENTACION)","Kodak Black",4869701,https://open.spotify.com/track/40oKW22ZNNkEdZLJTScaQI
115,"One Dance",Drake,4869667,https://open.spotify.com/track/1xznGGDReH1oQq0xzbwXa3
116,"Rake It Up","Yo Gotti",4789431,https://open.spotify.com/track/6c7D34787LOtPm8tzhsLgH
117,"Bella y Sensual","Romeo Santos",4766041,https://open.spotify.com/track/0ERbK7qVqveCaBWIiYCrl3
118,Photograph,"Ed Sheeran",4741391,https://open.spotify.com/track/6fxVffaTuwjgEk5h9QyRjy
119,"Body Like A Back Road","Sam Hunt",4703618,https://open.spotify.com/track/7mldq42yDuxiUNn08nvzHO
120,"Rockabye (feat. Sean Paul & Anne-Marie)","Clean Bandit",4667831,https://open.spotify.com/track/5knuzwU65gJK7IF5yJsuaW
121,Orlando,XXXTENTACION,4648148,https://open.spotify.com/track/05bnEv2dpFzmGVLGdjD9UP
122,"Scared to Be Lonely","Martin Garrix",4645118,https://open.spotify.com/track/3ebXMykcMXOcLeJ9xZ17XH
123,"I Feel It Coming","The Weeknd",4639697,https://open.spotify.com/track/5GXAXm5YOmYT0kL5jHvYBt
124,"El Amante","Nicky Jam",4581646,https://open.spotify.com/track/3umS4y3uQDkqekNjVpiRUs
125,"First Time",Kygo,4570395,https://open.spotify.com/track/2Gl0FzuLxflY6nPifJp5Dr
126,"He Like That","Fifth Harmony",4569816,https://open.spotify.com/track/0m2orA1i5lLZUOt9XLwSd0
127,"Now Or Never",Halsey,4527723,https://open.spotify.com/track/7i2DJ88J7jQ8K7zqFX2fW8
128,"Solo Dance","Martin Jensen",4523378,https://open.spotify.com/track/6HUnnBwYZqcED1eQztxMBN
129,"Dead Inside (Interlude)",XXXTENTACION,4496232,https://open.spotify.com/track/2vQwlW8H1jFveGNXwZfJCV
130,"Sign of the Times","Harry Styles",4494434,https://open.spotify.com/track/5Ohxk2dO5COHF1krpoPigN
131,"Castle on the Hill","Ed Sheeran",4455570,https://open.spotify.com/track/6PCUP3dWmTjcTtXY02oFdT
132,"Summer Air",ItaloBrothers,4450067,https://open.spotify.com/track/3GPI7hYiqD6enLRobhkBm8
133,"UnFazed (feat. The Weeknd)","Lil Uzi Vert",4443320,https://open.spotify.com/track/5O8x1YlmLQopQHErxtDfi9
134,"Sigo Extrañándote","J Balvin",4405982,https://open.spotify.com/track/6qDF4wWL49CAVbgT7yuHl8
135,"Sua cara (feat. Anitta & Pabllo Vittar)","Major Lazer",4385261,https://open.spotify.com/track/3ibRxEv4KkcU9e259eyNJA
136,"Otra vez (feat. J Balvin)","Zion & Lennox",4385166,https://open.spotify.com/track/3QwBODjSEzelZyVjxPOHdq
137,Two®,"Lil Uzi Vert",4364462,https://open.spotify.com/track/65kp3OFn7JXbCvkm3m2Ui2
138,"LOVE. FEAT. ZACARI.","Kendrick Lamar",4317226,https://open.spotify.com/track/6PGoSes0D9eUDeeAafB2As
139,"Super Far",LANY,4298680,https://open.spotify.com/track/74ODGXs4byLTRdnKGM4s6E
140,"iSpy (feat. Lil Yachty)",KYLE,4290872,https://open.spotify.com/track/2EEeOnHehOozLq4aS0n6SL
141,"El Farsante",Ozuna,4290638,https://open.spotify.com/track/5EId1m4DNwTf3at31w8bPJ
142,"All My Love (feat. Conor Maynard)","Cash Cash",4254153,https://open.spotify.com/track/1839RWzPRZCVgvamu4sHSN
143,"do re mi (feat. Gucci Mane)",blackbear,4240473,https://open.spotify.com/track/53mrVsi49rLHIaKBiSvElG
144,"Perplexing Pegasus","Rae Sremmurd",4218388,https://open.spotify.com/track/2nYwV62UABTH0NanrwVIdQ
145,"Sola (Remix) [feat. Daddy Yankee, Wisin, Farruko, Zion & Lennox]","Anuel AA",4205494,https://open.spotify.com/track/5q2JbCNi4FcnglgPfxcV65
146,"Tell Me You Love Me","Demi Lovato",4189111,https://open.spotify.com/track/65MOTX6uSFAnqXl7dlAuId
147,"Bad and Boujee (feat. Lil Uzi Vert)",Migos,4168937,https://open.spotify.com/track/4Km5HrUvYTaSUfiSGPJeQR
148,"Si Tú La Ves (feat. Wisin)","Nicky Jam",4139594,https://open.spotify.com/track/4yN6xPLopmTLvc27pO9LIE
149,"Chantaje (feat. Maluma)",Shakira,4130908,https://open.spotify.com/track/6mICuAdrwEjh6Y6lroV2Kg
150,"Se Preparó",Ozuna,4128852,https://open.spotify.com/track/1m69ELEgE6k5ZWsap40ozt
151,"Look At Me!",XXXTENTACION,4088884,https://open.spotify.com/track/4ARPvK8DHLwt4oX65ZAFMw
152,Paris,"The Chainsmokers",4050644,https://open.spotify.com/track/72jbDTw1piOOj770jWNeaG
153,"We Don't Talk Anymore","Charlie Puth",4049665,https://open.spotify.com/track/68EMU2RD1ECNeOeJ5qAXCV
154,"Treat You Better","Shawn Mendes",4007332,https://open.spotify.com/track/4Hf7WnR761jpxPr5D46Bcd
155,"For Real","Lil Uzi Vert",3996651,https://open.spotify.com/track/3tcoEYOZUHKB3RKNByIN13
156,"Thinking out Loud","Ed Sheeran",3993438,https://open.spotify.com/track/1Slwb6dOYkBlWal1PGtnNg
157,"Let Me Love You","DJ Snake",3988968,https://open.spotify.com/track/4pdPtRcBmOSQDlJ3Fk945m
158,"Marmalade (feat. Lil Yachty)",Macklemore,3988826,https://open.spotify.com/track/0RYXEibxMami3QuT8kn4Iz
159,"Don't Let Me Down","The Chainsmokers",3951672,https://open.spotify.com/track/0QsvXIfqM0zZoerQfsI9lm
160,"Neon Guts (feat. Pharrell Williams)","Lil Uzi Vert",3946801,https://open.spotify.com/track/1MJErNPIQUoEMu4YUUmecm
161,"Loco Enamorado","Abraham Mateo",3940374,https://open.spotify.com/track/4N1c5rmWOzRmB9SMacr5wB
162,"Drowning (feat. Kodak Black)","A Boogie Wit da Hoodie",3911873,https://open.spotify.com/track/6Q2FftbUG530lCtBI74bMH
163,Besándote,"Piso 21",3897570,https://open.spotify.com/track/13X0XdLMOdtbXVtAj2ox4h
164,"24K Magic","Bruno Mars",3892231,https://open.spotify.com/track/6b8Be6ljOzmkOmFslEb23P
165,"Ahora Me Llama","KAROL G",3890277,https://open.spotify.com/track/61HHDBLqF3AmSvLfHKNGd2
166,"Complicated (feat. Kiiara)","Dimitri Vegas & Like Mike",3885632,https://open.spotify.com/track/1Sl3njkhhz8nrSPZroDQ82
167,"Me Llamas (feat. Maluma) - Remix","Piso 21",3841179,https://open.spotify.com/track/5hEM0JchdVzQ5PwvSfITeX
168,"Hey Ma (with Pitbull & J Balvin feat. Camila Cabello) - Spanish Version",Pitbull,3841114,https://open.spotify.com/track/2Vdub5mY4lad7w64bFPUez
169,Starving,"Hailee Steinfeld",3793261,https://open.spotify.com/track/6875MeXyCW0wLyT72Eetmo
170,"Reggaetón Lento (Bailemos)",CNCO,3782063,https://open.spotify.com/track/3AEZUABDXNtecAOSC1qTfo
171,Why,"Sabrina Carpenter",3769952,https://open.spotify.com/track/2jYmK1cb3Uya6FFsocdpzO
172,Báilame,Nacho,3744750,https://open.spotify.com/track/7lRsNbdOGykkMAgsqs4R1C
173,"No Sleep Leak","Lil Uzi Vert",3729844,https://open.spotify.com/track/0QV16pno66L6K3fn4W13b7
174,Unforgettable,"Thomas Rhett",3729272,https://open.spotify.com/track/0ZiRSqlSsDlY0UyDYU9CTE
175,"Side To Side","Ariana Grande",3718264,https://open.spotify.com/track/4pLwZjInHj3SimIyN9SnOz
176,"Ayala (Outro)",XXXTENTACION,3706781,https://open.spotify.com/track/5xbrhx2tMMcN68IT3cJbhS
177,"Rollin (feat. Future & Khalid)","Calvin Harris",3677809,https://open.spotify.com/track/0lMbuWUpfTWhEmOKxppEau
178,"Two High","Moon Taxi",3651671,https://open.spotify.com/track/0Z9HQ8YvHqdeOjTwsR3cS7
179,"Call On Me - Ryan Riback Extended Remix",Starley,3648753,https://open.spotify.com/track/78rIJddV4X0HkNAInEcYde
180,"Dark Queen","Lil Uzi Vert",3635405,https://open.spotify.com/track/2ZdCrBA52bb4pIG3tOOZiQ
181,"Bounce Back","Big Sean",3622898,https://open.spotify.com/track/0SGkqnVQo9KPytSri1H6cF
182,"CAN'T STOP THE FEELING! (Original Song from DreamWorks Animation's ""TROLLS"")","Justin Timberlake",3606059,https://open.spotify.com/track/6JV2JOEocMgcZxYSZelKcc
183,"Que Va","Alex Sensation",3556589,https://open.spotify.com/track/7ofxPmTNMj2GP07g1VZa0O
184,"Love Yourself","Justin Bieber",3553323,https://open.spotify.com/track/3hB5DgAiMAQ4DzYbsMq1IT
185,"Fake Love",Drake,3464813,https://open.spotify.com/track/343YBumqHu19cGoGARUTsd
186,"You Don't Know Me - Radio Edit","Jax Jones",3436425,https://open.spotify.com/track/00lNx0OcTJrS3MKHcB80HY
187,"In the Name of Love","Martin Garrix",3431044,https://open.spotify.com/track/04DwTuZ2VBdJCCC5TROn7L
188,"Lose Yourself - From ""8 Mile"" Soundtrack",Eminem,3409975,https://open.spotify.com/track/5Z01UMMf7V1o0MzF86s6WJ
189,Tuesday,"Burak Yeter",3399057,https://open.spotify.com/track/7abpmGpF7PGep2rDU68GBR
190,"Think Before I Talk","Astrid S",3387382,https://open.spotify.com/track/0Clb9aiXWa0dvVff5aN4VN
191,Happier,"Ed Sheeran",3361800,https://open.spotify.com/track/2RttW7RAu5nOAfq6YFvApB
192,"Go Flex","Post Malone",3353929,https://open.spotify.com/track/5yuShbu70mtHXY0yLzCQLQ
193,"do re mi",blackbear,3331301,https://open.spotify.com/track/3Q3myFA7q4Op95DOpHplaY
194,Mercy,"Shawn Mendes",3329902,https://open.spotify.com/track/4TZy1wLyHec06pwgFYDh1a
195,"Feelings Mutual","Lil Uzi Vert",3323082,https://open.spotify.com/track/5Y3Tj0wJhKAaPbwWxXxZGS
196,T-Shirt,Migos,3307313,https://open.spotify.com/track/7KOlJ92bu51cltsD9KU5I7
197,"No Complaints","Metro Boomin",3284972,https://open.spotify.com/track/6kig1UFggPUyZBCvXD3Wod
198,"Cold Water (feat. Justin Bieber & MØ)","Major Lazer",3280427,https://open.spotify.com/track/6DNtNfH8hXkqOX1sjqmI7p
199,"Walk On Water","Thirty Seconds To Mars",3278983,https://open.spotify.com/track/4U9arGcc4ATa7shChhLQP0
200,"The Explanation",XXXTENTACION,3275927,https://open.spotify.com/track/0VJYhKhrHgJ7fgjGaC2k07
