,,,"Note that these figures are generated using a formula that protects against any artificial inflation of chart positions.",
Position,"Track Name",Artist,Streams,URL
1,"Shape of You","Ed Sheeran",51475833,https://open.spotify.com/track/7qiZfU4dY1lWllzX7mPBI3
2,"Something Just Like This","The Chainsmokers",32715950,https://open.spotify.com/track/6RUKPb4LETWmmr3iAEQktW
3,"It Ain't Me (with Selena Gomez)",Kygo,31493823,https://open.spotify.com/track/3eR23VReFzcdmS7TYCrhCe
4,"I Don’t Wanna Live Forever (Fifty Shades Darker) - From ""Fifty Shades Darker (Original Motion Picture Soundtrack)""",ZAYN,27627403,https://open.spotify.com/track/3NdDpSvN911VPGivFlV5d0
5,Paris,"The Chainsmokers",25969409,https://open.spotify.com/track/72jbDTw1piOOj770jWNeaG
6,"Despacito (Featuring Daddy Yankee)","Luis Fonsi",25398032,https://open.spotify.com/track/4aWmUDTfIPGksMNLV2rQP2
7,"Scared to Be Lonely","Martin Garrix",22318038,https://open.spotify.com/track/3ebXMykcMXOcLeJ9xZ17XH
8,"Chained To The Rhythm","Katy Perry",21524699,https://open.spotify.com/track/6520aj0B4FSKGVuKNsOCOi
9,Issues,"Julia Michaels",18563358,https://open.spotify.com/track/1sXUWdKx03aP9Gmzft58rt
10,"Rockabye (feat. Sean Paul & Anne-Marie)","Clean Bandit",18359233,https://open.spotify.com/track/5knuzwU65gJK7IF5yJsuaW
11,"Castle on the Hill","Ed Sheeran",18143849,https://open.spotify.com/track/6PCUP3dWmTjcTtXY02oFdT
12,"I Feel It Coming","The Weeknd",16949838,https://open.spotify.com/track/5GXAXm5YOmYT0kL5jHvYBt
13,"Say You Won't Let Go","James Arthur",16184356,https://open.spotify.com/track/5uCax9HTNlzGybIStD3vDh
14,"That's What I Like","Bruno Mars",15755977,https://open.spotify.com/track/0KKkJNfGyhkQ5aFogxQAPU
15,Closer,"The Chainsmokers",15728756,https://open.spotify.com/track/7BKLCZ1jbUBVqRi2FVlTVw
16,"Call On Me - Ryan Riback Extended Remix",Starley,15403999,https://open.spotify.com/track/78rIJddV4X0HkNAInEcYde
17,"Slide (feat. Frank Ocean & Migos)","Calvin Harris",15378889,https://open.spotify.com/track/7tr2za8SQg2CI8EDgrdtNl
18,Starboy,"The Weeknd",15325149,https://open.spotify.com/track/5aAx2yezTd8zXrkmtKl66Z
19,Believer,"Imagine Dragons",15020341,https://open.spotify.com/track/0CcQNd8CINkwQfe1RDtGV6
20,Cold,"Maroon 5",14339035,https://open.spotify.com/track/5NNlUMcOEOdoOIwwaWXv0k
21,"Bad and Boujee (feat. Lil Uzi Vert)",Migos,14288122,https://open.spotify.com/track/4Km5HrUvYTaSUfiSGPJeQR
22,"Stay (with Alessia Cara)",Zedd,14217182,https://open.spotify.com/track/0dA2Mk56wEzDgegdC6R17g
23,"Run Up (feat. PARTYNEXTDOOR & Nicki Minaj)","Major Lazer",13568414,https://open.spotify.com/track/0fg8CqpjdojMyXLNzM2PaJ
24,"How Far I'll Go - From ""Moana""","Alessia Cara",13331214,https://open.spotify.com/track/5hYTyyh2odQKphUbMqc5gN
25,"iSpy (feat. Lil Yachty)",KYLE,12998940,https://open.spotify.com/track/2EEeOnHehOozLq4aS0n6SL
26,"Chantaje (feat. Maluma)",Shakira,12891767,https://open.spotify.com/track/6mICuAdrwEjh6Y6lroV2Kg
27,"Just Hold On","Steve Aoki",12120159,https://open.spotify.com/track/3EmmCZoqpWOTY1g2GBwJoR
28,"Solo Dance","Martin Jensen",11698621,https://open.spotify.com/track/6HUnnBwYZqcED1eQztxMBN
29,"Bad Things (with Camila Cabello)","Machine Gun Kelly",11695774,https://open.spotify.com/track/1PSBzsahR2AKwLJgx8ehBj
30,Weak,AJR,11594791,https://open.spotify.com/track/3E2Zh20GDCR9B1EYjfXWyv
31,"All Time Low","Jon Bellion",11149076,https://open.spotify.com/track/1CnPYaKxTVb4LWOtiGOm0m
32,"Let Me Love You","DJ Snake",11072115,https://open.spotify.com/track/4pdPtRcBmOSQDlJ3Fk945m
33,"All Night","The Vamps",11033362,https://open.spotify.com/track/1yNyoWWWikbLhwIGWjZuDW
34,"Bounce Back","Big Sean",10924357,https://open.spotify.com/track/0SGkqnVQo9KPytSri1H6cF
35,"Fake Love",Drake,10826395,https://open.spotify.com/track/343YBumqHu19cGoGARUTsd
36,"Don't Wanna Know","Maroon 5",10796223,https://open.spotify.com/track/5MFzQMkrl1FOOng9tq6R9r
37,"El Amante","Nicky Jam",10517091,https://open.spotify.com/track/3umS4y3uQDkqekNjVpiRUs
38,"24K Magic","Bruno Mars",10481301,https://open.spotify.com/track/6b8Be6ljOzmkOmFslEb23P
39,Congratulations,"Post Malone",9885283,https://open.spotify.com/track/3a1lNhkSLSkpJE4MSHpDu9
40,"One Dance",Drake,9616220,https://open.spotify.com/track/1xznGGDReH1oQq0xzbwXa3
41,"Reggaetón Lento (Bailemos)",CNCO,9517082,https://open.spotify.com/track/3AEZUABDXNtecAOSC1qTfo
42,"Shed a Light","Robin Schulz",9474820,https://open.spotify.com/track/1cG0umU5TKStygKsPFZ9pY
43,"Don't Leave",Snakehips,9225509,https://open.spotify.com/track/0Zx8khUcEfCFK2AEoIhC92
44,"You Don't Know Me - Radio Edit","Jax Jones",8780729,https://open.spotify.com/track/00lNx0OcTJrS3MKHcB80HY
45,"Hear Me Now",Alok,8669730,https://open.spotify.com/track/1a5Yu5L18qNxVhXx38njON
46,"Cold Water (feat. Justin Bieber & MØ)","Major Lazer",8460225,https://open.spotify.com/track/6DNtNfH8hXkqOX1sjqmI7p
47,"In the Name of Love","Martin Garrix",8359303,https://open.spotify.com/track/04DwTuZ2VBdJCCC5TROn7L
48,"Now and Later","Sage The Gemini",8220462,https://open.spotify.com/track/43jBqV3j3Xi1g6wO0bhIMd
49,"Tunnel Vision","Kodak Black",8019860,https://open.spotify.com/track/4Q3N4Ct4zCuIHuZ65E3BD4
50,"Side To Side","Ariana Grande",7776872,https://open.spotify.com/track/4pLwZjInHj3SimIyN9SnOz
51,"Mask Off",Future,7724992,https://open.spotify.com/track/3rOSwuTsUlJp0Pu0MkN8r8
52,Love,"Lana Del Rey",7576131,https://open.spotify.com/track/0n2bvWvMwr0gbjcuTm92eW
53,T-Shirt,Migos,7487213,https://open.spotify.com/track/7KOlJ92bu51cltsD9KU5I7
54,"How Would You Feel (Paean)","Ed Sheeran",7317528,https://open.spotify.com/track/6PJ8FF6UR8FZXfEvpHkIVN
55,"I Got You","Bebe Rexha",6963289,https://open.spotify.com/track/1FUViuNSldssMIawrOXF2i
56,"Otra vez (feat. J Balvin)","Zion & Lennox",6955288,https://open.spotify.com/track/3QwBODjSEzelZyVjxPOHdq
57,"Sunset Lover","Petit Biscuit",6884603,https://open.spotify.com/track/0hNduWmlWmEmuwEFcYvRu1
58,"SUBEME LA RADIO","Enrique Iglesias",6806240,https://open.spotify.com/track/7nKBxz47S9SD79N086fuhn
59,"Black Beatles","Rae Sremmurd",6805865,https://open.spotify.com/track/6fujklziTHa8uoM5OQSfIo
60,Starving,"Hailee Steinfeld",6729767,https://open.spotify.com/track/1qOLh0tI7trd1zdDKxYZTe
61,"My Way","Calvin Harris",6725989,https://open.spotify.com/track/1vvNmPOiUuyCbgWmtc6yfm
62,"Water Under the Bridge",Adele,6459997,https://open.spotify.com/track/4vb4mFvYsr2h6enhjJsq9Y
63,"Body Like A Back Road","Sam Hunt",6364935,https://open.spotify.com/track/7mldq42yDuxiUNn08nvzHO
64,"I Would Like","Zara Larsson",6293696,https://open.spotify.com/track/4Q4jmPHwu0wrJvqrld0FQ6
65,Human,"Rag'n'Bone Man",6256929,https://open.spotify.com/track/58zsLZPvfflaiIbNWoA22O
66,"Comin Out Strong (feat. The Weeknd)",Future,6205335,https://open.spotify.com/track/3mRcWCyteY2133a7xVMrYw
67,Safari,"J Balvin",6192431,https://open.spotify.com/track/6rQSrBHf7HlZjtcMZ4S4bO
68,Alone,"Alan Walker",6132485,https://open.spotify.com/track/0JiVRyTJcJnmlwCZ854K4p
69,"CAN'T STOP THE FEELING! (Original Song from DreamWorks Animation's ""TROLLS"")","Justin Timberlake",6111333,https://open.spotify.com/track/6JV2JOEocMgcZxYSZelKcc
70,"Selfish (feat. Rihanna)",Future,6043804,https://open.spotify.com/track/2Ce5IyMlVRVvN997ZJjJJA
71,Swang,"Rae Sremmurd",5998074,https://open.spotify.com/track/6mapJIPnQ23RTAevUoE0DL
72,"It's Gotta Be You",Isaiah,5939137,https://open.spotify.com/track/6cAKeFFYW2aClZSUyvqAEW
73,Touch,"Little Mix",5788383,https://open.spotify.com/track/5Ua3GXyHwiSfpNTMjq6m2z
74,Heathens,"Twenty One Pilots",5756220,https://open.spotify.com/track/6i0V12jOa3mr6uu4WYhUBr
75,Mercy,"Shawn Mendes",5742455,https://open.spotify.com/track/4TZy1wLyHec06pwgFYDh1a
76,History,"Olivia Holt",5734594,https://open.spotify.com/track/0WCEaydwN65cvwaW8aqptF
77,"Don't Let Me Down","The Chainsmokers",5720206,https://open.spotify.com/track/0QsvXIfqM0zZoerQfsI9lm
78,"September Song","JP Cooper",5691666,https://open.spotify.com/track/0FuTx2s3YH1ppmtiM6l0zI
79,Caroline,Aminé,5661386,https://open.spotify.com/track/5GFDrUTLGJix84sNhjCG0g
80,"Treat You Better","Shawn Mendes",5655146,https://open.spotify.com/track/4Hf7WnR761jpxPr5D46Bcd
81,Photograph,"Ed Sheeran",5632486,https://open.spotify.com/track/6fxVffaTuwjgEk5h9QyRjy
82,"Vente Pa' Ca","Ricky Martin",5446085,https://open.spotify.com/track/7DM4BPaS7uofFul3ywMe46
83,"Party Monster","The Weeknd",5420717,https://open.spotify.com/track/4F7A0DXBrmUAkp32uenhZt
84,"All We Know","The Chainsmokers",5394209,https://open.spotify.com/track/2rizacJSyD9S1IQUxUxnsK
85,"Scars To Your Beautiful","Alessia Cara",5389575,https://open.spotify.com/track/0prNGof3XqfTvNDxHonvdK
86,"La Rompe Corazones","Daddy Yankee",5229454,https://open.spotify.com/track/4okba5wu9mMLXx79DXLKi3
87,"Me Llamas (feat. Maluma) - Remix","Piso 21",5216646,https://open.spotify.com/track/5hEM0JchdVzQ5PwvSfITeX
88,"Ay Mi Dios (feat. Pitbull, Yandel & Chacal)",IAmChino,5182271,https://open.spotify.com/track/6stYbAJgTszHAHZMPxWWCY
89,"Thinking out Loud","Ed Sheeran",5135338,https://open.spotify.com/track/1Slwb6dOYkBlWal1PGtnNg
90,Vacaciones,Wisin,5126841,https://open.spotify.com/track/3dQDid3IUNhZy1OehIfYfE
91,"Love On The Brain",Rihanna,5115339,https://open.spotify.com/track/2aksifNn5ph8igDOkPBA02
92,"Sola (Remix) [feat. Daddy Yankee, Wisin, Farruko, Zion & Lennox]","Anuel AA",5016836,https://open.spotify.com/track/5q2JbCNi4FcnglgPfxcV65
93,"Broccoli (feat. Lil Yachty)",DRAM,4966505,https://open.spotify.com/track/7yyRTcZmCiyzzJlNzGC9Ol
94,Moves,"Big Sean",4935843,https://open.spotify.com/track/0Fv5N0cHBsl4bzCbollCAS
95,Skin,"Rag'n'Bone Man",4873364,https://open.spotify.com/track/6y2Kaz9QI01XBKJ8mTb7Pf
96,"I Took A Pill In Ibiza - Seeb Remix","Mike Posner",4848437,https://open.spotify.com/track/17Fd6Yb7mSbinKG8LoWfFl
97,"By Your Side","Jonas Blue",4840250,https://open.spotify.com/track/1D3ODoXHBLpdxolZRHWV1j
98,"Love Me Now","John Legend",4812995,https://open.spotify.com/track/6nxQdXa1uAL0rY72wPZu89
99,"Romantic - NOTD Remix",Stanaj,4808242,https://open.spotify.com/track/3SGWp9fJCzgK0WcpcKSQdy
100,"Make Me (Cry)","Noah Cyrus",4796584,https://open.spotify.com/track/2BrzlUj1u1CtvaJDGIKpsP
101,"We Don't Talk Anymore","Charlie Puth",4788967,https://open.spotify.com/track/68EMU2RD1ECNeOeJ5qAXCV
102,Redbone,"Childish Gambino",4775966,https://open.spotify.com/track/3kxfsdsCpFgN412fpnW85Y
103,"The Other",Lauv,4716774,https://open.spotify.com/track/1lntL1cI2UIWlxjL5QiN8g
104,"Versace on the Floor","Bruno Mars",4695073,https://open.spotify.com/track/0kN8xEmgMW9mh7UmDYHlJP
105,"Cake - Challenge Version","Flo Rida",4687790,https://open.spotify.com/track/6t2ubAB4iSYOuIpRAOGd4t
106,"Sooner Or Later","Aaron Carter",4627867,https://open.spotify.com/track/6wV12xIUb8oFY7lBy4KuQe
107,"Stressed Out","Twenty One Pilots",4626638,https://open.spotify.com/track/3CRDbSIZ4r5MsZ0YwxuEkn
108,"Me Rehúso","Danny Ocean",4614116,https://open.spotify.com/track/6De0lHrwBfPfrhorm9q1Xl
109,"Oceans Away","A R I Z O N A",4585951,https://open.spotify.com/track/6A8dnC0xkiuWN4BshmTB2I
110,Ride,"Twenty One Pilots",4557612,https://open.spotify.com/track/2Z8WuEywRWYTKe1NybPQEW
111,goosebumps,"Travis Scott",4511859,https://open.spotify.com/track/6gBFPUFcJLzWGx4lenP6h2
112,"No Lie","Sean Paul",4439705,https://open.spotify.com/track/3cFsmM51N5zMAuu1nNY4Tw
113,"Some Kind Of Drug",G-Eazy,4434805,https://open.spotify.com/track/1Bqxj0aH5KewYHKUg1IdrF
114,"Be the One","Dua Lipa",4393148,https://open.spotify.com/track/7FCfMXYTIiQ9b4hDYs4Iol
115,Faded,"Alan Walker",4371364,https://open.spotify.com/track/7gHs73wELdeycvS48JfIos
116,"No Problem (feat. Lil Wayne & 2 Chainz)","Chance the Rapper",4364720,https://open.spotify.com/track/0v9Wz8o0BT8DU38R4ddjeH
117,"Perfect Strangers","Jonas Blue",4350701,https://open.spotify.com/track/1CUVN2kn7mW5FjkqXTR2W1
118,"Cheap Thrills",Sia,4299672,https://open.spotify.com/track/27SdWb2rFzO6GWiYDBTD9j
119,"The Greatest",Sia,4294373,https://open.spotify.com/track/7xHWNBFm6ObGEQPaUxHuKO
120,Down,"Marian Hill",4217149,https://open.spotify.com/track/2dqLk7ezV15LEJEwUmEbXB
121,Sexual,NEIKED,4205051,https://open.spotify.com/track/3AsAuGTaDQzavZZThyYlop
122,"Shooting Stars","Bag Raiders",4197586,https://open.spotify.com/track/0UeYCHOETPfai02uskjJ3x
123,"Love Yourself","Justin Bieber",4192949,https://open.spotify.com/track/3hB5DgAiMAQ4DzYbsMq1IT
124,"This Is What You Came For","Calvin Harris",4184231,https://open.spotify.com/track/0azC730Exh71aQlOt9Zj3y
125,"La Bicicleta","Carlos Vives",4169708,https://open.spotify.com/track/0sXvAOmXgjR2QUqLK1MltU
126,"Million Reasons","Lady Gaga",4164623,https://open.spotify.com/track/50PWlIBU7PlGGwzgN8TiFJ
127,"Dile Que Tu Me Quieres",Ozuna,4159072,https://open.spotify.com/track/20ZAJdsKB5IGbGj4ilRt2o
128,"X (feat. Future)","21 Savage",4150253,https://open.spotify.com/track/6fwdbPMwP1zVStm8FybmkO
129,"Big For Your Boots",Stormzy,4145970,https://open.spotify.com/track/3uMB82o0qa7erhiZBW9KQC
130,"Swalla (feat. Nicki Minaj & Ty Dolla $ign)","Jason Derulo",4140498,https://open.spotify.com/track/6kex4EBAj0WHXDKZMEJaaF
131,Panda,Desiigner,4108999,https://open.spotify.com/track/5OOkp4U9P9oL23maHFHL1h
132,"No Heart","21 Savage",4091816,https://open.spotify.com/track/4gmmRb6bZJffOOiww1JGTO
133,"Work from Home (feat. Ty Dolla $ign)","Fifth Harmony",4059183,https://open.spotify.com/track/4tCtwWceOPWzenK2HAIJSb
134,"Gyal You A Party Animal - Remix","Charly Black",4057410,https://open.spotify.com/track/1AkTW13ysu0AJrwuM6UY0I
135,Traicionera,"Sebastian Yatra",4043133,https://open.spotify.com/track/5J1c3M4EldCfNxXwrwt8mT
136,Sorry,"Justin Bieber",4019660,https://open.spotify.com/track/69bp2EbF7Q2rqc5N3ylezZ
137,"Too Good",Drake,4007446,https://open.spotify.com/track/11KJSRSgaDxqydKYiD2Jew
138,Reminder,"The Weeknd",3951488,https://open.spotify.com/track/37F0uwRSrdzkBiuj0D5UHI
139,"Lot to Learn","Luke Christopher",3944495,https://open.spotify.com/track/3TRFq09DUgYj1mug6RRqJW
140,Tuesday,"Burak Yeter",3896328,https://open.spotify.com/track/7abpmGpF7PGep2rDU68GBR
141,"Sucker For Pain (with Wiz Khalifa, Imagine Dragons, Logic & Ty Dolla $ign feat. X Ambassadors)","Lil Wayne",3849332,https://open.spotify.com/track/4dASQiO1Eoo3RJvt74FtXB
142,"Helium - From ""Fifty Shades Darker (Original Motion Picture Soundtrack)""",Sia,3832644,https://open.spotify.com/track/5fc6rQgAKiLutfUYWQ6QnJ
143,"Deja Vu","J. Cole",3831847,https://open.spotify.com/track/6I6NX6tjGsxFAsIfGzY9lJ
144,"Te Quiero Pa´Mi","Don Omar",3815103,https://open.spotify.com/track/3BY2mafsbsoKGqS380Xnuz
145,"i hate u, i love u (feat. olivia o'brien)",gnash,3807381,https://open.spotify.com/track/7vRriwrloYVaoAe3a9wJHe
146,"Both (feat. Drake)","Gucci Mane",3801432,https://open.spotify.com/track/5tFep7dXGd7vEJ668wTPux
147,"City Of Stars - From ""La La Land"" Soundtrack","Ryan Gosling",3757213,https://open.spotify.com/track/0LtVx5vsq9nfpGsWgjUin6
148,Location,Khalid,3721007,https://open.spotify.com/track/152lZdxL1OR0ZMW6KquMif
149,Capsize,FRENSHIP,3705259,https://open.spotify.com/track/2XMTqoHHSH0lvuXrvIEdco
150,"No Favors","Big Sean",3688569,https://open.spotify.com/track/1MksGqIztTT6M9R1ErKVs8
151,"Fresh Eyes","Andy Grammer",3634998,https://open.spotify.com/track/4nMlau89VAjmV7agkl7OY3
152,"Heavy (feat. Kiiara)","Linkin Park",3617276,https://open.spotify.com/track/104buTcnP2AsxqB7U1FIZ4
153,"7 Years","Lukas Graham",3566255,https://open.spotify.com/track/7129iqBafaphfc3WPCGC0L
154,"Andas En Mi Cabeza","Chino & Nacho",3519519,https://open.spotify.com/track/5mey7CLLuFToM2P68Qu1gF
155,"This Girl (Kungs Vs. Cookin' On 3 Burners) - Kungs Vs. Cookin' On 3 Burners",Kungs,3517503,https://open.spotify.com/track/0tICYNayWWhH9GPeFrfjfD
156,Controlla,Drake,3515353,https://open.spotify.com/track/6F609ICg9Spjrw1epsAnpa
157,Work,Rihanna,3509780,https://open.spotify.com/track/14WWzenpaEgQZlqPq2nk4v
158,"Needed Me",Rihanna,3428115,https://open.spotify.com/track/1Tt4sE4pXi57mTD1GCzsqm
159,"Shout Out to My Ex","Little Mix",3419167,https://open.spotify.com/track/0YHUITU3w6ws1v8ehT264g
160,Sneakin’,Drake,3404881,https://open.spotify.com/track/4ckuS4Nj4FZ7i3Def3Br8W
161,"Lose Yourself - From ""8 Mile"" Soundtrack",Eminem,3362734,https://open.spotify.com/track/5Z01UMMf7V1o0MzF86s6WJ
162,"Cake By The Ocean",DNCE,3360895,https://open.spotify.com/track/2aFiaMXmWsM3Vj72F9ksBl
163,"I Love You","Axwell /\ Ingrosso",3351269,https://open.spotify.com/track/11Fo4dAH31K7UZHGqCkCmE
164,"Shaky Shaky","Daddy Yankee",3336222,https://open.spotify.com/track/58IL315gMSTD37DOZPJ2hf
165,"Chill Bill (feat. J. Davi$ & Spooks)","Rob $tone",3297363,https://open.spotify.com/track/5uDASfU19gDxSjW8cnCaBp
166,"Send My Love (To Your New Lover)",Adele,3294836,https://open.spotify.com/track/4BHzQ9C00ceJxfG16AlNWb
167,Hello,Adele,3281190,https://open.spotify.com/track/4sPmO7WMQUAf45kwMOtONw
168,"The Mack",Nevada,3268770,https://open.spotify.com/track/7aV2mflaASUmGhCErm7kBO
169,"Into You","Ariana Grande",3263863,https://open.spotify.com/track/7yHEDfrJNd0zWOfXwydNH0
170,"Lean On (feat. MØ & DJ Snake)","Major Lazer",3263073,https://open.spotify.com/track/4WjH9Bzt3kx7z8kl0awxh4
171,"Low Life",Future,3261211,https://open.spotify.com/track/7EiZI6JVHllARrX9PUvAdX
172,Thumbs,"Sabrina Carpenter",3249099,https://open.spotify.com/track/3UjJP4ludb74a29P5EHEIo
173,"DUELE EL CORAZON","Enrique Iglesias",3243026,https://open.spotify.com/track/6YZdkObH88npeKrrkb8Ggf
174,"Shape of You (feat. Nyla & Kranium) - Major Lazer Remix","Ed Sheeran",3223687,https://open.spotify.com/track/1KqvRRQd3lfM0pAlkGPrgD
175,"Let It Go","James Bay",3218630,https://open.spotify.com/track/13HVjjWUZFaWilh2QUJKsP
176,"pick up the phone","Young Thug",3217922,https://open.spotify.com/track/20dP2DaMHIAmwWAbp7peSr
177,"Some Way",NAV,3215289,https://open.spotify.com/track/7zxRMhXxJMQCeDDg0rKAVo
178,"White Iverson","Post Malone",3176659,https://open.spotify.com/track/6eT7xZZlB2mwyzJ2sUKG6w
179,"This Town","Niall Horan",3171710,https://open.spotify.com/track/5nA67Y0XX9JipZwYxX7Gl7
180,"Light It Up (feat. Nyla & Fuse ODG) - Remix","Major Lazer",3159236,https://open.spotify.com/track/0L7loeTIg6akW84aEQZpCT
181,"Chillax (feat. Ky-Mani Marley)",Farruko,3143355,https://open.spotify.com/track/1lxswgIpzV6HhENRvkflES
182,PILLOWTALK,ZAYN,3113208,https://open.spotify.com/track/0PDUDa38GO8lMxLCRc4lL1
183,"Borro Cassette",Maluma,3108989,https://open.spotify.com/track/6DUdDIRgLqCGq1DwkNWQTN
184,"Rent Money",Future,3103670,https://open.spotify.com/track/4Zxdw0Hno7YDu0IzvY76Qo
185,"Slippery (feat. Gucci Mane)",Migos,3089477,https://open.spotify.com/track/6p8NuHm8uCGnn2Dtbtf7zE
186,"Lighthouse - Andrelli Remix","Hearts & Colors",3077502,https://open.spotify.com/track/04CttTezSnv71USiiG9mIo
187,"No Role Modelz","J. Cole",3076047,https://open.spotify.com/track/62vpWI1CHwFy7tMIcSStl8
188,"Not Going Home",DVBBS,3073872,https://open.spotify.com/track/042x9bsUBWW2fJgJ6fUh61
189,"Hymn for the Weekend - Seeb Remix",Coldplay,3053328,https://open.spotify.com/track/1OAiWI2oPmglaOiv9fdioU
190,"Shape of You - Stormzy Remix","Ed Sheeran",3047032,https://open.spotify.com/track/2NHSYwGkAvPHzCinY0KwXo
191,"Bom Bidi Bom - From ""Fifty Shades Darker (Original Motion Picture Soundtrack)""","Nick Jonas",3035635,https://open.spotify.com/track/4nDfc6F2uVcc6wdG7kBzWO
192,"Let Her Go",Passenger,3022515,https://open.spotify.com/track/2jyjhRf6DVbMPU5zxagN2h
193,Stitches,"Shawn Mendes",3014398,https://open.spotify.com/track/1WP1r7fuvRqZRnUaTi2I1Q
194,"Steady 1234 (feat. Jasmine Thompson & Skizzy Mars)",Vice,2997751,https://open.spotify.com/track/40UroIGvsMPLPBYwH8rMNA
195,"Lush Life","Zara Larsson",2986095,https://open.spotify.com/track/1rIKgCH4H52lrvDcz50hS8
196,"Final Song",MØ,2985261,https://open.spotify.com/track/4qqArAiTPueDxIp7cf87h7
197,"All of Me","John Legend",2982255,https://open.spotify.com/track/2q6tgiA9tpb6DMguABwCWE
198,"'Till I Collapse",Eminem,2977408,https://open.spotify.com/track/6yr8GiTHWvFfi4o6Q5ebdT
199,"Lights Down Low",MAX,2977306,https://open.spotify.com/track/1sYSP7gKa5kdKIfhANfori
200,"Way Down We Go",KALEO,2969272,https://open.spotify.com/track/0y1QJc3SJVPKJ1OvFmFqe6
