,,,"Note that these figures are generated using a formula that protects against any artificial inflation of chart positions.",
Position,"Track Name",Artist,Streams,URL
1,"Shape of You","Ed Sheeran",51372566,https://open.spotify.com/track/7qiZfU4dY1lWllzX7mPBI3
2,"It Ain't Me (with Selena Gomez)",Kygo,28734199,https://open.spotify.com/track/3eR23VReFzcdmS7TYCrhCe
3,"Something Just Like This","The Chainsmokers",27444916,https://open.spotify.com/track/6RUKPb4LETWmmr3iAEQktW
4,Passionfruit,Drake,26728771,https://open.spotify.com/track/7hDc8b7IXETo14hHIHdnhd
5,"Galway Girl","Ed Sheeran",26546030,https://open.spotify.com/track/0afhq8XCExXpqazXczTSve
6,"Despacito (Featuring Daddy Yankee)","Luis Fonsi",23605894,https://open.spotify.com/track/4aWmUDTfIPGksMNLV2rQP2
7,"Stay (with Alessia Cara)",Zedd,21693164,https://open.spotify.com/track/0dA2Mk56wEzDgegdC6R17g
8,"That's What I Like","Bruno Mars",21530284,https://open.spotify.com/track/0KKkJNfGyhkQ5aFogxQAPU
9,"I Don’t Wanna Live Forever (Fifty Shades Darker) - From ""Fifty Shades Darker (Original Motion Picture Soundtrack)""",ZAYN,21451672,https://open.spotify.com/track/3NdDpSvN911VPGivFlV5d0
10,Paris,"The Chainsmokers",20745667,https://open.spotify.com/track/72jbDTw1piOOj770jWNeaG
11,"Castle on the Hill","Ed Sheeran",19717930,https://open.spotify.com/track/6PCUP3dWmTjcTtXY02oFdT
12,"Scared to Be Lonely","Martin Garrix",18500490,https://open.spotify.com/track/3ebXMykcMXOcLeJ9xZ17XH
13,Portland,Drake,18483188,https://open.spotify.com/track/2bjwRfXMk4uRgOD9IBYl9h
14,Issues,"Julia Michaels",18057959,https://open.spotify.com/track/1sXUWdKx03aP9Gmzft58rt
15,"Mask Off",Future,17391331,https://open.spotify.com/track/3rOSwuTsUlJp0Pu0MkN8r8
16,"Free Smoke",Drake,17122268,https://open.spotify.com/track/05KOgYg8PGeJyyWBPi5ja8
17,"Slide (feat. Frank Ocean & Migos)","Calvin Harris",16838001,https://open.spotify.com/track/7tr2za8SQg2CI8EDgrdtNl
18,"Chained To The Rhythm","Katy Perry",16687455,https://open.spotify.com/track/6520aj0B4FSKGVuKNsOCOi
19,Blem,Drake,15863243,https://open.spotify.com/track/2XlHu0HcujBCkWMdIAvrqt
20,"I Feel It Coming","The Weeknd",15337987,https://open.spotify.com/track/5GXAXm5YOmYT0kL5jHvYBt
21,"Rockabye (feat. Sean Paul & Anne-Marie)","Clean Bandit",15210163,https://open.spotify.com/track/5knuzwU65gJK7IF5yJsuaW
22,Cold,"Maroon 5",15052369,https://open.spotify.com/track/5NNlUMcOEOdoOIwwaWXv0k
23,Gyalchester,Drake,15030117,https://open.spotify.com/track/6UjfByV1lDLW0SOVQA4NAi
24,Perfect,"Ed Sheeran",14969127,https://open.spotify.com/track/0tgVpDi06FyKpA1z0VMD4v
25,Believer,"Imagine Dragons",14914376,https://open.spotify.com/track/0CcQNd8CINkwQfe1RDtGV6
26,"Fake Love",Drake,14769259,https://open.spotify.com/track/343YBumqHu19cGoGARUTsd
27,"No Long Talk",Drake,14713218,https://open.spotify.com/track/6CfrYuD3YRDYdYvH9jNtXY
28,"Get It Together",Drake,14469397,https://open.spotify.com/track/7y6c07pgjZvtHI9kuMVqk1
29,Happier,"Ed Sheeran",13928959,https://open.spotify.com/track/2RttW7RAu5nOAfq6YFvApB
30,"Say You Won't Let Go","James Arthur",13741599,https://open.spotify.com/track/5uCax9HTNlzGybIStD3vDh
31,"You Don't Know Me - Radio Edit","Jax Jones",13526995,https://open.spotify.com/track/00lNx0OcTJrS3MKHcB80HY
32,"Call On Me - Ryan Riback Extended Remix",Starley,13219071,https://open.spotify.com/track/78rIJddV4X0HkNAInEcYde
33,"iSpy (feat. Lil Yachty)",KYLE,13201752,https://open.spotify.com/track/2EEeOnHehOozLq4aS0n6SL
34,"Madiba Riddim",Drake,13138405,https://open.spotify.com/track/76gUmNLXGQVOsGhfcshkFP
35,Sacrifices,Drake,12831961,https://open.spotify.com/track/0xl1w2q4VLojeXp4JfazPL
36,"Teenage Fever",Drake,12809756,https://open.spotify.com/track/6n3HGiq4v35D6eFOSwqYuo
37,KMT,Drake,12768627,https://open.spotify.com/track/2jTujnt0y344ai1rNOywgr
38,"Jorja Interlude",Drake,12685902,https://open.spotify.com/track/13e6f8t7RKXuxZ0JdaaJRG
39,"Green Light",Lorde,12608630,https://open.spotify.com/track/0gbBzIqrECJOEPvQJIBFs5
40,Closer,"The Chainsmokers",12542691,https://open.spotify.com/track/7BKLCZ1jbUBVqRi2FVlTVw
41,4422,Drake,12436045,https://open.spotify.com/track/2fkeWbM6iqTw7oGHTYm2lw
42,Dive,"Ed Sheeran",12240733,https://open.spotify.com/track/51ChrwmUPDJvedPQnIU8Ls
43,Starboy,"The Weeknd",11759643,https://open.spotify.com/track/5aAx2yezTd8zXrkmtKl66Z
44,"How Far I'll Go - From ""Moana""","Alessia Cara",11593343,https://open.spotify.com/track/5hYTyyh2odQKphUbMqc5gN
45,"Run Up (feat. PARTYNEXTDOOR & Nicki Minaj)","Major Lazer",11071533,https://open.spotify.com/track/0fg8CqpjdojMyXLNzM2PaJ
46,"Solo Dance","Martin Jensen",10869423,https://open.spotify.com/track/6HUnnBwYZqcED1eQztxMBN
47,"Symphony (feat. Zara Larsson)","Clean Bandit",10852755,https://open.spotify.com/track/1x5sYLZiu9r5E43kMlt9f8
48,"New Man","Ed Sheeran",10843386,https://open.spotify.com/track/5HDPtsnyb3maFmPL8LLUTG
49,"SUBEME LA RADIO","Enrique Iglesias",10504047,https://open.spotify.com/track/7nKBxz47S9SD79N086fuhn
50,"Chantaje (feat. Maluma)",Shakira,10500249,https://open.spotify.com/track/6mICuAdrwEjh6Y6lroV2Kg
51,"Skepta Interlude",Drake,10296945,https://open.spotify.com/track/2dfqS3MRtbLZSZA1IL8xY5
52,"What Do I Know?","Ed Sheeran",10177469,https://open.spotify.com/track/2pJZ1v8HezrAoZ0Fhzby92
53,Glow,Drake,10145265,https://open.spotify.com/track/28irpKCCK9nn9DZSik2zEx
54,"Bad and Boujee (feat. Lil Uzi Vert)",Migos,10124937,https://open.spotify.com/track/4Km5HrUvYTaSUfiSGPJeQR
55,Congratulations,"Post Malone",9901027,https://open.spotify.com/track/3a1lNhkSLSkpJE4MSHpDu9
56,Weak,AJR,9845782,https://open.spotify.com/track/3E2Zh20GDCR9B1EYjfXWyv
57,"El Amante","Nicky Jam",9712097,https://open.spotify.com/track/3umS4y3uQDkqekNjVpiRUs
58,"Can't Have Everything",Drake,9681885,https://open.spotify.com/track/5f5r2N4Lp9WoULWPH9zp2W
59,"Nothings Into Somethings",Drake,9673382,https://open.spotify.com/track/6MbH1QiphMCPTqVEVC7UYi
60,"All Time Low","Jon Bellion",9617102,https://open.spotify.com/track/1CnPYaKxTVb4LWOtiGOm0m
61,"Lose You",Drake,9612795,https://open.spotify.com/track/2Na0z2gfN67Rzf0vp74Wi3
62,"Do Not Disturb",Drake,9604297,https://open.spotify.com/track/2KvHC9z14GSl4YpkNMX384
63,"All Night","The Vamps",9549116,https://open.spotify.com/track/1yNyoWWWikbLhwIGWjZuDW
64,"Tunnel Vision","Kodak Black",9329317,https://open.spotify.com/track/4Q3N4Ct4zCuIHuZ65E3BD4
65,"Bounce Back","Big Sean",8959574,https://open.spotify.com/track/0SGkqnVQo9KPytSri1H6cF
66,"Ice Melts",Drake,8863164,https://open.spotify.com/track/7bJ4mu7MHa3rHiNyKjOoSl
67,"Let Me Love You","DJ Snake",8773002,https://open.spotify.com/track/4pdPtRcBmOSQDlJ3Fk945m
68,"Supermarket Flowers","Ed Sheeran",8691906,https://open.spotify.com/track/4VuS959DSpr82t3qBqCrWG
69,Barcelona,"Ed Sheeran",8657205,https://open.spotify.com/track/3Lfiu5sZ4M4B6JaKMBc0FU
70,"Swalla (feat. Nicki Minaj & Ty Dolla $ign)","Jason Derulo",8644988,https://open.spotify.com/track/6kex4EBAj0WHXDKZMEJaaF
71,"Since Way Back",Drake,8496526,https://open.spotify.com/track/5JUu0unA8VwhTZ9LkMWUVI
72,"One Dance",Drake,8484794,https://open.spotify.com/track/1xznGGDReH1oQq0xzbwXa3
73,"How Would You Feel (Paean)","Ed Sheeran",8314260,https://open.spotify.com/track/6PJ8FF6UR8FZXfEvpHkIVN
74,"Just Hold On","Steve Aoki",8224369,https://open.spotify.com/track/3EmmCZoqpWOTY1g2GBwJoR
75,"Selfish (feat. Rihanna)",Future,8184464,https://open.spotify.com/track/2Ce5IyMlVRVvN997ZJjJJA
76,"24K Magic","Bruno Mars",8182234,https://open.spotify.com/track/6b8Be6ljOzmkOmFslEb23P
77,"Me Rehúso","Danny Ocean",8132765,https://open.spotify.com/track/6De0lHrwBfPfrhorm9q1Xl
78,Location,Khalid,8029777,https://open.spotify.com/track/152lZdxL1OR0ZMW6KquMif
79,"September Song","JP Cooper",8013542,https://open.spotify.com/track/0FuTx2s3YH1ppmtiM6l0zI
80,"Nancy Mulligan","Ed Sheeran",7676073,https://open.spotify.com/track/35QZaWQRkmnAVqBF1TLCxQ
81,"Reggaetón Lento (Bailemos)",CNCO,7647108,https://open.spotify.com/track/3AEZUABDXNtecAOSC1qTfo
82,"Don't Wanna Know","Maroon 5",7377928,https://open.spotify.com/track/5MFzQMkrl1FOOng9tq6R9r
83,T-Shirt,Migos,7152850,https://open.spotify.com/track/7KOlJ92bu51cltsD9KU5I7
84,"Hearts Don't Break Around Here","Ed Sheeran",7057694,https://open.spotify.com/track/2dfHh7ECGxfNqZTQno09Vk
85,"Don't Leave",Snakehips,6976700,https://open.spotify.com/track/0Zx8khUcEfCFK2AEoIhC92
86,Starving,"Hailee Steinfeld",6893505,https://open.spotify.com/track/1qOLh0tI7trd1zdDKxYZTe
87,"Love On The Brain",Rihanna,6840156,https://open.spotify.com/track/2aksifNn5ph8igDOkPBA02
88,Eraser,"Ed Sheeran",6656213,https://open.spotify.com/track/7oolFzHipTMg2nL7shhdz2
89,"Otra vez (feat. J Balvin)","Zion & Lennox",6621604,https://open.spotify.com/track/3QwBODjSEzelZyVjxPOHdq
90,"I Got You","Bebe Rexha",6322954,https://open.spotify.com/track/1FUViuNSldssMIawrOXF2i
91,"Hear Me Now",Alok,6110388,https://open.spotify.com/track/1a5Yu5L18qNxVhXx38njON
92,"Bibia Be Ye Ye","Ed Sheeran",6090672,https://open.spotify.com/track/6SznMYPQJHzr3IwsAHLId2
93,"Body Like A Back Road","Sam Hunt",6086409,https://open.spotify.com/track/7mldq42yDuxiUNn08nvzHO
94,"In the Name of Love","Martin Garrix",6026485,https://open.spotify.com/track/04DwTuZ2VBdJCCC5TROn7L
95,Swang,"Rae Sremmurd",5993758,https://open.spotify.com/track/6mapJIPnQ23RTAevUoE0DL
96,"Sunset Lover","Petit Biscuit",5920308,https://open.spotify.com/track/0hNduWmlWmEmuwEFcYvRu1
97,"Cold Water (feat. Justin Bieber & MØ)","Major Lazer",5906168,https://open.spotify.com/track/6DNtNfH8hXkqOX1sjqmI7p
98,"Bad Things (with Camila Cabello)","Machine Gun Kelly",5905711,https://open.spotify.com/track/1PSBzsahR2AKwLJgx8ehBj
99,"Save Myself","Ed Sheeran",5797200,https://open.spotify.com/track/6TIU9Ehmi6dMzZK73Ym4yj
100,"La Rompe Corazones","Daddy Yankee",5791512,https://open.spotify.com/track/4okba5wu9mMLXx79DXLKi3
101,Touch,"Little Mix",5729587,https://open.spotify.com/track/5Ua3GXyHwiSfpNTMjq6m2z
102,"Side To Side","Ariana Grande",5720155,https://open.spotify.com/track/4pLwZjInHj3SimIyN9SnOz
103,"CAN'T STOP THE FEELING! (Original Song from DreamWorks Animation's ""TROLLS"")","Justin Timberlake",5666892,https://open.spotify.com/track/6JV2JOEocMgcZxYSZelKcc
104,Tuesday,"Burak Yeter",5502496,https://open.spotify.com/track/7abpmGpF7PGep2rDU68GBR
105,"Don't Let Me Down","The Chainsmokers",5451947,https://open.spotify.com/track/0QsvXIfqM0zZoerQfsI9lm
106,"Black Beatles","Rae Sremmurd",5370478,https://open.spotify.com/track/6fujklziTHa8uoM5OQSfIo
107,"My Way","Calvin Harris",5295230,https://open.spotify.com/track/1vvNmPOiUuyCbgWmtc6yfm
108,"Treat You Better","Shawn Mendes",5275208,https://open.spotify.com/track/4Hf7WnR761jpxPr5D46Bcd
109,美女と野獣,"Ariana Grande",5214692,https://open.spotify.com/track/1KT0xdIjm7t053xByACrrg
110,"Sola (Remix) [feat. Daddy Yankee, Wisin, Farruko, Zion & Lennox]","Anuel AA",5187117,https://open.spotify.com/track/5q2JbCNi4FcnglgPfxcV65
111,"Shed a Light","Robin Schulz",5174845,https://open.spotify.com/track/1cG0umU5TKStygKsPFZ9pY
112,Safari,"J Balvin",5169090,https://open.spotify.com/track/6rQSrBHf7HlZjtcMZ4S4bO
113,Mercy,"Shawn Mendes",5141848,https://open.spotify.com/track/4TZy1wLyHec06pwgFYDh1a
114,Heathens,"Twenty One Pilots",5139882,https://open.spotify.com/track/6i0V12jOa3mr6uu4WYhUBr
115,History,"Olivia Holt",5090222,https://open.spotify.com/track/0WCEaydwN65cvwaW8aqptF
116,"Sigo Extrañándote","J Balvin",5054822,https://open.spotify.com/track/6qDF4wWL49CAVbgT7yuHl8
117,"Look At Me!",XXXTENTACION,4954784,https://open.spotify.com/track/4ARPvK8DHLwt4oX65ZAFMw
118,"Me Llamas (feat. Maluma) - Remix","Piso 21",4952794,https://open.spotify.com/track/5hEM0JchdVzQ5PwvSfITeX
119,"No Frauds","Nicki Minaj",4948050,https://open.spotify.com/track/7KcGEssn7BnJdTgildK5y0
120,"Vente Pa' Ca","Ricky Martin",4908644,https://open.spotify.com/track/7DM4BPaS7uofFul3ywMe46
121,"I Took A Pill In Ibiza - Seeb Remix","Mike Posner",4903923,https://open.spotify.com/track/17Fd6Yb7mSbinKG8LoWfFl
122,Rolex,"Ayo & Teo",4881166,https://open.spotify.com/track/0pSBuHjILhNEo55xK1zrRt
123,"Ay Mi Dios (feat. Pitbull, Yandel & Chacal)",IAmChino,4855038,https://open.spotify.com/track/6stYbAJgTszHAHZMPxWWCY
124,Human,"Rag'n'Bone Man",4835213,https://open.spotify.com/track/58zsLZPvfflaiIbNWoA22O
125,Photograph,"Ed Sheeran",4750606,https://open.spotify.com/track/6fxVffaTuwjgEk5h9QyRjy
126,Chanel,"Frank Ocean",4744960,https://open.spotify.com/track/6Nle9hKrkL1wQpwNfEkxjh
127,"I Would Like","Zara Larsson",4736689,https://open.spotify.com/track/4Q4jmPHwu0wrJvqrld0FQ6
128,"We Don't Talk Anymore","Charlie Puth",4735367,https://open.spotify.com/track/68EMU2RD1ECNeOeJ5qAXCV
129,Redbone,"Childish Gambino",4678654,https://open.spotify.com/track/3kxfsdsCpFgN412fpnW85Y
130,"Broccoli (feat. Lil Yachty)",DRAM,4667025,https://open.spotify.com/track/7yyRTcZmCiyzzJlNzGC9Ol
131,Moves,"Big Sean",4664745,https://open.spotify.com/track/0Fv5N0cHBsl4bzCbollCAS
132,Caroline,Aminé,4621485,https://open.spotify.com/track/5GFDrUTLGJix84sNhjCG0g
133,goosebumps,"Travis Scott",4593215,https://open.spotify.com/track/6gBFPUFcJLzWGx4lenP6h2
134,"Scars To Your Beautiful","Alessia Cara",4550525,https://open.spotify.com/track/0prNGof3XqfTvNDxHonvdK
135,"Hey Ma (with Pitbull & J Balvin feat. Camila Cabello) - Spanish Version",Pitbull,4543917,https://open.spotify.com/track/2Vdub5mY4lad7w64bFPUez
136,Down,"Marian Hill",4513397,https://open.spotify.com/track/2dqLk7ezV15LEJEwUmEbXB
137,"Thinking out Loud","Ed Sheeran",4510603,https://open.spotify.com/track/1Slwb6dOYkBlWal1PGtnNg
138,"All We Know","The Chainsmokers",4432483,https://open.spotify.com/track/2rizacJSyD9S1IQUxUxnsK
139,"Party Monster","The Weeknd",4428235,https://open.spotify.com/track/4F7A0DXBrmUAkp32uenhZt
140,Everyday,"Ariana Grande",4408423,https://open.spotify.com/track/3FiE2d325mIOc4YjkSLVJR
141,"The Other",Lauv,4401639,https://open.spotify.com/track/1lntL1cI2UIWlxjL5QiN8g
142,Alone,"Alan Walker",4400824,https://open.spotify.com/track/0JiVRyTJcJnmlwCZ854K4p
143,"Stressed Out","Twenty One Pilots",4372241,https://open.spotify.com/track/3CRDbSIZ4r5MsZ0YwxuEkn
144,"Cheap Thrills",Sia,4332880,https://open.spotify.com/track/27SdWb2rFzO6GWiYDBTD9j
145,"Sooner Or Later","Aaron Carter",4320318,https://open.spotify.com/track/6wV12xIUb8oFY7lBy4KuQe
146,Controlla,Drake,4297110,https://open.spotify.com/track/6F609ICg9Spjrw1epsAnpa
147,"Water Under the Bridge",Adele,4289802,https://open.spotify.com/track/4vb4mFvYsr2h6enhjJsq9Y
148,"Versace on the Floor","Bruno Mars",4287370,https://open.spotify.com/track/0kN8xEmgMW9mh7UmDYHlJP
149,Skin,"Rag'n'Bone Man",4269747,https://open.spotify.com/track/6y2Kaz9QI01XBKJ8mTb7Pf
150,"Be the One","Dua Lipa",4262357,https://open.spotify.com/track/7FCfMXYTIiQ9b4hDYs4Iol
151,"All Night (feat. Knox Fortune)","Chance the Rapper",4251394,https://open.spotify.com/track/60xaS8mYBKUW4VQQ666N0T
152,"Cake - Challenge Version","Flo Rida",4238413,https://open.spotify.com/track/6t2ubAB4iSYOuIpRAOGd4t
153,"Lush Life","Zara Larsson",4226528,https://open.spotify.com/track/1rIKgCH4H52lrvDcz50hS8
154,"Perfect Strangers","Jonas Blue",4218418,https://open.spotify.com/track/1CUVN2kn7mW5FjkqXTR2W1
155,Faded,"Alan Walker",4203154,https://open.spotify.com/track/7gHs73wELdeycvS48JfIos
156,"Now and Later","Sage The Gemini",4196354,https://open.spotify.com/track/43jBqV3j3Xi1g6wO0bhIMd
157,"Too Good",Drake,4188837,https://open.spotify.com/track/11KJSRSgaDxqydKYiD2Jew
158,Vacaciones,Wisin,4183792,https://open.spotify.com/track/3dQDid3IUNhZy1OehIfYfE
159,Ride,"Twenty One Pilots",4180651,https://open.spotify.com/track/2Z8WuEywRWYTKe1NybPQEW
160,"Love Yourself","Justin Bieber",4119729,https://open.spotify.com/track/3hB5DgAiMAQ4DzYbsMq1IT
161,"No Lie","Sean Paul",4099566,https://open.spotify.com/track/3cFsmM51N5zMAuu1nNY4Tw
162,"This Is What You Came For","Calvin Harris",4053805,https://open.spotify.com/track/0azC730Exh71aQlOt9Zj3y
163,"Work from Home (feat. Ty Dolla $ign)","Fifth Harmony",4053767,https://open.spotify.com/track/4tCtwWceOPWzenK2HAIJSb
164,"By Your Side","Jonas Blue",3986364,https://open.spotify.com/track/1D3ODoXHBLpdxolZRHWV1j
165,"Oceans Away","A R I Z O N A",3933249,https://open.spotify.com/track/6A8dnC0xkiuWN4BshmTB2I
166,Sneakin’,Drake,3910440,https://open.spotify.com/track/4ckuS4Nj4FZ7i3Def3Br8W
167,"Te Quiero Pa´Mi","Don Omar",3898867,https://open.spotify.com/track/3BY2mafsbsoKGqS380Xnuz
168,Sorry,"Justin Bieber",3896155,https://open.spotify.com/track/69bp2EbF7Q2rqc5N3ylezZ
169,Thumbs,"Sabrina Carpenter",3860694,https://open.spotify.com/track/3UjJP4ludb74a29P5EHEIo
170,"Alguien Robo","Sebastian Yatra",3815999,https://open.spotify.com/track/5i50gKdLAjjIr7UxRT5IVy
171,Traicionera,"Sebastian Yatra",3784897,https://open.spotify.com/track/5J1c3M4EldCfNxXwrwt8mT
172,"Gyal You A Party Animal - Remix","Charly Black",3769274,https://open.spotify.com/track/1AkTW13ysu0AJrwuM6UY0I
173,Panda,Desiigner,3762324,https://open.spotify.com/track/5OOkp4U9P9oL23maHFHL1h
174,"Sucker For Pain (with Wiz Khalifa, Imagine Dragons, Logic & Ty Dolla $ign feat. X Ambassadors)","Lil Wayne",3742675,https://open.spotify.com/track/4dASQiO1Eoo3RJvt74FtXB
175,"At My Best (feat. Hailee Steinfeld)","Machine Gun Kelly",3619523,https://open.spotify.com/track/77lGafvlU68CeHgB2pkHC9
176,"I Love You","Axwell /\ Ingrosso",3591984,https://open.spotify.com/track/11Fo4dAH31K7UZHGqCkCmE
177,"No Problem (feat. Lil Wayne & 2 Chainz)","Chance the Rapper",3590875,https://open.spotify.com/track/0v9Wz8o0BT8DU38R4ddjeH
178,Love,"Lana Del Rey",3573105,https://open.spotify.com/track/0n2bvWvMwr0gbjcuTm92eW
179,"X (feat. Future)","21 Savage",3549925,https://open.spotify.com/track/6fwdbPMwP1zVStm8FybmkO
180,"Love Me Now","John Legend",3517436,https://open.spotify.com/track/6nxQdXa1uAL0rY72wPZu89
181,"i hate u, i love u (feat. olivia o'brien)",gnash,3513820,https://open.spotify.com/track/7vRriwrloYVaoAe3a9wJHe
182,Liability,Lorde,3510179,https://open.spotify.com/track/0or0gNaKAXYYCsOrpvRzAu
183,"Million Reasons","Lady Gaga",3506000,https://open.spotify.com/track/50PWlIBU7PlGGwzgN8TiFJ
184,"This Girl (Kungs Vs. Cookin' On 3 Burners) - Kungs Vs. Cookin' On 3 Burners",Kungs,3466593,https://open.spotify.com/track/0tICYNayWWhH9GPeFrfjfD
185,"La Bicicleta","Carlos Vives",3465819,https://open.spotify.com/track/0sXvAOmXgjR2QUqLK1MltU
186,"7 Years","Lukas Graham",3458231,https://open.spotify.com/track/7129iqBafaphfc3WPCGC0L
187,"Shooting Stars","Bag Raiders",3440899,https://open.spotify.com/track/0UeYCHOETPfai02uskjJ3x
188,"Cake By The Ocean",DNCE,3433813,https://open.spotify.com/track/2aFiaMXmWsM3Vj72F9ksBl
189,"It's Gotta Be You",Isaiah,3422541,https://open.spotify.com/track/6cAKeFFYW2aClZSUyvqAEW
190,"The Greatest",Sia,3402551,https://open.spotify.com/track/7xHWNBFm6ObGEQPaUxHuKO
191,"Both (feat. Drake)","Gucci Mane",3399683,https://open.spotify.com/track/5tFep7dXGd7vEJ668wTPux
192,"Comin Out Strong (feat. The Weeknd)",Future,3399649,https://open.spotify.com/track/3mRcWCyteY2133a7xVMrYw
193,Habiba,Boef,3376698,https://open.spotify.com/track/6G41AeVgQkpvEbTxN5fNkW
194,"Dile Que Tu Me Quieres",Ozuna,3365670,https://open.spotify.com/track/20ZAJdsKB5IGbGj4ilRt2o
195,"Lights Down Low",MAX,3357210,https://open.spotify.com/track/1sYSP7gKa5kdKIfhANfori
196,"Lean On (feat. MØ & DJ Snake)","Major Lazer",3315476,https://open.spotify.com/track/4WjH9Bzt3kx7z8kl0awxh4
197,"Lot to Learn","Luke Christopher",3308105,https://open.spotify.com/track/3TRFq09DUgYj1mug6RRqJW
198,Work,Rihanna,3286481,https://open.spotify.com/track/14WWzenpaEgQZlqPq2nk4v
199,Jumpman,Drake,3273457,https://open.spotify.com/track/27GmP9AWRs744SzKcpJsTZ
200,"Only You","Zara Larsson",3260019,https://open.spotify.com/track/5SleX0NFeODNY7Xenal3gr
