,,,"Note that these figures are generated using a formula that protects against any artificial inflation of chart positions.",
Position,"Track Name",Artist,Streams,URL
1,"Better Now","Post Malone",29702255,https://open.spotify.com/track/7dt6x5M1jzdTEt8oCbisTK
2,"One Kiss (with Dua Lipa)","Calvin Harris",29271455,https://open.spotify.com/track/7ef4DlsgrMEH11cDZd32M6
3,"Nice For What",Drake,26172922,https://open.spotify.com/track/1cTZMwcBJT0Ka3UJPXOeeN
4,"God's Plan",Drake,22966660,https://open.spotify.com/track/2XW4DbS6NddZxRPm5rMCeY
5,"no tears left to cry","Ariana Grande",22523601,https://open.spotify.com/track/5SxkdsY1ufZzoq9iXceLw9
6,"This Is America","Childish Gambino",21619295,https://open.spotify.com/track/0b9oOr2ZgvyQu88wzixux9
7,X,"Nicky Jam",20059354,https://open.spotify.com/track/39N9RPD9MRb5WmoLzNzPeA
8,"Te Boté - Remix","Nio Garcia",19829896,https://open.spotify.com/track/3V8UKqhEK5zBkBb6d6ub8i
9,"I Like It","Cardi B",19519095,https://open.spotify.com/track/58q2HKrzhC3ozto2nDdN4z
10,"Psycho (feat. Ty Dolla $ign)","Post Malone",18658896,https://open.spotify.com/track/3swc6WTsr7rl9DqQKQA55C
11,FRIENDS,Marshmello,18220071,https://open.spotify.com/track/08bNPGLD8AhKpnnERrAc6G
12,"Back To You","Selena Gomez",17642602,https://open.spotify.com/track/514rhnksEwHUh6LxXsQ4Y9
13,"Yes Indeed","Lil Baby",16713448,https://open.spotify.com/track/6vN77lE9LK6HP2DewaN6HZ
14,"In My Blood","Shawn Mendes",16233059,https://open.spotify.com/track/21YnmkSDhUkmkkni22Svc4
15,"Lucid Dreams","Juice WRLD",15456637,https://open.spotify.com/track/0X8DcetL926BYiPJYstJTc
16,"rockstar (feat. 21 Savage)","Post Malone",15082355,https://open.spotify.com/track/0e7ipj03S05BNilyu5bRzt
17,"Love Lies (with Normani)",Khalid,15070323,https://open.spotify.com/track/45Egmo7icyopuzJN0oMEdk
18,"The Middle",Zedd,14647713,https://open.spotify.com/track/2ARqIya5NAuvFVHSN3bL0m
19,Youngblood,"5 Seconds of Summer",14429784,https://open.spotify.com/track/55S2PQgSMYAhgoTCcGCDfw
20,Nevermind,"Dennis Lloyd",14264831,https://open.spotify.com/track/63SevszngYpZOwf63o61K4
21,"Youth feat. Khalid","Shawn Mendes",13833047,https://open.spotify.com/track/5SwEgzUFDHwpWHKrbnP32Z
22,Flames,"David Guetta",13694044,https://open.spotify.com/track/33IOhptvC2Qoy2UhjiHXLV
23,"Look Alive (feat. Drake)","BlocBoy JB",13463437,https://open.spotify.com/track/4qKcDkK6siZ7Jp1Jb4m0aL
24,IDGAF,"Dua Lipa",13388343,https://open.spotify.com/track/76cy1WJvNGJTj78UqeA5zr
25,"Praise The Lord (Da Shine) (feat. Skepta)","A$AP Rocky",13195161,https://open.spotify.com/track/7ycWLEP1GsNjVvcjawXz3z
26,"Freaky Friday (feat. Chris Brown)","Lil Dicky",13193414,https://open.spotify.com/track/10Igtw8bSDyyFs7KIsKngZ
27,"These Days",Rudimental,12239055,https://open.spotify.com/track/5CLGzJsGqhCEECcpnFQA8x
28,"Solo (feat. Demi Lovato)","Clean Bandit",12064418,https://open.spotify.com/track/6kPJZM97LwdG9QIsT7khp6
29,"Call Out My Name","The Weeknd",11903906,https://open.spotify.com/track/1gm616Plq4ScqNi7TVkZ5N
30,Nervous,"Shawn Mendes",11870642,https://open.spotify.com/track/0Dq49j3dELbttQVUJbtn0c
31,"FAKE LOVE",BTS,11561308,https://open.spotify.com/track/3aW0ds4A4tSQDIp75FqWTo
32,"I'm Upset",Drake,11523957,https://open.spotify.com/track/54oMZ3blwWwuPN4wEoG5mk
33,"Me Niego (feat. Ozuna & Wisin)",Reik,11443248,https://open.spotify.com/track/6jA8JUuPCGYjFcgw0AoM5T
34,"lovely (with Khalid)","Billie Eilish",11327903,https://open.spotify.com/track/0u2P5u6lvoDfwTYjAADbn4
35,"Playinwitme (feat. Kehlani)",KYLE,11294237,https://open.spotify.com/track/4F1yvJfQ7gJkrcgFJQDjOr
36,OTW,Khalid,11267709,https://open.spotify.com/track/6Hgh47WXVKtXN5zGOu0hjI
37,2002,Anne-Marie,10881158,https://open.spotify.com/track/6SFStUDQZNaGPKWOx9ZiJB
38,"Meant to Be (feat. Florida Georgia Line)","Bebe Rexha",10748666,https://open.spotify.com/track/7iDa6hUg2VgEL1o1HjmfBn
39,"Remind Me to Forget",Kygo,10607192,https://open.spotify.com/track/6xTU6B6nFwKKTSZ9ySXS80
40,"Sin Pijama","Becky G",10375517,https://open.spotify.com/track/2ijef6ni2amuunRoKTlgww
41,Paranoid,"Post Malone",10267761,https://open.spotify.com/track/3fpVWegR6YOS1Yk5HSMYIq
42,SAD!,XXXTENTACION,10244829,https://open.spotify.com/track/3ee8Jmje8o58CHK66QrVC2
43,"Havana (feat. Young Thug)","Camila Cabello",10138858,https://open.spotify.com/track/1rfofaqEpACxVEHIZBJe6W
44,"1, 2, 3 (feat. Jason Derulo & De La Ghetto)","Sofia Reyes",9681957,https://open.spotify.com/track/4QtiVmuA88tPQiCOHZuQ5b
45,"All The Stars (with SZA)","Kendrick Lamar",9662450,https://open.spotify.com/track/3GCdLUSnKSMJhs4Tj6CV3s
46,"Walk It Talk It",Migos,9393454,https://open.spotify.com/track/6n4U3TlzUGhdSFbUUhTvLP
47,"Shape of You","Ed Sheeran",9174631,https://open.spotify.com/track/7qiZfU4dY1lWllzX7mPBI3
48,Mine,Bazzi,9114243,https://open.spotify.com/track/7uzmGiiJyRfuViKKK3lVmR
49,"New Rules","Dua Lipa",9042243,https://open.spotify.com/track/2ekn2ttSfGqwhhate0LSR0
50,"Ball For Me (feat. Nicki Minaj)","Post Malone",8846883,https://open.spotify.com/track/6IaieqiCVvsNvEt6Y7yOFa
51,"Plug Walk","Rich The Kid",8717539,https://open.spotify.com/track/6mAz8D1TmlTuef90dbNIiZ
52,"Dura - Remix","Daddy Yankee",8594481,https://open.spotify.com/track/6U2NuJILEOEpW2tVCuqKHb
53,"Like I Do","David Guetta",8054551,https://open.spotify.com/track/6RnkFd8Fqqgk1Uni8RgqCQ
54,"Ric Flair Drip (& Metro Boomin)",Offset,7982687,https://open.spotify.com/track/7sO5G9EABYOXQKNPNiE9NR
55,Dura,"Daddy Yankee",7779178,https://open.spotify.com/track/2j2fIJGh4PMdXt9ULI5Tlc
56,"Síguelo Bailando",Ozuna,7776190,https://open.spotify.com/track/5Y9fnynLlIvqtM710MHzfz
57,"Spoil My Night (feat. Swae Lee)","Post Malone",7742514,https://open.spotify.com/track/5VuxWXbt7XENQCtE9TzpTv
58,Somebody,"The Chainsmokers",7720635,https://open.spotify.com/track/3pWcj8hxj3fsb9TDAcMpEl
59,"El Préstamo",Maluma,7672027,https://open.spotify.com/track/2XVilv6s9GETnw9PG4T9Mz
60,"Jackie Chan",Tiësto,7665495,https://open.spotify.com/track/4kWO6O1BUXcZmaxitpVUwp
61,Stay,"Post Malone",7649567,https://open.spotify.com/track/4H7WNRErSbONkM06blBoGc
62,"Taste (feat. Offset)",Tyga,7648061,https://open.spotify.com/track/5IaHrVsrferBYDm0bDyABy
63,"Powerglide (feat. Juicy J) - From SR3MM","Rae Sremmurd",7646448,https://open.spotify.com/track/1BuZAIO8WZpavWVbbq3Lci
64,"La player (Bandolera)","Zion & Lennox",7546014,https://open.spotify.com/track/0VKkyBKCXyR99navhVRqcP
65,"All Girls Are The Same","Juice WRLD",7423968,https://open.spotify.com/track/3H2JThgdBxezwj1wwafQS8
66,"Where Were You In The Morning?","Shawn Mendes",7393076,https://open.spotify.com/track/51wrmElSLxFzc0vSQPeTxs
67,Perfect,"Ed Sheeran",7358808,https://open.spotify.com/track/0tgVpDi06FyKpA1z0VMD4v
68,Familiar,"Liam Payne",7316346,https://open.spotify.com/track/0Y4hwUppbGc8aIBmiTz30A
69,"Lost In Japan","Shawn Mendes",7170365,https://open.spotify.com/track/6WBTeFDEfAJbaSUUc1V1xQ
70,"I Fall Apart","Post Malone",7083711,https://open.spotify.com/track/75ZvA4QfFiZvzhj2xkaWAh
71,"Échame La Culpa","Luis Fonsi",7064945,https://open.spotify.com/track/1zsG4eaZmkA1dvjDDsAGLK
72,"Welcome to the Party (with French Montana & Lil Pump, feat. Zhavia Ward) - from Deadpool 2",Diplo,6934878,https://open.spotify.com/track/5mqzhMuUpvnMfwNz6iepmO
73,JAPAN,"Famous Dex",6886690,https://open.spotify.com/track/5PTG6rrL6EPFD9E2QMI2pl
74,"Candy Paint","Post Malone",6851208,https://open.spotify.com/track/32lItqlMi4LBhb4k0BaSaC
75,"Rich & Sad","Post Malone",6796190,https://open.spotify.com/track/2VdT56BGpdqNHUgOe1j5vc
76,"Te Amo","Piso 21",6583634,https://open.spotify.com/track/2RVrdr062uLFxXwIxwdXPH
77,Believer,"Imagine Dragons",6566793,https://open.spotify.com/track/7Izh7zLJGw1Nscd62Exxj4
78,"Mad Love","Sean Paul",6550843,https://open.spotify.com/track/3soOPBuMK8YMdWnV7xpEyf
79,"Madura (feat. Bad Bunny)",Cosculluela,6448518,https://open.spotify.com/track/0r9d60ZYPAlFHq8qnUtkXN
80,Thunder,"Imagine Dragons",6398237,https://open.spotify.com/track/26gceVsA1ybT8qsX3aYLEn
81,"Bella - Remix",Wolfine,6391246,https://open.spotify.com/track/0SaYeGhSXN0dDWstyNTQ56
82,"XO Tour Llif3","Lil Uzi Vert",6385604,https://open.spotify.com/track/7GX5flRQZVHRAGd6B4TmDO
83,"Done for Me (feat. Kehlani)","Charlie Puth",6334961,https://open.spotify.com/track/1lsBTdE6MGsKeZCD6llNu7
84,"Déjala Que Vuelva (feat. Manuel Turizo)","Piso 21",6298912,https://open.spotify.com/track/1j6xOGusnyXq3l6IryKF3G
85,KOD,"J. Cole",6255435,https://open.spotify.com/track/7yotKA30dwTKNEGomV9ZsI
86,"Like To Be You feat. Julia Michaels","Shawn Mendes",6192127,https://open.spotify.com/track/5QskYLFPX9y7pLU0VEMNbr
87,"One Night Stand","Capital Bra",6127224,https://open.spotify.com/track/4gALhhysObk59C3fxeTLwh
88,"A$AP Forever REMIX","A$AP Rocky",6099486,https://open.spotify.com/track/3oHkMCVJyOcjg5FhfLc2Rq
89,"Por Perro","Sebastian Yatra",6086628,https://open.spotify.com/track/2alIsNw1mqEShbWyO1HXZZ
90,"Girls (feat. Cardi B, Bebe Rexha & Charli XCX)","Rita Ora",6074720,https://open.spotify.com/track/1YNQscOx6OqBQjxgJVhEeW
91,"New Light","John Mayer",6074568,https://open.spotify.com/track/3bH4HzoZZFq8UpZmI2AMgV
92,"La Cintura","Alvaro Soler",6009842,https://open.spotify.com/track/19MBk3PbNFE36wqIqkMq9H
93,"Sangria Wine","Pharrell Williams",5983512,https://open.spotify.com/track/6XlSyYFTU1nodeWwwzVgTV
94,"Let Me",ZAYN,5953363,https://open.spotify.com/track/7Fg342AJtNsIDdwCfX0paC
95,Wolves,"Selena Gomez",5950484,https://open.spotify.com/track/7EmGUiUaOSGDnUUQUDrOXC
96,"Fallin' All In You","Shawn Mendes",5941368,https://open.spotify.com/track/5I8oEqbk2ZBmQfXCrZbUFb
97,Happier,"Ed Sheeran",5936392,https://open.spotify.com/track/2RttW7RAu5nOAfq6YFvApB
98,"Never Be the Same","Camila Cabello",5922112,https://open.spotify.com/track/4eWQlBRaTjPPUlzacqEeoQ
99,"Wake Me Up - Radio Edit",Avicii,5917402,https://open.spotify.com/track/6g1NlCpW7fgqDnWbCCDrHl
100,TATI,6ix9ine,5917283,https://open.spotify.com/track/6kp0inxIexxSiDJfWqq0ZL
101,"Watch (feat. Lil Uzi Vert & Kanye West)","Travis Scott",5875345,https://open.spotify.com/track/3DoBTwfr8yi2LN08SBpFkN
102,"Without You (feat. Sandro Cavazza)",Avicii,5873088,https://open.spotify.com/track/6WbADFqMvR8N5u0BvtsWQE
103,"I'll Be There","Jess Glynne",5849875,https://open.spotify.com/track/083Qf6hn6sFL6xiOHlZUyn
104,1950,"King Princess",5842154,https://open.spotify.com/track/0CZ8lquoTX2Dkg7Ak2inwA
105,Criminal,"Natti Natasha",5828632,https://open.spotify.com/track/6Za3190Sbw39BBC77WSS1C
106,"Mi Gente","J Balvin",5738617,https://open.spotify.com/track/7COfe3P7KgfwDwIRB8LIDw
107,"Shoota (feat. Lil Uzi Vert)","Playboi Carti",5709003,https://open.spotify.com/track/2BJSMvOGABRxokHKB0OI8i
108,"Say Something","Justin Timberlake",5698621,https://open.spotify.com/track/1LhMopPAallLeaeNutqbgS
109,Ambiente,"J Balvin",5654634,https://open.spotify.com/track/6VrBWh90BiwWmwKtvwWFcq
110,"Over Now","Post Malone",5630946,https://open.spotify.com/track/09IOPhEh1OMe0HD9b36FJk
111,Chun-Li,"Nicki Minaj",5629696,https://open.spotify.com/track/2gTYVoQCUh0QNUaFix01ld
112,"Feel It Still","Portugal. The Man",5620554,https://open.spotify.com/track/6QgjcU0zLnzq5OrUoSZ3OK
113,Silence,Marshmello,5604901,https://open.spotify.com/track/7vGuf3Y35N4wmASOKLUVVU
114,HUMBLE.,"Kendrick Lamar",5577801,https://open.spotify.com/track/7KXjTSCq5nL1LoYtL7XAwS
115,Dembow,"Danny Ocean",5558025,https://open.spotify.com/track/2EzRdhuoPyNJDlep7lnNf2
116,"If You Know You Know","Pusha T",5513542,https://open.spotify.com/track/6bGwKHXHNLmTy6yt147FPh
117,Esskeetit,"Lil Pump",5501751,https://open.spotify.com/track/44KKhCyI0BGS6LvVyDqJtH
118,"Too Good At Goodbyes","Sam Smith",5493413,https://open.spotify.com/track/1mXVgsBdtIVeCLJnSnmtdV
119,Congratulations,"Post Malone",5488135,https://open.spotify.com/track/3a1lNhkSLSkpJE4MSHpDu9
120,"Fukk Sleep","A$AP Rocky",5486769,https://open.spotify.com/track/1AqemxWsT0iGg5Lvkm16Bt
121,Ahora,"J Balvin",5481614,https://open.spotify.com/track/2yBWnRKj0Zx7AF1kufajvW
122,"Jocelyn Flores",XXXTENTACION,5407871,https://open.spotify.com/track/7m9OqQk4RVRkw9JJdeAw96
123,"King's Dead (with Kendrick Lamar, Future & James Blake)","Jay Rock",5350538,https://open.spotify.com/track/51rXHuKN8Loc4sUlKPODgH
124,"Be Careful","Cardi B",5340560,https://open.spotify.com/track/2Yl4OmDby9iitgNWZPwxkd
125,"Corazón (feat. Nego do Borel)",Maluma,5338074,https://open.spotify.com/track/5cepAtqnEQ6yVG6088zMMu
126,"92 Explorer","Post Malone",5277310,https://open.spotify.com/track/1D2L6MefbXon28PzIk9I3r
127,"I Wanna Know (feat. Bea Miller)",NOTD,5248059,https://open.spotify.com/track/18W92Zm1KjLCbUIszOhpkD
128,"Finesse - Remix; feat. Cardi B","Bruno Mars",5190343,https://open.spotify.com/track/3Vo4wInECJQuz9BIBMOu8i
129,"Young Dumb & Broke",Khalid,5146880,https://open.spotify.com/track/5Z3GHaZ6ec9bsiI5BenrbY
130,Audio,Sia,5109193,https://open.spotify.com/track/7boPPE857KEqCIHNwFkDop
131,"Say You Won't Let Go","James Arthur",5084429,https://open.spotify.com/track/5uCax9HTNlzGybIStD3vDh
132,Downtown,Anitta,5060690,https://open.spotify.com/track/3Ga6eKrUFf12ouh9Yw3v2D
133,"Because I Had You","Shawn Mendes",5053778,https://open.spotify.com/track/7hlhojpax9zg2FNdBLY5ox
134,Moonlight,XXXTENTACION,5053613,https://open.spotify.com/track/0JP9xo3adEtGSdUEISiszL
135,Mutual,"Shawn Mendes",5053420,https://open.spotify.com/track/0rrfXLr1p1yxsUy7LrKoYT
136,"Zack And Codeine","Post Malone",5046639,https://open.spotify.com/track/5lZZmityu9TAjNvSY6GLhR
137,Entertainer,ZAYN,5019689,https://open.spotify.com/track/5LTGmestwpHZ1BfCmpFQJx
138,"Particular Taste","Shawn Mendes",5012586,https://open.spotify.com/track/1mmAqhLcvPrknbslMiDlyU
139,"Pray For Me (with Kendrick Lamar)","The Weeknd",5000810,https://open.spotify.com/track/4ofvoCdXq99vpMZO4Cfp8x
140,Delicate,"Taylor Swift",4990092,https://open.spotify.com/track/7CneiDesUKFJO3Ix01dnfr
141,"Same Bitches (feat. G-Eazy & YG)","Post Malone",4970762,https://open.spotify.com/track/688QpQAwqsLdBR6lr13wK1
142,"One Dance",Drake,4957013,https://open.spotify.com/track/1xznGGDReH1oQq0xzbwXa3
143,Why,"Shawn Mendes",4901095,https://open.spotify.com/track/1KXFoiT2n4QXRsFvhWNI4I
144,"The Night We Met","Lord Huron",4846388,https://open.spotify.com/track/6mORGLOz79w6VsCRLWYYuK
145,"Answerphone (feat. Yxng Bane)","Banx & Ranx",4839767,https://open.spotify.com/track/1HagMz5nWk1HmevNCBOxF3
146,Amorfoda,"Bad Bunny",4827751,https://open.spotify.com/track/3ITvHA9zhZZdBJsOsAUegF
147,"Rewrite The Stars","Zac Efron",4827624,https://open.spotify.com/track/630sXRhIcfwr2e4RdNtjKN
148,"Let You Down",NF,4826404,https://open.spotify.com/track/6mrKP2jyIQmM0rw6fQryjr
149,Sensualidad,"Bad Bunny",4803012,https://open.spotify.com/track/5hcisvFMidkMJlElTO9Qmw
150,"Perfectly Wrong","Shawn Mendes",4799951,https://open.spotify.com/track/0UTHr20nqVFMoji8xYE9yl
151,Unforgettable,"French Montana",4772896,https://open.spotify.com/track/3B54sVLJ402zGa6Xm4YGNe
152,Bella,Wolfine,4742819,https://open.spotify.com/track/3xcCix7Jv1Rp90YVmgo35D
153,"Dusk Till Dawn - Radio Edit",ZAYN,4734283,https://open.spotify.com/track/1j4kHkkpqZRBwE0A4CN4Yv
154,"Stir Fry",Migos,4732893,https://open.spotify.com/track/2UVbBKQOdFAekPTRsnkzcf
155,"River (feat. Ed Sheeran)",Eminem,4726928,https://open.spotify.com/track/5UEnHoDYpsxlfzWLZIc7LD
156,"What Lovers Do (feat. SZA)","Maroon 5",4692906,https://open.spotify.com/track/3hBBKuWJfxlIlnd9QFoC8k
157,"This Is Me","Keala Settle",4688195,https://open.spotify.com/track/2xGjteMU3E1tkEPVFBO08U
158,"Airplane pt.2",BTS,4660290,https://open.spotify.com/track/1trFxVLL8WKhYap543e74l
159,Everyday,Logic,4660276,https://open.spotify.com/track/4EAV2cKiqKP5UPZmY6dejk
160,"Something Just Like This","The Chainsmokers",4659803,https://open.spotify.com/track/6RUKPb4LETWmmr3iAEQktW
161,"Perfect Duet (Ed Sheeran & Beyoncé)","Ed Sheeran",4651617,https://open.spotify.com/track/1bhUWB0zJMIKr9yVPrkEuI
162,"Takin' Shots","Post Malone",4643275,https://open.spotify.com/track/5ffntNJnJOeFv7b7DCd0Bw
163,"PICK IT UP (feat. A$AP Rocky)","Famous Dex",4625729,https://open.spotify.com/track/0dSIrRkA4PadGll16TgbnV
164,"More Than You Know","Axwell /\ Ingrosso",4624183,https://open.spotify.com/track/71bBFbfn2OBK5QwUJSLS44
165,Attention,"Charlie Puth",4621676,https://open.spotify.com/track/5cF0dROlMOK5uNZtivgu50
166,goosebumps,"Travis Scott",4602006,https://open.spotify.com/track/6gBFPUFcJLzWGx4lenP6h2
167,Solita,Ozuna,4590706,https://open.spotify.com/track/7rwX0O3RlxqqIjQM8evm5E
168,Queen,"Shawn Mendes",4586807,https://open.spotify.com/track/17FyWGvqby379Q92sn23jW
169,Closer,"The Chainsmokers",4570383,https://open.spotify.com/track/7BKLCZ1jbUBVqRi2FVlTVw
170,"What Would Meek Do?","Pusha T",4564060,https://open.spotify.com/track/5vnuJ8EopkP5dHukpOmT3L
171,Africa,TOTO,4563010,https://open.spotify.com/track/2374M0fQpWi3dLnB54qaLX
172,"Tony Tone","A$AP Rocky",4541260,https://open.spotify.com/track/52eYVUkFTOVozbVFIaFrnV
173,"Champion (feat. Travis Scott)",NAV,4520420,https://open.spotify.com/track/6nO3tr47nr2P7f3hXb8JIo
174,"Start Again (feat. Logic)",OneRepublic,4501085,https://open.spotify.com/track/1Nj2oBISdFDSF8eDuXcALz
175,Location,Khalid,4480623,https://open.spotify.com/track/152lZdxL1OR0ZMW6KquMif
176,"Buck Shots","A$AP Rocky",4479406,https://open.spotify.com/track/6ImrWnhjEOw5re3cGLMIHJ
177,"Whatever It Takes","Imagine Dragons",4460770,https://open.spotify.com/track/7F3uo3304R2CTvOseU3H7u
178,"I Like Me Better",Lauv,4424983,https://open.spotify.com/track/1wjzFQodRWrPcQ0AnYnvQ9
179,Unica,Ozuna,4418370,https://open.spotify.com/track/6752EZMgXswvRBH3N2PilO
180,changes,XXXTENTACION,4415609,https://open.spotify.com/track/7AFASza1mXqntmGtbxXprO
181,"The Truth Untold",BTS,4400301,https://open.spotify.com/track/48XfojJC87VKLlUotYV0Gm
182,Genius,Sia,4394215,https://open.spotify.com/track/73F87Sqh6jQWucOOvz1WFx
183,"Distorted Records","A$AP Rocky",4381163,https://open.spotify.com/track/57q6BgYP4gN6hPQViCB3um
184,"El Farsante - Remix",Ozuna,4373040,https://open.spotify.com/track/7uYgVgRSgqluZclLS7wpp4
185,"Lonely Together (feat. Rita Ora)",Avicii,4358890,https://open.spotify.com/track/2OALaHcDdKkjYEpAr0Qzab
186,"There's Nothing Holdin' Me Back","Shawn Mendes",4312011,https://open.spotify.com/track/79cuOz3SPQTuFrp8WgftAu
187,"Me Rehúso","Danny Ocean",4302387,https://open.spotify.com/track/6De0lHrwBfPfrhorm9q1Xl
188,Anpanman,BTS,4291806,https://open.spotify.com/track/4lRwa7PKcGIuJMwtPIYKdy
189,1-800-273-8255,Logic,4290403,https://open.spotify.com/track/5tz69p7tJuGPeMGwNTxYuV
190,"Despacito - Remix","Luis Fonsi",4235860,https://open.spotify.com/track/5CtI0qwDJkDQGwXD1H1cLb
191,"I Miss You (feat. Julia Michaels)","Clean Bandit",4234369,https://open.spotify.com/track/2xmrfQpmS2iJExTlklLoAL
192,"Duro y Suave","Leslie Grace",4216222,https://open.spotify.com/track/31M5m42C3EGlbydf9XB5to
193,"EL BAÑO (feat. Bad Bunny)","Enrique Iglesias",4212199,https://open.spotify.com/track/2vvdTrdryjsl8DmPIMDWZU
194,"I'm Yours","Jason Mraz",4208144,https://open.spotify.com/track/3S0OXQeoh0w6AY8WQVckRW
195,"When You're Ready","Shawn Mendes",4203767,https://open.spotify.com/track/03vyB3AHCuEGfhh7wPc7Yf
196,"Live It Up - Official Song 2018 FIFA World Cup Russia","Nicky Jam",4199428,https://open.spotify.com/track/4DnHUy01jEA4b5ydC3HgsT
197,"Thinking out Loud","Ed Sheeran",4189085,https://open.spotify.com/track/1Slwb6dOYkBlWal1PGtnNg
198,"Wonderwall - Remastered",Oasis,4188091,https://open.spotify.com/track/5qqabIl2vWzo9ApSC317sa
199,Breathe,"Jax Jones",4171350,https://open.spotify.com/track/6tvQzeCPwOytDlBYCIOY0n
200,"Bank Account","21 Savage",4162884,https://open.spotify.com/track/2fQrGHiQOvpL9UgPvtYy6G
