,,,"Note that these figures are generated using a formula that protects against any artificial inflation of chart positions.",
Position,"Track Name",Artist,Streams,URL
1,rockstar,"Post Malone",35821535,https://open.spotify.com/track/1OmcAT5Y8eg5bUPv9qJT4R
2,"Too Good At Goodbyes - Edit","Sam Smith",29416022,https://open.spotify.com/track/0mel2N9Ws9r4yLQn5QE21Y
3,"Mi Gente","J Balvin",27756639,https://open.spotify.com/track/2rb5MvYT7ZIxbKW5hfcHx8
4,"New Rules","Dua Lipa",26215788,https://open.spotify.com/track/2ekn2ttSfGqwhhate0LSR0
5,"Look What You Made Me Do","Taylor Swift",25416545,https://open.spotify.com/track/6uFsE1JgZ20EXyU0JQZbUR
6,1-800-273-8255,Logic,23662238,https://open.spotify.com/track/5tz69p7tJuGPeMGwNTxYuV
7,"Dusk Till Dawn - Radio Edit",ZAYN,22249014,https://open.spotify.com/track/1j4kHkkpqZRBwE0A4CN4Yv
8,Havana,"Camila Cabello",21260578,https://open.spotify.com/track/0ofbQMrRDsUaVKq2mGLEAb
9,"Friends (with BloodPop®)","Justin Bieber",20520619,https://open.spotify.com/track/7nZmah2llfvLDiUjm0kiyz
10,Silence,Marshmello,20225150,https://open.spotify.com/track/7vGuf3Y35N4wmASOKLUVVU
11,Unforgettable,"French Montana",19804468,https://open.spotify.com/track/3B54sVLJ402zGa6Xm4YGNe
12,"What Lovers Do (feat. SZA)","Maroon 5",18464366,https://open.spotify.com/track/4mxWSdf71VFO52qFeY0fZt
13,"Sorry Not Sorry","Demi Lovato",18451836,https://open.spotify.com/track/25C5CowdsfXld2jJanbiex
14,"Feels (feat. Pharrell Williams, Katy Perry & Big Sean)","Calvin Harris",18202009,https://open.spotify.com/track/5bcTCxgc7xVfSaMV3RuVke
15,"Shape of You","Ed Sheeran",16005604,https://open.spotify.com/track/7qiZfU4dY1lWllzX7mPBI3
16,"Jocelyn Flores",XXXTENTACION,15940711,https://open.spotify.com/track/7m9OqQk4RVRkw9JJdeAw96
17,"Young Dumb & Broke",Khalid,15715774,https://open.spotify.com/track/5Z3GHaZ6ec9bsiI5BenrbY
18,Attention,"Charlie Puth",15469590,https://open.spotify.com/track/4iLqG9SeJSnt0cSPICSjxv
19,Thunder,"Imagine Dragons",15433257,https://open.spotify.com/track/0tKcYR2II1VCQWT79i5NrW
20,"XO Tour Llif3","Lil Uzi Vert",15309924,https://open.spotify.com/track/7GX5flRQZVHRAGd6B4TmDO
21,"Back to You (feat. Bebe Rexha & Digital Farm Animals)","Louis Tomlinson",14911599,https://open.spotify.com/track/7F9vK8hNFMml4GtHsaXui6
22,"More Than You Know","Axwell /\ Ingrosso",14560049,https://open.spotify.com/track/3PEgB3fkiojxms35ntsTgs
23,"Glorious (feat. Skylar Grey)",Macklemore,14496085,https://open.spotify.com/track/3HVr6jTVwBHBa2flM0eURR
24,"Wild Thoughts (feat. Rihanna & Bryson Tiller)","DJ Khaled",14186448,https://open.spotify.com/track/1OAh8uOEOvTDqkKFsKksCi
25,"Despacito - Remix","Luis Fonsi",14139463,https://open.spotify.com/track/5CtI0qwDJkDQGwXD1H1cLb
26,"Strip That Down","Liam Payne",14047383,https://open.spotify.com/track/6EpRaXYhGOB3fj4V2uDkMJ
27,"Without You (feat. Sandro Cavazza)",Avicii,13975307,https://open.spotify.com/track/6WbADFqMvR8N5u0BvtsWQE
28,"Bodak Yellow","Cardi B",13783354,https://open.spotify.com/track/2771LMNxwf62FTAdpJMQfM
29,"Bank Account","21 Savage",13633826,https://open.spotify.com/track/5eqK0tbzUPo2SoeZsov04s
30,"2U (feat. Justin Bieber)","David Guetta",13282093,https://open.spotify.com/track/3A7qX2QjDlPnazUsRk5y0M
31,"...Ready For It?","Taylor Swift",13197832,https://open.spotify.com/track/19WjVVgXjdKXfLXoaDPwTM
32,"I Like Me Better",Lauv,12692820,https://open.spotify.com/track/1wjzFQodRWrPcQ0AnYnvQ9
33,Mama,"Jonas Blue",12602620,https://open.spotify.com/track/0NiXXAI876aGImAd6rTj8w
34,"Me Rehúso","Danny Ocean",12472265,https://open.spotify.com/track/6De0lHrwBfPfrhorm9q1Xl
35,"What About Us",P!nk,12027323,https://open.spotify.com/track/31MkGwj0SWgZaTvEt5Hgxv
36,HUMBLE.,"Kendrick Lamar",11888267,https://open.spotify.com/track/7KXjTSCq5nL1LoYtL7XAwS
37,"There's Nothing Holdin' Me Back","Shawn Mendes",11562228,https://open.spotify.com/track/79cuOz3SPQTuFrp8WgftAu
38,"I'm the One (feat. Justin Bieber, Quavo, Chance the Rapper & Lil Wayne)","DJ Khaled",11016751,https://open.spotify.com/track/3DXncPQOG4VBw3QHh3S817
39,Congratulations,"Post Malone",10957495,https://open.spotify.com/track/3a1lNhkSLSkpJE4MSHpDu9
40,"Too Much To Ask","Niall Horan",10795050,https://open.spotify.com/track/3hRZsdTF5uyGA2uhNqEuhm
41,"Lonely Together (feat. Rita Ora)",Avicii,10524107,https://open.spotify.com/track/2OALaHcDdKkjYEpAr0Qzab
42,"Your Song","Rita Ora",10343113,https://open.spotify.com/track/4c2W3VKsOFoIg2SFaO6DY5
43,"Felices los 4",Maluma,10189654,https://open.spotify.com/track/0qYTZCo5Bwh1nsUFGZP3zn
44,"Feel It Still","Portugal. The Man",10178900,https://open.spotify.com/track/6QgjcU0zLnzq5OrUoSZ3OK
45,Believer,"Imagine Dragons",9551326,https://open.spotify.com/track/0CcQNd8CINkwQfe1RDtGV6
46,"Something Just Like This","The Chainsmokers",9412615,https://open.spotify.com/track/6RUKPb4LETWmmr3iAEQktW
47,Bonita,"J Balvin",9342922,https://open.spotify.com/track/693iqPOQvhI7PobtR8CC8v
48,"Swalla (feat. Nicki Minaj & Ty Dolla $ign)","Jason Derulo",9113212,https://open.spotify.com/track/6kex4EBAj0WHXDKZMEJaaF
49,"Una Lady Como Tú","Manuel Turizo",8979708,https://open.spotify.com/track/7MHN1aCFtLXjownGhvEQlF
50,"Fuck Love (feat. Trippie Redd)",XXXTENTACION,8493439,https://open.spotify.com/track/7AQim7LbvFVZJE3O8TYgf2
51,Mayores,"Becky G",8293107,https://open.spotify.com/track/7JNh1cfm0eXjqFVOzKLyau
52,"BUTTERFLY EFFECT","Travis Scott",8262105,https://open.spotify.com/track/1yxgsra98r3qAtxqiGZPiX
53,"Despacito (Featuring Daddy Yankee)","Luis Fonsi",8193022,https://open.spotify.com/track/4aWmUDTfIPGksMNLV2rQP2
54,"Slow Hands","Niall Horan",8069920,https://open.spotify.com/track/167NczpNbRF7oWakJaY3Hh
55,"Escápate Conmigo",Wisin,7843757,https://open.spotify.com/track/2cnKEkpVUSV4wnjQiTWfH6
56,"Let Me Go (with Alesso, Florida Georgia Line & watt)","Hailee Steinfeld",7798299,https://open.spotify.com/track/5AEtlRudpgdT5FtNiuly6Y
57,"The Way Life Goes (feat. Oh Wonder)","Lil Uzi Vert",7788857,https://open.spotify.com/track/2eAZfqOm4EnOF9VvN50Tyc
58,Questions,"Chris Brown",7682316,https://open.spotify.com/track/5XQMr19TL7Mfksq9zihbOu
59,"Rich Love (with Seeb)",OneRepublic,7655638,https://open.spotify.com/track/7aF09WaavZAmAWuUeYxlYD
60,Location,Khalid,7383683,https://open.spotify.com/track/152lZdxL1OR0ZMW6KquMif
61,"Reggaetón Lento (Remix)",CNCO,7351649,https://open.spotify.com/track/3zoYkqS4y2BsGVShPL2nTE
62,"Homemade Dynamite (Feat. Khalid, Post Malone & SZA) - REMIX",Lorde,7349843,https://open.spotify.com/track/7rdUtXasA973gmrr2Xxh3E
63,"There for You","Martin Garrix",7281059,https://open.spotify.com/track/6jA8HL9i4QGzsj6fjoxp8Y
64,"Se Preparó",Ozuna,7160229,https://open.spotify.com/track/1m69ELEgE6k5ZWsap40ozt
65,"Báilame - Remix",Nacho,7002198,https://open.spotify.com/track/3VClLWqNn80Llv0PJOsKgr
66,"I Get The Bag (feat. Migos)","Gucci Mane",6911898,https://open.spotify.com/track/1HTtUBEY3tuw2btgwwI2Ja
67,"Would You Ever",Skrillex,6896333,https://open.spotify.com/track/57p8CBvPOxrvyCbn6ttl5r
68,"Robarte un Beso","Carlos Vives",6849798,https://open.spotify.com/track/4z3GJkrtH97Bj6fRta983T
69,goosebumps,"Travis Scott",6756171,https://open.spotify.com/track/6gBFPUFcJLzWGx4lenP6h2
70,DNA,BTS,6688783,https://open.spotify.com/track/5SE57ljOIUJ1ybL9U6CuBH
71,"Symphony (feat. Zara Larsson)","Clean Bandit",6632681,https://open.spotify.com/track/1x5sYLZiu9r5E43kMlt9f8
72,"Pretty Girl - Cheat Codes X CADE Remix","Maggie Lindemann",6620712,https://open.spotify.com/track/1NDxZ7cFAo481dtYWdrUnR
73,"Ahora Dice","Chris Jeday",6427073,https://open.spotify.com/track/22eADXu8DfOAUEDw4vU8qy
74,"That's What I Like","Bruno Mars",6276917,https://open.spotify.com/track/0KKkJNfGyhkQ5aFogxQAPU
75,"Mask Off",Future,6212035,https://open.spotify.com/track/3rOSwuTsUlJp0Pu0MkN8r8
76,"Love Galore (feat. Travis Scott)",SZA,6202893,https://open.spotify.com/track/0q75NwOoFiARAVp4EXU4Bs
77,"No Promises (feat. Demi Lovato)","Cheat Codes",6202777,https://open.spotify.com/track/1louJpMmzEicAn7lzDalPW
78,"Rake It Up","Yo Gotti",6159502,https://open.spotify.com/track/6c7D34787LOtPm8tzhsLgH
79,"Say You Won't Let Go","James Arthur",6155337,https://open.spotify.com/track/5uCax9HTNlzGybIStD3vDh
80,Redbone,"Childish Gambino",6153128,https://open.spotify.com/track/3kxfsdsCpFgN412fpnW85Y
81,Perfect,"Ed Sheeran",6077323,https://open.spotify.com/track/0tgVpDi06FyKpA1z0VMD4v
82,"Tú Foto",Ozuna,5983904,https://open.spotify.com/track/5zSOVwaY3sVjnmLhuEfsuf
83,"Everybody Dies In Their Nightmares",XXXTENTACION,5900325,https://open.spotify.com/track/3GVkPk8mqxz0itaAriG1L7
84,"It Ain't Me (with Selena Gomez)",Kygo,5861451,https://open.spotify.com/track/3eR23VReFzcdmS7TYCrhCe
85,"Stay (with Alessia Cara)",Zedd,5753295,https://open.spotify.com/track/0dA2Mk56wEzDgegdC6R17g
86,"Instruction (feat. Demi Lovato & Stefflon Don)","Jax Jones",5746993,https://open.spotify.com/track/0XfOi87h82i09rQjWYG0Bm
87,"Curve (feat. The Weeknd)","Gucci Mane",5743057,https://open.spotify.com/track/1tp1xMJ1uaOktksskS0Fzs
88,"Fetish (feat. Gucci Mane)","Selena Gomez",5701852,https://open.spotify.com/track/0XLOf9LhyazPX9Ld8jPiUq
89,"Know No Better (feat. Travis Scott, Camila Cabello & Quavo)","Major Lazer",5663083,https://open.spotify.com/track/3Ytr1SUCUi6J3L9dRFx5iH
90,DNA.,"Kendrick Lamar",5648093,https://open.spotify.com/track/6HZILIRieu8S0iqY8kIKhj
91,"Galway Girl","Ed Sheeran",5623279,https://open.spotify.com/track/0afhq8XCExXpqazXczTSve
92,"If I'm Lucky","Jason Derulo",5596418,https://open.spotify.com/track/6eUncuJutsFi9BGO1JaBHh
93,Magnolia,"Playboi Carti",5480787,https://open.spotify.com/track/1e1JKLEDKP7hEQzJfNAgPl
94,"Roll In Peace (feat. XXXTENTACION)","Kodak Black",5470531,https://open.spotify.com/track/40oKW22ZNNkEdZLJTScaQI
95,"Hey DJ",CNCO,5434242,https://open.spotify.com/track/209gZgcfLq2aUuu51vOWBl
96,OMG,"Camila Cabello",5415262,https://open.spotify.com/track/4xBjsLUSjcx2h7PcRikpQp
97,"Slippery (feat. Gucci Mane)",Migos,5400044,https://open.spotify.com/track/6p8NuHm8uCGnn2Dtbtf7zE
98,"Que Va","Alex Sensation",5386786,https://open.spotify.com/track/7ofxPmTNMj2GP07g1VZa0O
99,"I Don’t Wanna Live Forever (Fifty Shades Darker) - From ""Fifty Shades Darker (Original Motion Picture Soundtrack)""",ZAYN,5374184,https://open.spotify.com/track/3NdDpSvN911VPGivFlV5d0
100,Closer,"The Chainsmokers",5373201,https://open.spotify.com/track/7BKLCZ1jbUBVqRi2FVlTVw
101,"Krippy Kush",Farruko,5270292,https://open.spotify.com/track/7FfpP3YZ6fOWMdxkIAtud9
102,"OK - Spotify Version","Robin Schulz",5246311,https://open.spotify.com/track/3bWAqKDWg6u1davspr5IkS
103,Praying,Kesha,5001122,https://open.spotify.com/track/0jdny0dhgjUwoIp5GkqEaA
104,Issues,"Julia Michaels",4947298,https://open.spotify.com/track/0xG0SHshCStMEyNbNC5d4k
105,"El Farsante",Ozuna,4935936,https://open.spotify.com/track/5EId1m4DNwTf3at31w8bPJ
106,Passionfruit,Drake,4880347,https://open.spotify.com/track/7hDc8b7IXETo14hHIHdnhd
107,"Most Girls","Hailee Steinfeld",4821282,https://open.spotify.com/track/2mfUa8bLs2s5N4VaqJZ4lZ
108,"Bella y Sensual","Romeo Santos",4795601,https://open.spotify.com/track/0ERbK7qVqveCaBWIiYCrl3
109,"Swish Swish","Katy Perry",4795312,https://open.spotify.com/track/2kVHAQKVtczchKctctzbtK
110,"Drowning (feat. Kodak Black)","A Boogie Wit da Hoodie",4774525,https://open.spotify.com/track/6Q2FftbUG530lCtBI74bMH
111,Starboy,"The Weeknd",4754628,https://open.spotify.com/track/5aAx2yezTd8zXrkmtKl66Z
112,"Slide (feat. Frank Ocean & Migos)","Calvin Harris",4687408,https://open.spotify.com/track/7tr2za8SQg2CI8EDgrdtNl
113,"It's A Vibe","2 Chainz",4682621,https://open.spotify.com/track/6H0AwSQ20mo62jGlPGB8S6
114,"The Race",Tay-K,4643084,https://open.spotify.com/track/5RCfvwDewu6p2x1mEI6smX
115,"LOYALTY. FEAT. RIHANNA.","Kendrick Lamar",4630818,https://open.spotify.com/track/6SwRhMLwNqEi6alNPVG00n
116,"Explícale (feat. Bad Bunny)",Yandel,4614895,https://open.spotify.com/track/1LszjjoVwDDZcWUQbzeDLG
117,"One Dance",Drake,4597306,https://open.spotify.com/track/1xznGGDReH1oQq0xzbwXa3
118,"Super Far",LANY,4583561,https://open.spotify.com/track/74ODGXs4byLTRdnKGM4s6E
119,"LOVE. FEAT. ZACARI.","Kendrick Lamar",4568163,https://open.spotify.com/track/6PGoSes0D9eUDeeAafB2As
120,Signs,Drake,4564655,https://open.spotify.com/track/5EnYT6F7wEcdege6mDHEfO
121,Photograph,"Ed Sheeran",4528536,https://open.spotify.com/track/6fxVffaTuwjgEk5h9QyRjy
122,"Gucci Gang","Lil Pump",4476801,https://open.spotify.com/track/6foxplXS0YEq8cO374Lty4
123,"I Feel It Coming","The Weeknd",4475221,https://open.spotify.com/track/5GXAXm5YOmYT0kL5jHvYBt
124,"Look At Me!",XXXTENTACION,4439011,https://open.spotify.com/track/4ARPvK8DHLwt4oX65ZAFMw
125,"Crying in the Club","Camila Cabello",4406741,https://open.spotify.com/track/1SJtlNRJDeYHioymcvsqev
126,"Rockabye (feat. Sean Paul & Anne-Marie)","Clean Bandit",4376096,https://open.spotify.com/track/5knuzwU65gJK7IF5yJsuaW
127,Unforgettable,"Thomas Rhett",4354353,https://open.spotify.com/track/30MM5jWpUmOxtTNd9Ey5LZ
128,Malibu,"Miley Cyrus",4342956,https://open.spotify.com/track/2habSXqcJGExM6JJyskY7O
129,"Body Like A Back Road","Sam Hunt",4334224,https://open.spotify.com/track/7mldq42yDuxiUNn08nvzHO
130,"Meant to Be (feat. Florida Georgia Line)","Bebe Rexha",4327410,https://open.spotify.com/track/7iDa6hUg2VgEL1o1HjmfBn
131,"Scared to Be Lonely","Martin Garrix",4311576,https://open.spotify.com/track/3ebXMykcMXOcLeJ9xZ17XH
132,"Bad Liar","Selena Gomez",4292071,https://open.spotify.com/track/1sCxVKWImDZSZKvG0U9B23
133,"Go Flex","Post Malone",4291713,https://open.spotify.com/track/5yuShbu70mtHXY0yLzCQLQ
134,Criminal,"Natti Natasha",4277352,https://open.spotify.com/track/2SmgFAhQkQCQPyBiBxR6Te
135,"Sign of the Times","Harry Styles",4247980,https://open.spotify.com/track/5Ohxk2dO5COHF1krpoPigN
136,"Otra vez (feat. J Balvin)","Zion & Lennox",4221929,https://open.spotify.com/track/3QwBODjSEzelZyVjxPOHdq
137,"La Rompe Corazones","Daddy Yankee",4186664,https://open.spotify.com/track/4okba5wu9mMLXx79DXLKi3
138,"Loco Enamorado","Abraham Mateo",4158698,https://open.spotify.com/track/4N1c5rmWOzRmB9SMacr5wB
139,"Thinking out Loud","Ed Sheeran",4130631,https://open.spotify.com/track/1Slwb6dOYkBlWal1PGtnNg
140,"Bad At Love",Halsey,4130274,https://open.spotify.com/track/7y9iMe8SOB6z3NoHE2OfXl
141,"do re mi (feat. Gucci Mane)",blackbear,4094244,https://open.spotify.com/track/53mrVsi49rLHIaKBiSvElG
142,Transportin',"Kodak Black",4082161,https://open.spotify.com/track/1WIZiOuNO3woKfdlSK2gNn
143,"Castle on the Hill","Ed Sheeran",4018063,https://open.spotify.com/track/6PCUP3dWmTjcTtXY02oFdT
144,"Solo Dance","Martin Jensen",3989641,https://open.spotify.com/track/6HUnnBwYZqcED1eQztxMBN
145,"iSpy (feat. Lil Yachty)",KYLE,3979689,https://open.spotify.com/track/2EEeOnHehOozLq4aS0n6SL
146,"Ahora Me Llama","KAROL G",3978499,https://open.spotify.com/track/61HHDBLqF3AmSvLfHKNGd2
147,"Sola (Remix) [feat. Daddy Yankee, Wisin, Farruko, Zion & Lennox]","Anuel AA",3975576,https://open.spotify.com/track/5q2JbCNi4FcnglgPfxcV65
148,Revenge,XXXTENTACION,3968535,https://open.spotify.com/track/5TXDeTFVRVY7Cvt0Dw4vWW
149,"Sigo Extrañándote","J Balvin",3966466,https://open.spotify.com/track/6qDF4wWL49CAVbgT7yuHl8
150,"Si Tú La Ves (feat. Wisin)","Nicky Jam",3947737,https://open.spotify.com/track/4yN6xPLopmTLvc27pO9LIE
151,"Perplexing Pegasus","Rae Sremmurd",3943273,https://open.spotify.com/track/2nYwV62UABTH0NanrwVIdQ
152,"Treat You Better","Shawn Mendes",3942815,https://open.spotify.com/track/4Hf7WnR761jpxPr5D46Bcd
153,"Suena El Dembow","Joey Montana",3928364,https://open.spotify.com/track/5TysCiZtv1HnSWcTcUFusI
154,Paris,"The Chainsmokers",3916236,https://open.spotify.com/track/72jbDTw1piOOj770jWNeaG
155,"Me Enamoré",Shakira,3882389,https://open.spotify.com/track/4qknM1pQz53QOyfDVTjcM9
156,"Bad and Boujee (feat. Lil Uzi Vert)",Migos,3856114,https://open.spotify.com/track/4Km5HrUvYTaSUfiSGPJeQR
157,"Sua cara (feat. Anitta & Pabllo Vittar)","Major Lazer",3842994,https://open.spotify.com/track/3ibRxEv4KkcU9e259eyNJA
158,"White Iverson","Post Malone",3834046,https://open.spotify.com/track/6eT7xZZlB2mwyzJ2sUKG6w
159,"Get Low (with Liam Payne)",Zedd,3811247,https://open.spotify.com/track/1CKd1PnqfYx0H12V9MSaIY
160,"We Don't Talk Anymore","Charlie Puth",3765612,https://open.spotify.com/track/68EMU2RD1ECNeOeJ5qAXCV
161,"Best Of Me",BTS,3757153,https://open.spotify.com/track/2tdq0CeAGSfhI2l4Gwkvgx
162,"El Amante","Nicky Jam",3750073,https://open.spotify.com/track/3umS4y3uQDkqekNjVpiRUs
163,"Sauce It Up","Lil Uzi Vert",3749759,https://open.spotify.com/track/1uL78kFWxhz3umTMWJu8n5
164,"Me Llamas (feat. Maluma) - Remix","Piso 21",3727955,https://open.spotify.com/track/5hEM0JchdVzQ5PwvSfITeX
165,"SUBEME LA RADIO","Enrique Iglesias",3707574,https://open.spotify.com/track/7nKBxz47S9SD79N086fuhn
166,"Chantaje (feat. Maluma)",Shakira,3706135,https://open.spotify.com/track/6mICuAdrwEjh6Y6lroV2Kg
167,"Let Me Love You","DJ Snake",3704138,https://open.spotify.com/track/4pdPtRcBmOSQDlJ3Fk945m
168,"Relationship (feat. Future)","Young Thug",3702311,https://open.spotify.com/track/25oOaleife6E2MIKmFkPvg
169,"Now Or Never",Halsey,3692574,https://open.spotify.com/track/7i2DJ88J7jQ8K7zqFX2fW8
170,Starving,"Hailee Steinfeld",3683625,https://open.spotify.com/track/6875MeXyCW0wLyT72Eetmo
171,"Summer Air",ItaloBrothers,3670718,https://open.spotify.com/track/0V9cosR5jWa4fr2koARmhD
172,"Don't Let Me Down","The Chainsmokers",3666048,https://open.spotify.com/track/0QsvXIfqM0zZoerQfsI9lm
173,"Came Here for Love",Sigala,3588706,https://open.spotify.com/track/3kGfazcbVvVkuZunzlLgTD
174,"Bounce Back","Big Sean",3549276,https://open.spotify.com/track/0SGkqnVQo9KPytSri1H6cF
175,Besándote,"Piso 21",3537047,https://open.spotify.com/track/13X0XdLMOdtbXVtAj2ox4h
176,"Complicated (feat. Kiiara)","Dimitri Vegas & Like Mike",3529656,https://open.spotify.com/track/1Sl3njkhhz8nrSPZroDQ82
177,Why,"Sabrina Carpenter",3512300,https://open.spotify.com/track/2jYmK1cb3Uya6FFsocdpzO
178,"First Time",Kygo,3506316,https://open.spotify.com/track/2Gl0FzuLxflY6nPifJp5Dr
179,"24K Magic","Bruno Mars",3490491,https://open.spotify.com/track/6b8Be6ljOzmkOmFslEb23P
180,Mercy,"Shawn Mendes",3486649,https://open.spotify.com/track/4TZy1wLyHec06pwgFYDh1a
181,"Lose Yourself - From ""8 Mile"" Soundtrack",Eminem,3473594,https://open.spotify.com/track/5Z01UMMf7V1o0MzF86s6WJ
182,Rain,"The Script",3468538,https://open.spotify.com/track/2QWP8NYYplOqEFBYGCcq0S
183,"Call On Me - Ryan Riback Extended Remix",Starley,3467388,https://open.spotify.com/track/78rIJddV4X0HkNAInEcYde
184,"CAN'T STOP THE FEELING! (Original Song from DreamWorks Animation's ""TROLLS"")","Justin Timberlake",3462085,https://open.spotify.com/track/6JV2JOEocMgcZxYSZelKcc
185,"No Complaints","Metro Boomin",3455838,https://open.spotify.com/track/6kig1UFggPUyZBCvXD3Wod
186,Happier,"Ed Sheeran",3444627,https://open.spotify.com/track/2RttW7RAu5nOAfq6YFvApB
187,"Think Before I Talk","Astrid S",3434233,https://open.spotify.com/track/0Clb9aiXWa0dvVff5aN4VN
188,"3 A.M.","Jesse & Joy",3433109,https://open.spotify.com/track/0yyZN5ASdrYu0XYWFzfxUu
189,"Love Yourself","Justin Bieber",3427038,https://open.spotify.com/track/3hB5DgAiMAQ4DzYbsMq1IT
190,"Stay With Me","Sam Smith",3416158,https://open.spotify.com/track/5Db9VIdDsN5yu3Eu7CT0i4
191,"Como Antes (feat. Wisin)",Yandel,3387012,https://open.spotify.com/track/5YzA563GXTuwQaRq24z1k5
192,"Tunnel Vision","Kodak Black",3365795,https://open.spotify.com/track/4Q3N4Ct4zCuIHuZ65E3BD4
193,"Side To Side","Ariana Grande",3336128,https://open.spotify.com/track/4pLwZjInHj3SimIyN9SnOz
194,"Plain Jane","A$AP Ferg",3314993,https://open.spotify.com/track/4dVpf9jZjcORqGTLUaeYj9
195,"Fake Love",Drake,3294917,https://open.spotify.com/track/343YBumqHu19cGoGARUTsd
196,"The Night We Met","Lord Huron",3264071,https://open.spotify.com/track/6mORGLOz79w6VsCRLWYYuK
197,dimple,BTS,3258938,https://open.spotify.com/track/3ryjLm3oupIjJFGc39naNi
198,T-Shirt,Migos,3204761,https://open.spotify.com/track/7KOlJ92bu51cltsD9KU5I7
199,"Candy Paint","Post Malone",3203086,https://open.spotify.com/track/4wdZdkEugVVorAfzqRqC6N
200,"The Scientist",Coldplay,3189990,https://open.spotify.com/track/75JFxkI2RXiU7L9VXzMkle
