,,,"Note that these figures are generated using a formula that protects against any artificial inflation of chart positions.",
Position,"Track Name",Artist,Streams,URL
1,"7 rings","Ariana Grande",31265664,https://open.spotify.com/track/6ocbgoVGwYJhOv1GgI9NsF
2,"Con Calma","Daddy Yankee",31111446,https://open.spotify.com/track/5w9c2J52mkdntKOmRLeM2m
3,Sucker,"Jonas Brothers",26364572,https://open.spotify.com/track/4y3OI86AEP6PQoDE6olYhO
4,"Sunflower - Spider-Man: Into the Spider-Verse","Post Malone",24346526,https://open.spotify.com/track/3KkXRkHbMCARz0aVfEt68P
5,Wow.,"Post Malone",23068875,https://open.spotify.com/track/6MWtB6iiXyIwun0YzU6DFP
6,Shallow,"Lady Gaga",22925480,https://open.spotify.com/track/2VxeLyX666F8uXCJ0dZF8B
7,"break up with your girlfriend, i'm bored","Ariana Grande",21350116,https://open.spotify.com/track/4kV4N9D1iKVxx1KLvtTpjS
8,"Dancing With A Stranger (with Normani)","Sam Smith",18422872,https://open.spotify.com/track/6Qs4SXO9dwPj5GKvVOv8Ki
9,"Sweet but Psycho","Ava Max",17465853,https://open.spotify.com/track/25sgk305KZfyuqVBQIahim
10,"Calma - Remix","Pedro Capó",17353582,https://open.spotify.com/track/5iwz1NiezX7WWjnCgY5TH4
11,"Don't Call Me Up",Mabel,16640130,https://open.spotify.com/track/5WHTFyqSii0lmT9R21abT8
12,"Baila Baila Baila",Ozuna,16532007,https://open.spotify.com/track/7uH27oIt4a6cIFCA8ZPcyG
13,Happier,Marshmello,16505528,https://open.spotify.com/track/2dpaYNEQHiRxtZbfNsse99
14,Secreto,"Anuel AA",16353288,https://open.spotify.com/track/5W83ErFkO3aKAIS1WMi6u0
15,"MIDDLE CHILD","J. Cole",16334075,https://open.spotify.com/track/2JvzF1RMd7lE3KmFlsyZD8
16,"Here With Me",Marshmello,16095016,https://open.spotify.com/track/5icOoE6VgqFKohjWWNp0Ac
17,"Old Town Road","Lil Nas X",15628371,https://open.spotify.com/track/53CJANUxooaqGOtdsBTh7O
18,"i'm so tired...",Lauv,15541091,https://open.spotify.com/track/7COXchtUOMd6uIT6HvmRaI
19,"Without Me",Halsey,15529065,https://open.spotify.com/track/5p7ujcrUXASCNwRaWNHR1C
20,"thank u, next","Ariana Grande",15385942,https://open.spotify.com/track/3e9HZxeyfWwjeyPAMmWSSQ
21,"bury a friend","Billie Eilish",15334877,https://open.spotify.com/track/4NzMOnvSJVNKF7nw5NkXIP
22,"I Can’t Get Enough (benny blanco, Selena Gomez, J Balvin, Tainy)","benny blanco",14815511,https://open.spotify.com/track/1WSGTYKLEpKfNQYYW5Oymt
23,Talk,Khalid,14708599,https://open.spotify.com/track/0rTV5WefWd1J3OwIheTzxM
24,HP,Maluma,14343668,https://open.spotify.com/track/31UjYv5vLsDkzchJOtUMtW
25,"Murder On My Mind","YNW Melly",14026867,https://open.spotify.com/track/7eBqSVxrzQZtK2mmgRG6lC
26,"Giant (with Rag'n'Bone Man)","Calvin Harris",13951975,https://open.spotify.com/track/5itOtNx0WxtJmi1TQ3RuRd
27,"Pa Mí - Remix",Dalex,13534166,https://open.spotify.com/track/224EVTFiLsdQignUFLvDeH
28,"Going Bad (feat. Drake)","Meek Mill",13176484,https://open.spotify.com/track/2IRZnDFmlqMuOrYOLnZZyc
29,"Swervin (feat. 6ix9ine)","A Boogie Wit da Hoodie",13034803,https://open.spotify.com/track/1wJRveJZLSb1rjhnUHQiv6
30,"wish you were gay","Billie Eilish",13000917,https://open.spotify.com/track/4txc3txsIt81diMzGhrVPS
31,"High Hopes","Panic! At The Disco",12523958,https://open.spotify.com/track/1rqqCSm0Qe4I9rUvWncaom
32,"Taki Taki (with Selena Gomez, Ozuna & Cardi B)","DJ Snake",12383076,https://open.spotify.com/track/4w8niZpiMy6qz1mntFA5uM
33,"Let Me Down Slowly","Alec Benjamin",12371727,https://open.spotify.com/track/2qxmye6gAegTMjLKEBoR3d
34,"Au DD",PNL,12211145,https://open.spotify.com/track/6VSaNvPPagk4U5Skxp6XfV
35,"R.I.P. (feat. Rita Ora & Anitta)","Sofia Reyes",11916963,https://open.spotify.com/track/6JqpFboOH2bq9pzaYbkKBn
36,"MIA (feat. Drake)","Bad Bunny",11810414,https://open.spotify.com/track/116H0KvKr2Zl4RPuVBruDO
37,"My Bad",Khalid,11718346,https://open.spotify.com/track/1DUSuNhF8P5vUGNPpQiZa5
38,"Please Me","Cardi B",11361629,https://open.spotify.com/track/0PG9fbaaHFHfre2gUVo7AN
39,"Bohemian Rhapsody - 2011 Mix",Queen,11277158,https://open.spotify.com/track/4u7EnebtmKWzUH433cf5Qv
40,"Cherry Lady","Capital Bra",11248444,https://open.spotify.com/track/3r1cV21xPMkgCmxk8VqWOB
41,"Adan y Eva","Paulo Londra",11195623,https://open.spotify.com/track/6FyRXC8tJUh863JCkyWqtk
42,Robbery,"Juice WRLD",10875119,https://open.spotify.com/track/6Hj9jySrnFppAI0sEMCZpJ
43,"SICKO MODE","Travis Scott",10836261,https://open.spotify.com/track/2xLMifQCjDGFmkHkpNLD9h
44,"Pure Water (with Migos)",Mustard,10523200,https://open.spotify.com/track/63cd4JkwGgYJrbOizbfmsp
45,"Eastside (with Halsey & Khalid)","benny blanco",10424197,https://open.spotify.com/track/7FGq80cy8juXBCD2nrqdWU
46,Desconocidos,"Mau y Ricky",10368876,https://open.spotify.com/track/0s5DNDV6LAKn2u2Ufa3VjQ
47,"Be Alright","Dean Lewis",10293463,https://open.spotify.com/track/2H4gf1wLxvYreMj1jcaN0k
48,"Better Now","Post Malone",10186626,https://open.spotify.com/track/7dt6x5M1jzdTEt8oCbisTK
49,"Someone You Loved","Lewis Capaldi",10130658,https://open.spotify.com/track/2TIlqbIneP0ZY1O0EzYLlc
50,"Look Back at It","A Boogie Wit da Hoodie",10038117,https://open.spotify.com/track/3Ol2xnObFdKV9pmRD2t9x8
51,"Who Do You Love","The Chainsmokers",9900636,https://open.spotify.com/track/11cDEev79fPKi6uJCjUhu8
52,"Te Vi","Piso 21",9636664,https://open.spotify.com/track/059bcIhyc2SBwm6sw2AZzd
53,Thotiana,Blueface,9540171,https://open.spotify.com/track/3oh6SCCeLuXhFpEyepla6G
54,"Un Año","Sebastian Yatra",9388938,https://open.spotify.com/track/5BDP2tky8oMQJPS33frKVp
55,lovely,"Billie Eilish",9287370,https://open.spotify.com/track/1NJcg626wLln4pGHpiV7mf
56,"when the party's over","Billie Eilish",9140544,https://open.spotify.com/track/14JzyD6FlBD5z0wV5P07YI
57,"Girls Like You (feat. Cardi B)","Maroon 5",9032532,https://open.spotify.com/track/7fa9MBXhVfQ8P8Df9OEbD8
58,"On My Way","Alan Walker",8944636,https://open.spotify.com/track/4n7jnSxVLd8QioibtTDBDq
59,"Mixed Personalities (feat. Kanye West)","YNW Melly",8922507,https://open.spotify.com/track/6vWEAOUSxohKxhp0K1BsxL
60,Amanece,"Anuel AA",8871666,https://open.spotify.com/track/1LiN0Z98FkR1t0m8KmLcAH
61,"a lot","21 Savage",8731160,https://open.spotify.com/track/2t8yVaLvJ0RenpXUIAC52d
62,"Ella Quiere Beber - Remix","Anuel AA",8560024,https://open.spotify.com/track/3f5lA8nnc4YYF1qf78WpHw
63,"rockstar (feat. 21 Savage)","Post Malone",8535641,https://open.spotify.com/track/0e7ipj03S05BNilyu5bRzt
64,"Close To Me (with Diplo) (feat. Swae Lee)","Ellie Goulding",8534033,https://open.spotify.com/track/5JEx7HbmvHQQswJCsoo9rA
65,"Lucid Dreams","Juice WRLD",8512042,https://open.spotify.com/track/285pBltuF7vW8TeWk8hdRR
66,Better,Khalid,8435277,https://open.spotify.com/track/6zeeWid2sgw4lap2jV61PZ
67,Fast,"Juice WRLD",8372774,https://open.spotify.com/track/6MjNilJCVKJq0LfFvo5jWJ
68,ZEZE,"Kodak Black",8276948,https://open.spotify.com/track/0FZ4Dmg8jJJAPJnvBIzD9z
69,SAD!,XXXTENTACION,8229767,https://open.spotify.com/track/3ee8Jmje8o58CHK66QrVC2
70,"So Am I","Ava Max",8051452,https://open.spotify.com/track/0uUNN1nSoUx1A4fkDCWDQ7
71,"Always Remember Us This Way","Lady Gaga",8041186,https://open.spotify.com/track/2rbDhOo9Fh61Bbu23T2qCk
72,"Drip Too Hard (Lil Baby & Gunna)","Lil Baby",7979031,https://open.spotify.com/track/78QR3Wp35dqAhFEc2qAGjE
73,"Esclavo de Tus Besos","Manuel Turizo",7759395,https://open.spotify.com/track/3g4UyIcQwutiG0TfW32GnX
74,Youngblood,"5 Seconds of Summer",7668316,https://open.spotify.com/track/2iUXsYOEPhVqEBwsqP70rE
75,"Te Robaré","Nicky Jam",7640476,https://open.spotify.com/track/6v0lAdFF4haL8xjBIUjtOw
76,"Last Hurrah","Bebe Rexha",7618480,https://open.spotify.com/track/0i0wnv9UoFdZ5MfuFGQzMy
77,"Bad Liar","Imagine Dragons",7603283,https://open.spotify.com/track/2RSHsoi04658QL5xgQVov3
78,"Saturday Nights",Khalid,7597134,https://open.spotify.com/track/5kfNriitmkNE8mUbZ7gbq8
79,Moonlight,XXXTENTACION,7503121,https://open.spotify.com/track/0JP9xo3adEtGSdUEISiszL
80,Fingías,"Paloma Mami",7397572,https://open.spotify.com/track/7o0oY5wRcoV7oPuDhD2J1z
81,"Walk Me Home",P!nk,7364142,https://open.spotify.com/track/7DHApOHsIFo7EyfieArYGE
82,"Don't Stop Me Now - 2011 Mix",Queen,7243382,https://open.spotify.com/track/5T8EDUDqKcs6OSOwEsfqG7
83,"In My Mind",Dynoro,7217684,https://open.spotify.com/track/0E9ZjEAyAwOXZ7wJC0PD33
84,"Wake Up in the Sky","Gucci Mane",7195358,https://open.spotify.com/track/2G1tXoGBaEMJ7FKGnkf6ud
85,"Mo Bamba","Sheck Wes",7173158,https://open.spotify.com/track/1xzBco0xcoJEDXktl7Jxrr
86,"Another One Bites The Dust - Remastered 2011",Queen,7124751,https://open.spotify.com/track/5vdp5UmvTsnMEMESIF2Ym7
87,2002,Anne-Marie,7113548,https://open.spotify.com/track/2BgEsaKNfHUdlh97KmvFyo
88,"Shape of You","Ed Sheeran",7020463,https://open.spotify.com/track/7qiZfU4dY1lWllzX7mPBI3
89,"I Like It","Cardi B",6956444,https://open.spotify.com/track/58q2HKrzhC3ozto2nDdN4z
90,Adictiva,"Daddy Yankee",6876971,https://open.spotify.com/track/6MJUCumnQsQEKbCy28tbCP
91,"Promises (with Sam Smith)","Calvin Harris",6799482,https://open.spotify.com/track/5N5k9nd479b1xpDZ4usjrg
92,idontwannabeyouanymore,"Billie Eilish",6786616,https://open.spotify.com/track/40T5GIqQ1CegGm2PTEl8Bu
93,"Price On My Head (feat. The Weeknd)",NAV,6755123,https://open.spotify.com/track/4RbbzNY4MEcgzewYWkIsGu
94,"Say My Name","David Guetta",6743771,https://open.spotify.com/track/0YammaEkYSeo9vQYZ1OwS6
95,"Nothing Breaks Like a Heart (feat. Miley Cyrus)","Mark Ronson",6705694,https://open.spotify.com/track/27rdGxbavYJeBphck5MZAF
96,"Blackberry Sky",Eno,6705582,https://open.spotify.com/track/4cawYWrqMRz0T0hOIVxk6j
97,"Confessions of a Dangerous Mind",Logic,6662540,https://open.spotify.com/track/5CE0V7z1ePOZQNJNpWxYGA
98,Believer,"Imagine Dragons",6659263,https://open.spotify.com/track/0pqnGHJpmpxLKifKRmU6WP
99,"Body (feat. Brando)","Loud Luxury",6634836,https://open.spotify.com/track/7K7MUBCnzgBAvMVW2RTWNs
100,Splashin,"Rich The Kid",6632341,https://open.spotify.com/track/3KLo7ByvjCNyBrfz5DZ2mO
101,"Dancin (feat. Luvli) - Krono Remix","Aaron Smith",6605984,https://open.spotify.com/track/6WkJ2OK163XXS2oARUC9JM
102,"Taste (feat. Offset)",Tyga,6490892,https://open.spotify.com/track/5IaHrVsrferBYDm0bDyABy
103,"Faucet Failure","Ski Mask The Slump God",6412949,https://open.spotify.com/track/1ThmUihH9dF8EV08ku5AXN
104,Soltera,Lunay,6407798,https://open.spotify.com/track/4T4CZ3Q4z3GG7lU720YYhM
105,"I Like Me Better",Lauv,6379624,https://open.spotify.com/track/2P91MQbaiQOfbiz9VqhqKQ
106,"Just You and I","Tom Walker",6374512,https://open.spotify.com/track/03x2rVJRFUrvwlfxoHd9Mo
107,Perfect,"Ed Sheeran",6370396,https://open.spotify.com/track/0tgVpDi06FyKpA1z0VMD4v
108,"Love Someone","Lukas Graham",6342412,https://open.spotify.com/track/3id2EVGKc3eFAMn9nFnB0r
109,"Jocelyn Flores",XXXTENTACION,6292245,https://open.spotify.com/track/7m9OqQk4RVRkw9JJdeAw96
110,"Psycho (feat. Ty Dolla $ign)","Post Malone",6262917,https://open.spotify.com/track/3swc6WTsr7rl9DqQKQA55C
111,Reggaeton,"J Balvin",6158944,https://open.spotify.com/track/2D3z17LBMJ2HEHeBFFjTLi
112,"no tears left to cry","Ariana Grande",6135448,https://open.spotify.com/track/2qT1uLXPVPzGgFOx4jtEuo
113,Aullando,"Wisin & Yandel",6129405,https://open.spotify.com/track/7BuHdm4lQqcyG3qTwdkxus
114,"God's Plan",Drake,6069522,https://open.spotify.com/track/6DCZcSspjsKoFjzjrWoCdn
115,"Si Se Da","Myke Towers",6024325,https://open.spotify.com/track/5KbBGUpIZd6gVFUU8tqYiQ
116,"Nights Like This (feat. Ty Dolla $ign)",Kehlani,5994314,https://open.spotify.com/track/6ZRuF2n1CQxyxxAAWsKJOy
117,"Maman ne le sait pas (feat. Niska)",Ninho,5971496,https://open.spotify.com/track/5c2HadbVTsMKjja4gohEFI
118,Undrunk,FLETCHER,5881856,https://open.spotify.com/track/5SHhPFh68OhUmuRPymKX9d
119,"The Bones","Maren Morris",5864366,https://open.spotify.com/track/3npzogdOEiVsieXmmhBepL
120,"No Sleep (feat. Bonn)","Martin Garrix",5858398,https://open.spotify.com/track/1ahVFh0ViDZr8LvkEVlq3B
121,"Lost In Japan","Shawn Mendes",5858167,https://open.spotify.com/track/79esEXlqqmq0GPz0xQSZTV
122,"One Kiss (with Dua Lipa)","Calvin Harris",5848119,https://open.spotify.com/track/7ef4DlsgrMEH11cDZd32M6
123,"Wir ticken","Capital Bra",5823431,https://open.spotify.com/track/1mdJ39D1lrR3aWIOhgeNaE
124,I,"Lil Skies",5796481,https://open.spotify.com/track/4ZT9FnbFu1PaBfV3itxiqT
125,"Under Pressure - Remastered",Queen,5776360,https://open.spotify.com/track/2fuCquhmrzHpu5xcA1ci9x
126,"Wolke 10",MERO,5744882,https://open.spotify.com/track/200cTjC6si5Xz9af2QeHi2
127,Money,"Cardi B",5735479,https://open.spotify.com/track/2GGMabyHXnJmjY6CXhhB2e
128,bellyache,"Billie Eilish",5708943,https://open.spotify.com/track/51NFxnQvaosfDDutk0tams
129,"Wow. - Remix","Post Malone",5698521,https://open.spotify.com/track/0fcq51a3gOI6gPvzc0YLsk
130,365,Zedd,5690510,https://open.spotify.com/track/2XWjPtKdi5sucFYtVav07d
131,"Puerto Rico",Fero47,5656271,https://open.spotify.com/track/0ypCvaP431mEM6znlVHNRP
132,Thunder,"Imagine Dragons",5611225,https://open.spotify.com/track/1zB4vmk8tFRmM9UULNzbLB
133,Créeme,"KAROL G",5602634,https://open.spotify.com/track/1mT47pKLXUwPYGwB91GcNz
134,Natural,"Imagine Dragons",5559354,https://open.spotify.com/track/2FY7b99s15jUprqC0M5NCT
135,"Too Good At Goodbyes","Sam Smith",5552556,https://open.spotify.com/track/1mXVgsBdtIVeCLJnSnmtdV
136,needy,"Ariana Grande",5551648,https://open.spotify.com/track/1TEL6MlSSVLSdhOSddidlJ
137,"Hear Me Calling","Juice WRLD",5513336,https://open.spotify.com/track/13ZyrkCDmRz5xY3seuAWYk
138,"Say You Won't Let Go","James Arthur",5508121,https://open.spotify.com/track/5uCax9HTNlzGybIStD3vDh
139,Nonstop,Drake,5503296,https://open.spotify.com/track/0TlLq3lA83rQOYtrqBqSct
140,IDGAF,"Dua Lipa",5464760,https://open.spotify.com/track/76cy1WJvNGJTj78UqeA5zr
141,NASA,"Ariana Grande",5403530,https://open.spotify.com/track/4SPu0Ql902hTVXkBoNIYtq
142,"Speechless (feat. Erika Sirola)","Robin Schulz",5346650,https://open.spotify.com/track/1rCcsYnmqbMYdkG7kS9GC5
143,"Bola Rebola",Tropkillaz,5339885,https://open.spotify.com/track/1OUPXna2MCgAt3VNmXJBtg
144,"Envy Me",Calboy,5338987,https://open.spotify.com/track/05t7JMip6JrLuSrMV5yYjX
145,Bubalu,"Becky G",5331484,https://open.spotify.com/track/7dNwJbsT0sg1le5kVugGJb
146,"Beautiful (feat. Camila Cabello)",Bazzi,5322352,https://open.spotify.com/track/4VUwkH455At9kENOfzTqmF
147,"NI BIEN NI MAL","Bad Bunny",5315600,https://open.spotify.com/track/278kSqsZIiYp8p3QjYAqa8
148,"Havana (feat. Young Thug)","Camila Cabello",5314702,https://open.spotify.com/track/1rfofaqEpACxVEHIZBJe6W
149,"In My Feelings",Drake,5313557,https://open.spotify.com/track/2G7V7zsVDxg1yRsu7Ew9RJ
150,"ocean eyes","Billie Eilish",5303538,https://open.spotify.com/track/2uIX8YMNjGMD7441kqyyNU
151,"Leave Me Alone","Flipp Dinero",5281397,https://open.spotify.com/track/14mHfNsSHN0FbLftyjrV9g
152,"Arms Around You (feat. Maluma & Swae Lee)",XXXTENTACION,5272370,https://open.spotify.com/track/2LskIZrCeLxRvCiGP8gxlh
153,"The Middle",Zedd,5268676,https://open.spotify.com/track/09IStsImFySgyp0pIQdqAc
154,"Ya Salame",Luciano,5209795,https://open.spotify.com/track/0EDSU9JYeKABA14OcOuM7b
155,"No New Friends",Sia,5209012,https://open.spotify.com/track/3Y7a0typ6ik1KscmebXd6D
156,"Best Part (feat. Daniel Caesar)",H.E.R.,5175320,https://open.spotify.com/track/4OBZT9EnhYIV17t4pGw7ig
157,"I Fall Apart","Post Malone",5147730,https://open.spotify.com/track/75ZvA4QfFiZvzhj2xkaWAh
158,"Pass auf wen du liebst",Ufo361,5141582,https://open.spotify.com/track/5NsCv3I7o0f6vSQScG01f1
159,changes,XXXTENTACION,5109116,https://open.spotify.com/track/7AFASza1mXqntmGtbxXprO
160,"Let You Love Me","Rita Ora",5074361,https://open.spotify.com/track/5Fla3zyOCcIRqrDoKLU0DP
161,Congratulations,"Post Malone",5067033,https://open.spotify.com/track/3a1lNhkSLSkpJE4MSHpDu9
162,bloodline,"Ariana Grande",5066429,https://open.spotify.com/track/2hloaUoRonYssMuqLCBLTX
163,"This Feeling","The Chainsmokers",5060291,https://open.spotify.com/track/4NBTZtAt1F13VvlSKe6KTl
164,Shotgun,"George Ezra",5039019,https://open.spotify.com/track/4ofwffwvvnbSkrMSCKQDaC
165,"Solo (feat. Demi Lovato)","Clean Bandit",5026320,https://open.spotify.com/track/3NuK5xMlSlB6K2Qp16zf3h
166,"Pa Olvidarte (feat. Manuel Turizo) - Remix",ChocQuibTown,5001853,https://open.spotify.com/track/2ktoFujjJtantyMoVdBJlX
167,FRIENDS,Marshmello,4986018,https://open.spotify.com/track/08bNPGLD8AhKpnnERrAc6G
168,"Contra La Pared","Sean Paul",4972511,https://open.spotify.com/track/37eGbhE1xVFSvcKkqGb6i1
169,"New Rules","Dua Lipa",4961410,https://open.spotify.com/track/2xJCMIJfcNYDc5iR0sAm2O
170,Imposible,"Luis Fonsi",4937529,https://open.spotify.com/track/4cuGZb0iFyHtwaSKdKrJkF
171,"We Will Rock You - Remastered",Queen,4931818,https://open.spotify.com/track/4pbJqGIASGPr0ZpGpnWkDn
172,imagine,"Ariana Grande",4914589,https://open.spotify.com/track/39LmTF9RgyakzSYX8txrow
173,"Somebody To Love - 2011 Mix",Queen,4875303,https://open.spotify.com/track/4rDbp1vnvEhieiccprPMdI
174,"Te Boté - Remix","Nio Garcia",4868733,https://open.spotify.com/track/3V8UKqhEK5zBkBb6d6ub8i
175,Sola,"Manuel Turizo",4848423,https://open.spotify.com/track/675w3ACw5xZR3ODhUJlEVN
176,Freaky,"Tory Lanez",4846735,https://open.spotify.com/track/0NJp8GyCOWnQh71xKSPfuV
177,Photograph,"Ed Sheeran",4842435,https://open.spotify.com/track/6fxVffaTuwjgEk5h9QyRjy
178,"Big Plans","Why Don't We",4838732,https://open.spotify.com/track/6Yx181fZzA0YE2EkUsYruq
179,"Vaina Loca",Ozuna,4824722,https://open.spotify.com/track/48zFZh27QU5qsrBjn4C2FA
180,Patience,"Tame Impala",4823378,https://open.spotify.com/track/2drEUEg0TYQR6dDEHkpuPE
181,Baby,Amenazzy,4821748,https://open.spotify.com/track/2IA8cFA46DkjgbsRG7kKbp
182,"Armed And Dangerous","Juice WRLD",4802762,https://open.spotify.com/track/5wujBwqG7INdStqGd4tRMX
183,"11 Minutes (with Halsey feat. Travis Barker)",YUNGBLUD,4774897,https://open.spotify.com/track/4mGdjNMo0RonTlOEb7cYg4
184,Closer,"The Chainsmokers",4767774,https://open.spotify.com/track/7BKLCZ1jbUBVqRi2FVlTVw
185,Cristina,"Sebastian Yatra",4739517,https://open.spotify.com/track/1Kjer1JoWuJGNwGV6Pbgv1
186,"Red Room",Offset,4692976,https://open.spotify.com/track/4TWflhgevIGo448fWc6mQq
187,"XO Tour Llif3","Lil Uzi Vert",4671090,https://open.spotify.com/track/7GX5flRQZVHRAGd6B4TmDO
188,"Kiss and Make Up","Dua Lipa",4660891,https://open.spotify.com/track/13hvHEstJ4sNbzdroPrPI3
189,Moonlight,Gaullin,4659805,https://open.spotify.com/track/0A5gdlrpAuQqZ2iFgnqBFW
190,Rise,"Jonas Blue",4651879,https://open.spotify.com/track/3KLygy1YWhmrQx0GRs7IOx
191,"La vie qu'on mène",Ninho,4650680,https://open.spotify.com/track/0Jh6iWjna1wk5le0Ahn7No
192,"Startender (feat. Offset and Tyga)","A Boogie Wit da Hoodie",4609242,https://open.spotify.com/track/0jAfdqv18goRTUxm3ilRjb
193,"Ruin My Life","Zara Larsson",4601577,https://open.spotify.com/track/5tAa8Uaqr4VvA3693mbIhU
194,"Numb Numb Juice","ScHoolboy Q",4550296,https://open.spotify.com/track/4dTiQezDWmEOWcdCbWVWMp
195,"Meant to Be (feat. Florida Georgia Line)","Bebe Rexha",4536104,https://open.spotify.com/track/4e4fqjx0Izh4svvTef1z7e
196,"Wonderwall - Remastered",Oasis,4488346,https://open.spotify.com/track/5qqabIl2vWzo9ApSC317sa
197,Africa,TOTO,4487913,https://open.spotify.com/track/2374M0fQpWi3dLnB54qaLX
198,"bad idea","Ariana Grande",4485687,https://open.spotify.com/track/7EQpvVujgytLVY8vKiDHAg
199,"Thinking out Loud","Ed Sheeran",4484846,https://open.spotify.com/track/1Slwb6dOYkBlWal1PGtnNg
200,"In My Blood","Shawn Mendes",4467407,https://open.spotify.com/track/2QZ7WLBE8h2y1Y5Fb8RYbH
