,,,"Note that these figures are generated using a formula that protects against any artificial inflation of chart positions.",
Position,"Track Name",Artist,Streams,URL
1,SAD!,XXXTENTACION,33620835,https://open.spotify.com/track/3ee8Jmje8o58CHK66QrVC2
2,"Better Now","Post Malone",28714725,https://open.spotify.com/track/7dt6x5M1jzdTEt8oCbisTK
3,"One Kiss (with Dua Lipa)","Calvin Harris",25853036,https://open.spotify.com/track/7ef4DlsgrMEH11cDZd32M6
4,"Girls Like You (feat. Cardi B)","Maroon 5",25747641,https://open.spotify.com/track/7fa9MBXhVfQ8P8Df9OEbD8
5,"Lucid Dreams","Juice WRLD",25643913,https://open.spotify.com/track/0X8DcetL926BYiPJYstJTc
6,"I Like It","Cardi B",25349119,https://open.spotify.com/track/58q2HKrzhC3ozto2nDdN4z
7,"Jocelyn Flores",XXXTENTACION,24131781,https://open.spotify.com/track/7m9OqQk4RVRkw9JJdeAw96
8,Youngblood,"5 Seconds of Summer",22841733,https://open.spotify.com/track/2iUXsYOEPhVqEBwsqP70rE
9,"Back To You","Selena Gomez",22196102,https://open.spotify.com/track/514rhnksEwHUh6LxXsQ4Y9
10,Moonlight,XXXTENTACION,21727494,https://open.spotify.com/track/0JP9xo3adEtGSdUEISiszL
11,"no tears left to cry","Ariana Grande",21119938,https://open.spotify.com/track/5SxkdsY1ufZzoq9iXceLw9
12,"Solo (feat. Demi Lovato)","Clean Bandit",20555544,https://open.spotify.com/track/6kPJZM97LwdG9QIsT7khp6
13,changes,XXXTENTACION,20013551,https://open.spotify.com/track/7AFASza1mXqntmGtbxXprO
14,"Nice For What",Drake,18460568,https://open.spotify.com/track/1cTZMwcBJT0Ka3UJPXOeeN
15,"Te Boté - Remix","Nio Garcia",18148719,https://open.spotify.com/track/3V8UKqhEK5zBkBb6d6ub8i
16,X,"Nicky Jam",17408783,https://open.spotify.com/track/39N9RPD9MRb5WmoLzNzPeA
17,"God's Plan",Drake,16956720,https://open.spotify.com/track/6T8cJz5lAqGer9GUHGyelE
18,"Taste (feat. Offset)",Tyga,16793673,https://open.spotify.com/track/5IaHrVsrferBYDm0bDyABy
19,"Fuck Love (feat. Trippie Redd)",XXXTENTACION,16074854,https://open.spotify.com/track/7AQim7LbvFVZJE3O8TYgf2
20,"All Mine","Kanye West",15787112,https://open.spotify.com/track/3qnoOm4fwZPBS116f5hpgF
21,"Psycho (feat. Ty Dolla $ign)","Post Malone",15562733,https://open.spotify.com/track/3swc6WTsr7rl9DqQKQA55C
22,"Jackie Chan",Tiësto,15459179,https://open.spotify.com/track/4kWO6O1BUXcZmaxitpVUwp
23,"Ocean (feat. Khalid)","Martin Garrix",14129653,https://open.spotify.com/track/3nc420PXjTdBV5TN0gCFkS
24,"lovely (with Khalid)","Billie Eilish",14081242,https://open.spotify.com/track/0u2P5u6lvoDfwTYjAADbn4
25,"Everybody Dies In Their Nightmares",XXXTENTACION,13857350,https://open.spotify.com/track/3GVkPk8mqxz0itaAriG1L7
26,"I'm Upset",Drake,13791232,https://open.spotify.com/track/54oMZ3blwWwuPN4wEoG5mk
27,FRIENDS,Marshmello,13696973,https://open.spotify.com/track/08bNPGLD8AhKpnnERrAc6G
28,Flames,"David Guetta",13551899,https://open.spotify.com/track/33IOhptvC2Qoy2UhjiHXLV
29,"Bed (feat. Ariana Grande)","Nicki Minaj",13297354,https://open.spotify.com/track/1ZEm9cJC05rawV2tptNfTS
30,"Yes Indeed","Lil Baby",13215394,https://open.spotify.com/track/6vN77lE9LK6HP2DewaN6HZ
31,Nevermind,"Dennis Lloyd",13046731,https://open.spotify.com/track/63SevszngYpZOwf63o61K4
32,"the remedy for a broken heart (why am I so in love)",XXXTENTACION,13021894,https://open.spotify.com/track/4UKCKdYiLN6IMA5ZESUTL7
33,"rockstar (feat. 21 Savage)","Post Malone",12895167,https://open.spotify.com/track/0e7ipj03S05BNilyu5bRzt
34,2002,Anne-Marie,12044001,https://open.spotify.com/track/6SFStUDQZNaGPKWOx9ZiJB
35,"Praise The Lord (Da Shine) (feat. Skepta)","A$AP Rocky",12035436,https://open.spotify.com/track/7ycWLEP1GsNjVvcjawXz3z
36,"Sin Pijama","Becky G",11993306,https://open.spotify.com/track/2ijef6ni2amuunRoKTlgww
37,"The Middle",Zedd,11360627,https://open.spotify.com/track/2ARqIya5NAuvFVHSN3bL0m
38,"Born To Be Yours",Kygo,11331670,https://open.spotify.com/track/0kHyKhJMukHEPfeh8s7rdM
39,"Look Alive (feat. Drake)","BlocBoy JB",11312804,https://open.spotify.com/track/4qKcDkK6siZ7Jp1Jb4m0aL
40,"This Is America","Childish Gambino",11279954,https://open.spotify.com/track/0b9oOr2ZgvyQu88wzixux9
41,"Love Lies (with Normani)",Khalid,10878922,https://open.spotify.com/track/45Egmo7icyopuzJN0oMEdk
42,"Me Niego (feat. Ozuna & Wisin)",Reik,10362401,https://open.spotify.com/track/6jA8JUuPCGYjFcgw0AoM5T
43,IDGAF,"Dua Lipa",10251007,https://open.spotify.com/track/76cy1WJvNGJTj78UqeA5zr
44,"These Days",Rudimental,9992805,https://open.spotify.com/track/5CLGzJsGqhCEECcpnFQA8x
45,"In My Blood","Shawn Mendes",9389958,https://open.spotify.com/track/21YnmkSDhUkmkkni22Svc4
46,"Playinwitme (feat. Kehlani)",KYLE,9355576,https://open.spotify.com/track/4F1yvJfQ7gJkrcgFJQDjOr
47,"DDU-DU DDU-DU",BLACKPINK,9349579,https://open.spotify.com/track/7b8YOVV5quZcSKEijDgyWB
48,OTW,Khalid,9239034,https://open.spotify.com/track/6Hgh47WXVKtXN5zGOu0hjI
49,Reborn,"KIDS SEE GHOSTS",9153164,https://open.spotify.com/track/4RVbK6cV0VqWdpCDcx3hiT
50,"Havana (feat. Young Thug)","Camila Cabello",9000841,https://open.spotify.com/track/1rfofaqEpACxVEHIZBJe6W
51,Hope,XXXTENTACION,8971816,https://open.spotify.com/track/2ZRo7axmMPeSVUvDbGkJah
52,NUMB,XXXTENTACION,8850340,https://open.spotify.com/track/01TnVDiet1DFTsyWKUKovl
53,"1, 2, 3 (feat. Jason Derulo & De La Ghetto)","Sofia Reyes",8772366,https://open.spotify.com/track/4QtiVmuA88tPQiCOHZuQ5b
54,"Meant to Be (feat. Florida Georgia Line)","Bebe Rexha",8602299,https://open.spotify.com/track/7iDa6hUg2VgEL1o1HjmfBn
55,"Freaky Friday (feat. Chris Brown)","Lil Dicky",8593378,https://open.spotify.com/track/10Igtw8bSDyyFs7KIsKngZ
56,"Dura - Remix","Daddy Yankee",8568825,https://open.spotify.com/track/6U2NuJILEOEpW2tVCuqKHb
57,"All Girls Are The Same","Juice WRLD",8438826,https://open.spotify.com/track/3H2JThgdBxezwj1wwafQS8
58,"Shape of You","Ed Sheeran",8418622,https://open.spotify.com/track/7qiZfU4dY1lWllzX7mPBI3
59,"Call Out My Name","The Weeknd",8381607,https://open.spotify.com/track/1gm616Plq4ScqNi7TVkZ5N
60,"Look At Me!",XXXTENTACION,8245246,https://open.spotify.com/track/6eYxmK9fdL4hwLnXG2zY3s
61,"La player (Bandolera)","Zion & Lennox",8226304,https://open.spotify.com/track/0VKkyBKCXyR99navhVRqcP
62,Mine,Bazzi,8139067,https://open.spotify.com/track/7uzmGiiJyRfuViKKK3lVmR
63,"La Cintura","Alvaro Soler",8028401,https://open.spotify.com/track/19MBk3PbNFE36wqIqkMq9H
64,Rise,"Jonas Blue",7848414,https://open.spotify.com/track/3u1S1OmAUhx5DRlLrXqyp3
65,"Start Again (feat. Logic)",OneRepublic,7671031,https://open.spotify.com/track/1Nj2oBISdFDSF8eDuXcALz
66,"Remind Me to Forget",Kygo,7617452,https://open.spotify.com/track/6xTU6B6nFwKKTSZ9ySXS80
67,Yikes,"Kanye West",7599613,https://open.spotify.com/track/2r4JRwcbIeuAzWjH4YXlLs
68,"New Rules","Dua Lipa",7582691,https://open.spotify.com/track/2ekn2ttSfGqwhhate0LSR0
69,"Plug Walk","Rich The Kid",7457843,https://open.spotify.com/track/6mAz8D1TmlTuef90dbNIiZ
70,Somebody,"The Chainsmokers",7394894,https://open.spotify.com/track/3pWcj8hxj3fsb9TDAcMpEl
71,"Bigger Than You (feat. Drake & Quavo)","2 Chainz",7351706,https://open.spotify.com/track/5S1IUPueD0xE0vj4zU3nSf
72,"Ball For Me (feat. Nicki Minaj)","Post Malone",7307621,https://open.spotify.com/track/6IaieqiCVvsNvEt6Y7yOFa
73,"Walk It Talk It",Migos,7175048,https://open.spotify.com/track/6n4U3TlzUGhdSFbUUhTvLP
74,"FAKE LOVE",BTS,7167219,https://open.spotify.com/track/3aW0ds4A4tSQDIp75FqWTo
75,"Dance To This (feat. Ariana Grande)","Troye Sivan",7123678,https://open.spotify.com/track/1NbGcdgwRHZ5rbPIT9hdR3
76,"New Light","John Mayer",7116966,https://open.spotify.com/track/3bH4HzoZZFq8UpZmI2AMgV
77,"Madura (feat. Bad Bunny)",Cosculluela,7110031,https://open.spotify.com/track/0r9d60ZYPAlFHq8qnUtkXN
78,"Síguelo Bailando",Ozuna,7082249,https://open.spotify.com/track/5Y9fnynLlIvqtM710MHzfz
79,"Youth feat. Khalid","Shawn Mendes",7030890,https://open.spotify.com/track/5SwEgzUFDHwpWHKrbnP32Z
80,"Mi Cama","KAROL G",6989467,https://open.spotify.com/track/7sFYVcKSb24qg0dAkqLEFj
81,"All The Stars (with SZA)","Kendrick Lamar",6826435,https://open.spotify.com/track/3GCdLUSnKSMJhs4Tj6CV3s
82,"I'll Be There","Jess Glynne",6806600,https://open.spotify.com/track/083Qf6hn6sFL6xiOHlZUyn
83,Perfect,"Ed Sheeran",6778070,https://open.spotify.com/track/0tgVpDi06FyKpA1z0VMD4v
84,Revenge,XXXTENTACION,6777252,https://open.spotify.com/track/5TXDeTFVRVY7Cvt0Dw4vWW
85,"Ric Flair Drip (& Metro Boomin)",Offset,6722133,https://open.spotify.com/track/7sO5G9EABYOXQKNPNiE9NR
86,Believer,"Imagine Dragons",6672446,https://open.spotify.com/track/7Izh7zLJGw1Nscd62Exxj4
87,"I Fall Apart","Post Malone",6660855,https://open.spotify.com/track/75ZvA4QfFiZvzhj2xkaWAh
88,"Girls (feat. Cardi B, Bebe Rexha & Charli XCX)","Rita Ora",6550559,https://open.spotify.com/track/1YNQscOx6OqBQjxgJVhEeW
89,"Live It Up - Official Song 2018 FIFA World Cup Russia","Nicky Jam",6491597,https://open.spotify.com/track/4DnHUy01jEA4b5ydC3HgsT
90,Audio,Sia,6460419,https://open.spotify.com/track/7boPPE857KEqCIHNwFkDop
91,"El Préstamo",Maluma,6370679,https://open.spotify.com/track/2XVilv6s9GETnw9PG4T9Mz
92,Familiar,"Liam Payne",6337993,https://open.spotify.com/track/0Y4hwUppbGc8aIBmiTz30A
93,"Por Perro","Sebastian Yatra",6272508,https://open.spotify.com/track/2alIsNw1mqEShbWyO1HXZZ
94,Nervous,"Shawn Mendes",6259820,https://open.spotify.com/track/0Dq49j3dELbttQVUJbtn0c
95,"Like I Do","David Guetta",6258235,https://open.spotify.com/track/6RnkFd8Fqqgk1Uni8RgqCQ
96,Thunder,"Imagine Dragons",6237008,https://open.spotify.com/track/26gceVsA1ybT8qsX3aYLEn
97,"XO Tour Llif3","Lil Uzi Vert",6084624,https://open.spotify.com/track/7GX5flRQZVHRAGd6B4TmDO
98,"Carry On",XXXTENTACION,6050922,https://open.spotify.com/track/2yZax79pOrYuyIFVW2cZY2
99,Body,"Loud Luxury",6018779,https://open.spotify.com/track/43V1z6QToNNWNldV4FEG6r
100,"Roll In Peace (feat. XXXTENTACION)","Kodak Black",6010273,https://open.spotify.com/track/40oKW22ZNNkEdZLJTScaQI
101,Unica,Ozuna,5989124,https://open.spotify.com/track/6752EZMgXswvRBH3N2PilO
102,"Échame La Culpa","Luis Fonsi",5981049,https://open.spotify.com/track/1zsG4eaZmkA1dvjDDsAGLK
103,Dura,"Daddy Yankee",5925315,https://open.spotify.com/track/2j2fIJGh4PMdXt9ULI5Tlc
104,"Candy Paint","Post Malone",5912654,https://open.spotify.com/track/32lItqlMi4LBhb4k0BaSaC
105,Happier,"Ed Sheeran",5782813,https://open.spotify.com/track/2RttW7RAu5nOAfq6YFvApB
106,"Powerglide (feat. Juicy J) - From SR3MM","Rae Sremmurd",5781588,https://open.spotify.com/track/1BuZAIO8WZpavWVbbq3Lci
107,"Bella - Remix",Wolfine,5772412,https://open.spotify.com/track/0SaYeGhSXN0dDWstyNTQ56
108,"Ghost Town","Kanye West",5732226,https://open.spotify.com/track/6Bg7MznA9X0dIhlAsLyBYj
109,Paranoid,"Post Malone",5730826,https://open.spotify.com/track/3fpVWegR6YOS1Yk5HSMYIq
110,1950,"King Princess",5717152,https://open.spotify.com/track/0CZ8lquoTX2Dkg7Ak2inwA
111,JAPAN,"Famous Dex",5677817,https://open.spotify.com/track/5PTG6rrL6EPFD9E2QMI2pl
112,"Growing Pains","Alessia Cara",5586774,https://open.spotify.com/track/003eoIwxETJujVWmNFMoZy
113,"Te Amo","Piso 21",5583233,https://open.spotify.com/track/2RVrdr062uLFxXwIxwdXPH
114,"Spoil My Night (feat. Swae Lee)","Post Malone",5331432,https://open.spotify.com/track/5VuxWXbt7XENQCtE9TzpTv
115,"Too Good At Goodbyes","Sam Smith",5315516,https://open.spotify.com/track/1mXVgsBdtIVeCLJnSnmtdV
116,"Mad Love","Sean Paul",5247460,https://open.spotify.com/track/3soOPBuMK8YMdWnV7xpEyf
117,Ambiente,"J Balvin",5244181,https://open.spotify.com/track/6VrBWh90BiwWmwKtvwWFcq
118,"Déjala Que Vuelva (feat. Manuel Turizo)","Piso 21",5207137,https://open.spotify.com/track/1j6xOGusnyXq3l6IryKF3G
119,"Depression & Obsession",XXXTENTACION,5178223,https://open.spotify.com/track/2H3wWrnO758y0fPH7Ilerg
120,HUMBLE.,"Kendrick Lamar",5176115,https://open.spotify.com/track/7KXjTSCq5nL1LoYtL7XAwS
121,Clandestino,Shakira,5167904,https://open.spotify.com/track/7DrluKkTviBwCc8AV3VGmf
122,Congratulations,"Post Malone",5165254,https://open.spotify.com/track/3a1lNhkSLSkpJE4MSHpDu9
123,"Wake Me Up - Radio Edit",Avicii,5157435,https://open.spotify.com/track/6g1NlCpW7fgqDnWbCCDrHl
124,Dembow,"Danny Ocean",5111425,https://open.spotify.com/track/2EzRdhuoPyNJDlep7lnNf2
125,Wolves,"Selena Gomez",5096555,https://open.spotify.com/track/7EmGUiUaOSGDnUUQUDrOXC
126,"Never Be the Same","Camila Cabello",4995792,https://open.spotify.com/track/4eWQlBRaTjPPUlzacqEeoQ
127,Stay,"Post Malone",4945233,https://open.spotify.com/track/4H7WNRErSbONkM06blBoGc
128,Esskeetit,"Lil Pump",4860520,https://open.spotify.com/track/44KKhCyI0BGS6LvVyDqJtH
129,"Rich & Sad","Post Malone",4842743,https://open.spotify.com/track/2VdT56BGpdqNHUgOe1j5vc
130,"Champion (feat. Travis Scott)",NAV,4820672,https://open.spotify.com/track/6nO3tr47nr2P7f3hXb8JIo
131,"Feel It Still","Portugal. The Man",4813293,https://open.spotify.com/track/6QgjcU0zLnzq5OrUoSZ3OK
132,"Done for Me (feat. Kehlani)","Charlie Puth",4794332,https://open.spotify.com/track/1lsBTdE6MGsKeZCD6llNu7
133,Silence,Marshmello,4734760,https://open.spotify.com/track/7vGuf3Y35N4wmASOKLUVVU
134,"Without You (feat. Sandro Cavazza)",Avicii,4707001,https://open.spotify.com/track/6WbADFqMvR8N5u0BvtsWQE
135,"4th Dimension","KIDS SEE GHOSTS",4644221,https://open.spotify.com/track/6JyEh4kl9DLwmSAoNDRn5b
136,"Say You Won't Let Go","James Arthur",4631579,https://open.spotify.com/track/5uCax9HTNlzGybIStD3vDh
137,"ALONE, PART 3",XXXTENTACION,4604474,https://open.spotify.com/track/2oe6dDthgthqUkfL3czpEd
138,"Forever Young",BLACKPINK,4593934,https://open.spotify.com/track/2naEVOadudtXHwtZNfjMDM
139,"Let Me",ZAYN,4581697,https://open.spotify.com/track/7Fg342AJtNsIDdwCfX0paC
140,TATI,6ix9ine,4544496,https://open.spotify.com/track/6kp0inxIexxSiDJfWqq0ZL
141,"Perfect Duet (Ed Sheeran & Beyoncé)","Ed Sheeran",4537251,https://open.spotify.com/track/1bhUWB0zJMIKr9yVPrkEuI
142,Simple,"Florida Georgia Line",4536140,https://open.spotify.com/track/4P92FrvmYQSAfOpp4cpFEi
143,Criminal,"Natti Natasha",4528325,https://open.spotify.com/track/6Za3190Sbw39BBC77WSS1C
144,"Better Not (feat. Wafia)","Louis The Child",4526928,https://open.spotify.com/track/447yWcDPg1ddgcHBLGpJC0
145,"What Lovers Do (feat. SZA)","Maroon 5",4490788,https://open.spotify.com/track/0GxQ1A5L9xnMOytbP6eKBG
146,"Jump (with Trippie Redd)","Julia Michaels",4485586,https://open.spotify.com/track/2OvV4NjEBRE9v8Oo7QeUCq
147,Closer,"The Chainsmokers",4484173,https://open.spotify.com/track/7BKLCZ1jbUBVqRi2FVlTVw
148,"Shoota (feat. Lil Uzi Vert)","Playboi Carti",4483996,https://open.spotify.com/track/2BJSMvOGABRxokHKB0OI8i
149,"One Dance",Drake,4474034,https://open.spotify.com/track/1xznGGDReH1oQq0xzbwXa3
150,"I Like Me Better",Lauv,4466896,https://open.spotify.com/track/2P91MQbaiQOfbiz9VqhqKQ
151,"Finesse - Remix; feat. Cardi B","Bruno Mars",4466747,https://open.spotify.com/track/3Vo4wInECJQuz9BIBMOu8i
152,"Young Dumb & Broke",Khalid,4457857,https://open.spotify.com/track/5Z3GHaZ6ec9bsiI5BenrbY
153,"Welcome to the Party (with French Montana & Lil Pump, feat. Zhavia Ward) - from Deadpool 2",Diplo,4441748,https://open.spotify.com/track/5mqzhMuUpvnMfwNz6iepmO
154,Africa,TOTO,4390469,https://open.spotify.com/track/2374M0fQpWi3dLnB54qaLX
155,"Something Just Like This","The Chainsmokers",4379746,https://open.spotify.com/track/6RUKPb4LETWmmr3iAEQktW
156,"More Than You Know","Axwell /\ Ingrosso",4378648,https://open.spotify.com/track/71bBFbfn2OBK5QwUJSLS44
157,Unforgettable,"French Montana",4360217,https://open.spotify.com/track/3B54sVLJ402zGa6Xm4YGNe
158,"Cops Shot The Kid",Nas,4353563,https://open.spotify.com/track/1vi9adPJiD4d22ybGp25hy
159,"I'm Yours","Jason Mraz",4338074,https://open.spotify.com/track/3S0OXQeoh0w6AY8WQVckRW
160,"Feel The Love","KIDS SEE GHOSTS",4319550,https://open.spotify.com/track/3aUFrxO1B8EW63QchEl3wX
161,"Corazón (feat. Nego do Borel)",Maluma,4312730,https://open.spotify.com/track/5cepAtqnEQ6yVG6088zMMu
162,goosebumps,"Travis Scott",4308977,https://open.spotify.com/track/6gBFPUFcJLzWGx4lenP6h2
163,"Duro y Suave","Leslie Grace",4279079,https://open.spotify.com/track/31M5m42C3EGlbydf9XB5to
164,"King's Dead (with Kendrick Lamar, Future & James Blake)","Jay Rock",4272342,https://open.spotify.com/track/51rXHuKN8Loc4sUlKPODgH
165,"I Don't Wanna Do This Anymore",XXXTENTACION,4260598,https://open.spotify.com/track/5de9Ho64dovuQI8Uhn5gPD
166,Delicate,"Taylor Swift",4248364,https://open.spotify.com/track/7CneiDesUKFJO3Ix01dnfr
167,"Whatever It Takes","Imagine Dragons",4246644,https://open.spotify.com/track/7F3uo3304R2CTvOseU3H7u
168,"infinity (888) - feat. Joey Bada$$",XXXTENTACION,4241926,https://open.spotify.com/track/7J2gyNghNTzl4EsLhXp01Q
169,"Ao Vivo E A Cores","Matheus & Kauan",4235913,https://open.spotify.com/track/2Ab1wPTEqulaCGoBak1gUo
170,"Let You Down",NF,4215182,https://open.spotify.com/track/6mrKP2jyIQmM0rw6fQryjr
171,"Sorry Not Sorry","Demi Lovato",4192663,https://open.spotify.com/track/3m660poUr1chesgkkjQM7P
172,"Mi Gente","J Balvin",4182731,https://open.spotify.com/track/7COfe3P7KgfwDwIRB8LIDw
173,Valentine,"5 Seconds of Summer",4169324,https://open.spotify.com/track/19hh7DkfRBrpRGYfKlw7jb
174,"ocean eyes","Billie Eilish",4141927,https://open.spotify.com/track/7hDVYcQq6MxkdJGweuCtl9
175,1-800-273-8255,Logic,4124324,https://open.spotify.com/track/5tz69p7tJuGPeMGwNTxYuV
176,"Bank Account","21 Savage",4122672,https://open.spotify.com/track/2fQrGHiQOvpL9UgPvtYy6G
177,KOD,"J. Cole",4120743,https://open.spotify.com/track/7yotKA30dwTKNEGomV9ZsI
178,Chun-Li,"Nicki Minaj",4106695,https://open.spotify.com/track/2gTYVoQCUh0QNUaFix01ld
179,"Leave a Light On","Tom Walker",4102036,https://open.spotify.com/track/6lOWoTqVnAWXchddtTH31W
180,"I Wanna Know (feat. Bea Miller)",NOTD,4086424,https://open.spotify.com/track/18W92Zm1KjLCbUIszOhpkD
181,Solita,Ozuna,4075630,https://open.spotify.com/track/7rwX0O3RlxqqIjQM8evm5E
182,"This Is Me","Keala Settle",4067867,https://open.spotify.com/track/2xGjteMU3E1tkEPVFBO08U
183,Halo,Beyoncé,4037720,https://open.spotify.com/track/2CvOqDpQIMw69cCzWqr5yr
184,"Boo'd Up","Ella Mai",4036294,https://open.spotify.com/track/0At2qAoaVjIwWNAqrscXli
185,"Despacito - Remix","Luis Fonsi",4032717,https://open.spotify.com/track/5CtI0qwDJkDQGwXD1H1cLb
186,Downtown,Anitta,4031304,https://open.spotify.com/track/3Ga6eKrUFf12ouh9Yw3v2D
187,"Watch (feat. Lil Uzi Vert & Kanye West)","Travis Scott",4026113,https://open.spotify.com/track/3DoBTwfr8yi2LN08SBpFkN
188,"Over Now","Post Malone",4022198,https://open.spotify.com/track/09IOPhEh1OMe0HD9b36FJk
189,"Nena Maldicion (feat. Lenny Tavarez)","Paulo Londra",4021243,https://open.spotify.com/track/3TnhQSRwT3AVMdXw5JPq0x
190,"Dusk Till Dawn - Radio Edit",ZAYN,4009836,https://open.spotify.com/track/1j4kHkkpqZRBwE0A4CN4Yv
191,"Thinking out Loud","Ed Sheeran",3991014,https://open.spotify.com/track/1Slwb6dOYkBlWal1PGtnNg
192,"PICK IT UP (feat. A$AP Rocky)","Famous Dex",3986133,https://open.spotify.com/track/0dSIrRkA4PadGll16TgbnV
193,"Wonderwall - Remastered",Oasis,3978823,https://open.spotify.com/track/5qqabIl2vWzo9ApSC317sa
194,"Save Me",XXXTENTACION,3970417,https://open.spotify.com/track/2UwbhMie1EAYuTZ0QXeMwl
195,"92 Explorer","Post Malone",3947739,https://open.spotify.com/track/1D2L6MefbXon28PzIk9I3r
196,"If You're Over Me","Years & Years",3944478,https://open.spotify.com/track/01k24g94i1JvkFLQmVEdCd
197,"River (feat. Ed Sheeran)",Eminem,3941169,https://open.spotify.com/track/5UEnHoDYpsxlfzWLZIc7LD
198,Everyday,Logic,3936638,https://open.spotify.com/track/4EAV2cKiqKP5UPZmY6dejk
199,Location,Khalid,3922084,https://open.spotify.com/track/152lZdxL1OR0ZMW6KquMif
200,"Not For Radio",Nas,3912138,https://open.spotify.com/track/5FYu8uBB6E11mepU601601
