,,,"Note that these figures are generated using a formula that protects against any artificial inflation of chart positions.",
Position,"Track Name",Artist,Streams,URL
1,"Despacito - Remix","Luis Fonsi",43222758,https://open.spotify.com/track/5CtI0qwDJkDQGwXD1H1cLb
2,"Shape of You","Ed Sheeran",37276333,https://open.spotify.com/track/7qiZfU4dY1lWllzX7mPBI3
3,HUMBLE.,"Kendrick Lamar",36075217,https://open.spotify.com/track/7KXjTSCq5nL1LoYtL7XAwS
4,"Something Just Like This","The Chainsmokers",25605588,https://open.spotify.com/track/6RUKPb4LETWmmr3iAEQktW
5,"Mask Off",Future,24145617,https://open.spotify.com/track/3rOSwuTsUlJp0Pu0MkN8r8
6,DNA.,"Kendrick Lamar",23979164,https://open.spotify.com/track/6HZILIRieu8S0iqY8kIKhj
7,"It Ain't Me (with Selena Gomez)",Kygo,23969795,https://open.spotify.com/track/3eR23VReFzcdmS7TYCrhCe
8,Passionfruit,Drake,22316827,https://open.spotify.com/track/7hDc8b7IXETo14hHIHdnhd
9,"Stay (with Alessia Cara)",Zedd,22152198,https://open.spotify.com/track/0dA2Mk56wEzDgegdC6R17g
10,"That's What I Like","Bruno Mars",21645304,https://open.spotify.com/track/0KKkJNfGyhkQ5aFogxQAPU
11,"Symphony (feat. Zara Larsson)","Clean Bandit",21247743,https://open.spotify.com/track/1x5sYLZiu9r5E43kMlt9f8
12,"Despacito (Featuring Daddy Yankee)","Luis Fonsi",20745747,https://open.spotify.com/track/4aWmUDTfIPGksMNLV2rQP2
13,"Swalla (feat. Nicki Minaj & Ty Dolla $ign)","Jason Derulo",18244613,https://open.spotify.com/track/6kex4EBAj0WHXDKZMEJaaF
14,"Galway Girl","Ed Sheeran",16811485,https://open.spotify.com/track/0afhq8XCExXpqazXczTSve
15,"Slide (feat. Frank Ocean & Migos)","Calvin Harris",16332334,https://open.spotify.com/track/7tr2za8SQg2CI8EDgrdtNl
16,"Scared to Be Lonely","Martin Garrix",15830468,https://open.spotify.com/track/3ebXMykcMXOcLeJ9xZ17XH
17,Issues,"Julia Michaels",15724313,https://open.spotify.com/track/1sXUWdKx03aP9Gmzft58rt
18,"LOYALTY. FEAT. RIHANNA.","Kendrick Lamar",15485165,https://open.spotify.com/track/6SwRhMLwNqEi6alNPVG00n
19,Paris,"The Chainsmokers",14853907,https://open.spotify.com/track/72jbDTw1piOOj770jWNeaG
20,"XO TOUR Llif3","Lil Uzi Vert",14777357,https://open.spotify.com/track/2eMwDehkIC1j68U6FA3Eiq
21,"There's Nothing Holdin' Me Back","Shawn Mendes",14752372,https://open.spotify.com/track/79cuOz3SPQTuFrp8WgftAu
22,ELEMENT.,"Kendrick Lamar",14405202,https://open.spotify.com/track/1EaKU4dMbesXXd3BrLCtYG
23,"Sign of the Times","Harry Styles",14294931,https://open.spotify.com/track/5Ohxk2dO5COHF1krpoPigN
24,"LOVE. FEAT. ZACARI.","Kendrick Lamar",13761753,https://open.spotify.com/track/6PGoSes0D9eUDeeAafB2As
25,"iSpy (feat. Lil Yachty)",KYLE,13528740,https://open.spotify.com/track/2EEeOnHehOozLq4aS0n6SL
26,"You Don't Know Me - Radio Edit","Jax Jones",13344991,https://open.spotify.com/track/00lNx0OcTJrS3MKHcB80HY
27,Believer,"Imagine Dragons",12694592,https://open.spotify.com/track/0CcQNd8CINkwQfe1RDtGV6
28,Cold,"Maroon 5",12688827,https://open.spotify.com/track/5NNlUMcOEOdoOIwwaWXv0k
29,"I Don’t Wanna Live Forever (Fifty Shades Darker) - From ""Fifty Shades Darker (Original Motion Picture Soundtrack)""",ZAYN,12278919,https://open.spotify.com/track/3NdDpSvN911VPGivFlV5d0
30,"Rockabye (feat. Sean Paul & Anne-Marie)","Clean Bandit",12040003,https://open.spotify.com/track/5knuzwU65gJK7IF5yJsuaW
31,"SUBEME LA RADIO","Enrique Iglesias",11871670,https://open.spotify.com/track/7nKBxz47S9SD79N086fuhn
32,"Good Life (with G-Eazy & Kehlani)",G-Eazy,11772737,https://open.spotify.com/track/1Eck97uRMlprKOOJN9oO1E
33,"Solo Dance","Martin Jensen",11342903,https://open.spotify.com/track/6HUnnBwYZqcED1eQztxMBN
34,"Me Rehúso","Danny Ocean",11324410,https://open.spotify.com/track/6De0lHrwBfPfrhorm9q1Xl
35,"Call On Me - Ryan Riback Extended Remix",Starley,11109533,https://open.spotify.com/track/78rIJddV4X0HkNAInEcYde
36,Location,Khalid,11085355,https://open.spotify.com/track/152lZdxL1OR0ZMW6KquMif
37,"I Feel It Coming","The Weeknd",11037318,https://open.spotify.com/track/5GXAXm5YOmYT0kL5jHvYBt
38,Congratulations,"Post Malone",10779414,https://open.spotify.com/track/3a1lNhkSLSkpJE4MSHpDu9
39,"The Cure","Lady Gaga",10176057,https://open.spotify.com/track/51PIvodunv6NmX5250zxAh
40,Closer,"The Chainsmokers",10023298,https://open.spotify.com/track/7BKLCZ1jbUBVqRi2FVlTVw
41,"Chained To The Rhythm","Katy Perry",9996449,https://open.spotify.com/track/6520aj0B4FSKGVuKNsOCOi
42,"XXX. FEAT. U2.","Kendrick Lamar",9953029,https://open.spotify.com/track/4iYRa2btalAzPZoSYfROqF
43,"Castle on the Hill","Ed Sheeran",9926624,https://open.spotify.com/track/6PCUP3dWmTjcTtXY02oFdT
44,Portland,Drake,9899740,https://open.spotify.com/track/2bjwRfXMk4uRgOD9IBYl9h
45,"The One","The Chainsmokers",9784455,https://open.spotify.com/track/0wfbD5rAksdXUzRvMfM3x5
46,"Say You Won't Let Go","James Arthur",9724686,https://open.spotify.com/track/5uCax9HTNlzGybIStD3vDh
47,"Now Or Never",Halsey,9516146,https://open.spotify.com/track/0Nhu3zSYbEz32IYiobV75e
48,YAH.,"Kendrick Lamar",9511615,https://open.spotify.com/track/4BHSjbYylfOH5WAGusDyni
49,"Green Light",Lorde,9402797,https://open.spotify.com/track/0gbBzIqrECJOEPvQJIBFs5
50,"Lust for Life (with The Weeknd)","Lana Del Rey",9273187,https://open.spotify.com/track/5LYQSNHZxEA880URXFHg6h
51,"El Amante","Nicky Jam",9105271,https://open.spotify.com/track/3umS4y3uQDkqekNjVpiRUs
52,PRIDE.,"Kendrick Lamar",8715306,https://open.spotify.com/track/6IZvVAP7VPPnsGX6bvgkqg
53,"Chantaje (feat. Maluma)",Shakira,8536004,https://open.spotify.com/track/6mICuAdrwEjh6Y6lroV2Kg
54,"Tunnel Vision","Kodak Black",8524411,https://open.spotify.com/track/4Q3N4Ct4zCuIHuZ65E3BD4
55,Starboy,"The Weeknd",8509562,https://open.spotify.com/track/5aAx2yezTd8zXrkmtKl66Z
56,"No Promises (feat. Demi Lovato)","Cheat Codes",8394696,https://open.spotify.com/track/1louJpMmzEicAn7lzDalPW
57,"Still Got Time",ZAYN,8368114,https://open.spotify.com/track/000xQL6tZNLJzIrtIgxqSl
58,"Run Up (feat. PARTYNEXTDOOR & Nicki Minaj)","Major Lazer",8325304,https://open.spotify.com/track/0fg8CqpjdojMyXLNzM2PaJ
59,FEEL.,"Kendrick Lamar",8314783,https://open.spotify.com/track/2LTlO3NuNVN70lp2ZbVswF
60,Unforgettable,"French Montana",8170373,https://open.spotify.com/track/1F2HXIJrE2Xn81OzT2zZvW
61,LUST.,"Kendrick Lamar",7986416,https://open.spotify.com/track/06FCvd7rrRcF3DdvWH5Isp
62,"Pretty Girl - Cheat Codes X CADE Remix","Maggie Lindemann",7934829,https://open.spotify.com/track/1NDxZ7cFAo481dtYWdrUnR
63,"Hey Ma (with Pitbull & J Balvin feat. Camila Cabello) - Spanish Version",Pitbull,7852041,https://open.spotify.com/track/2Vdub5mY4lad7w64bFPUez
64,Weak,AJR,7773567,https://open.spotify.com/track/3E2Zh20GDCR9B1EYjfXWyv
65,"Selfish (feat. Rihanna)",Future,7744555,https://open.spotify.com/track/2Ce5IyMlVRVvN997ZJjJJA
66,Perfect,"Ed Sheeran",7666447,https://open.spotify.com/track/0tgVpDi06FyKpA1z0VMD4v
67,Touch,"Little Mix",7665099,https://open.spotify.com/track/5Ua3GXyHwiSfpNTMjq6m2z
68,"Felices los 4",Maluma,7635424,https://open.spotify.com/track/0qYTZCo5Bwh1nsUFGZP3zn
69,"September Song","JP Cooper",7243931,https://open.spotify.com/track/0FuTx2s3YH1ppmtiM6l0zI
70,"Fake Love",Drake,7196662,https://open.spotify.com/track/343YBumqHu19cGoGARUTsd
71,"The Night We Met","Lord Huron",7159337,https://open.spotify.com/track/6mORGLOz79w6VsCRLWYYuK
72,"Bad and Boujee (feat. Lil Uzi Vert)",Migos,6880550,https://open.spotify.com/track/4Km5HrUvYTaSUfiSGPJeQR
73,"Bounce Back","Big Sean",6871017,https://open.spotify.com/track/0SGkqnVQo9KPytSri1H6cF
74,"Let Me Love You","DJ Snake",6826612,https://open.spotify.com/track/4pdPtRcBmOSQDlJ3Fk945m
75,Happier,"Ed Sheeran",6806845,https://open.spotify.com/track/2RttW7RAu5nOAfq6YFvApB
76,"One Dance",Drake,6806670,https://open.spotify.com/track/1xznGGDReH1oQq0xzbwXa3
77,Tuesday,"Burak Yeter",6799386,https://open.spotify.com/track/7abpmGpF7PGep2rDU68GBR
78,Attention,"Charlie Puth",6769441,https://open.spotify.com/track/4iLqG9SeJSnt0cSPICSjxv
79,"How Far I'll Go - From ""Moana""","Alessia Cara",6594278,https://open.spotify.com/track/5hYTyyh2odQKphUbMqc5gN
80,"Sigo Extrañándote","J Balvin",6572640,https://open.spotify.com/track/6qDF4wWL49CAVbgT7yuHl8
81,"do re mi",blackbear,6526162,https://open.spotify.com/track/3Q3myFA7q4Op95DOpHplaY
82,"Escápate Conmigo",Wisin,6448661,https://open.spotify.com/track/2cnKEkpVUSV4wnjQiTWfH6
83,goosebumps,"Travis Scott",6448630,https://open.spotify.com/track/6gBFPUFcJLzWGx4lenP6h2
84,FEAR.,"Kendrick Lamar",6430471,https://open.spotify.com/track/23luOrEVHMfoX0AhfbQuS6
85,"Body Like A Back Road","Sam Hunt",6272302,https://open.spotify.com/track/7mldq42yDuxiUNn08nvzHO
86,"Otra vez (feat. J Balvin)","Zion & Lennox",6238500,https://open.spotify.com/track/3QwBODjSEzelZyVjxPOHdq
87,"Hard Times",Paramore,6236075,https://open.spotify.com/track/0w5Bdu51Ka25Pf3hojsKHh
88,"24K Magic","Bruno Mars",6127970,https://open.spotify.com/track/6b8Be6ljOzmkOmFslEb23P
89,GOD.,"Kendrick Lamar",6069031,https://open.spotify.com/track/5p3NP9mQblDsVJLdfNZJ3I
90,"Hear Me Now",Alok,6011389,https://open.spotify.com/track/1a5Yu5L18qNxVhXx38njON
91,T-Shirt,Migos,5982301,https://open.spotify.com/track/7KOlJ92bu51cltsD9KU5I7
92,"Reggaetón Lento (Bailemos)",CNCO,5975848,https://open.spotify.com/track/3AEZUABDXNtecAOSC1qTfo
93,"La Rompe Corazones","Daddy Yankee",5969185,https://open.spotify.com/track/4okba5wu9mMLXx79DXLKi3
94,"Look At Me!",XXXTENTACION,5936867,https://open.spotify.com/track/4ARPvK8DHLwt4oX65ZAFMw
95,Gyalchester,Drake,5819439,https://open.spotify.com/track/6UjfByV1lDLW0SOVQA4NAi
96,"Ahora Dice","Chris Jeday",5803385,https://open.spotify.com/track/22eADXu8DfOAUEDw4vU8qy
97,Starving,"Hailee Steinfeld",5793936,https://open.spotify.com/track/1qOLh0tI7trd1zdDKxYZTe
98,DUCKWORTH.,"Kendrick Lamar",5765140,https://open.spotify.com/track/0y9uTzK9cNKSAEHnpeRG8C
99,"Don't Wanna Know","Maroon 5",5690167,https://open.spotify.com/track/5MFzQMkrl1FOOng9tq6R9r
100,Swang,"Rae Sremmurd",5685533,https://open.spotify.com/track/6mapJIPnQ23RTAevUoE0DL
101,BLOOD.,"Kendrick Lamar",5629475,https://open.spotify.com/track/1n4jwRVXdkK2U34nBDUKKT
102,"Sola (Remix) [feat. Daddy Yankee, Wisin, Farruko, Zion & Lennox]","Anuel AA",5427014,https://open.spotify.com/track/5q2JbCNi4FcnglgPfxcV65
103,"All Time Low","Jon Bellion",5348563,https://open.spotify.com/track/1CnPYaKxTVb4LWOtiGOm0m
104,Redbone,"Childish Gambino",5230214,https://open.spotify.com/track/3kxfsdsCpFgN412fpnW85Y
105,"Don't Let Me Down","The Chainsmokers",5178844,https://open.spotify.com/track/0QsvXIfqM0zZoerQfsI9lm
106,"Drowning (feat. Kodak Black)","A Boogie Wit da Hoodie",5139073,https://open.spotify.com/track/6Q2FftbUG530lCtBI74bMH
107,Dive,"Ed Sheeran",5137953,https://open.spotify.com/track/51ChrwmUPDJvedPQnIU8Ls
108,"Me Llamas (feat. Maluma) - Remix","Piso 21",5029207,https://open.spotify.com/track/5hEM0JchdVzQ5PwvSfITeX
109,History,"Olivia Holt",5024116,https://open.spotify.com/track/0WCEaydwN65cvwaW8aqptF
110,Blem,Drake,4957059,https://open.spotify.com/track/2XlHu0HcujBCkWMdIAvrqt
111,"CAN'T STOP THE FEELING! (Original Song from DreamWorks Animation's ""TROLLS"")","Justin Timberlake",4920537,https://open.spotify.com/track/6JV2JOEocMgcZxYSZelKcc
112,"Heatstroke (feat. Young Thug, Pharrell Williams & Ariana Grande)","Calvin Harris",4840593,https://open.spotify.com/track/60APt5N2NRaKWf5xzJdzyC
113,Everyday,"Ariana Grande",4822369,https://open.spotify.com/track/3FiE2d325mIOc4YjkSLVJR
114,"In the Name of Love","Martin Garrix",4796368,https://open.spotify.com/track/04DwTuZ2VBdJCCC5TROn7L
115,"Ciao Adios",Anne-Marie,4785703,https://open.spotify.com/track/3EfugazgSddQvzZpkof5I4
116,"Break Up Every Night","The Chainsmokers",4777443,https://open.spotify.com/track/6cPyTS0Kk2sc4xQwC93kOg
117,"Cold Water (feat. Justin Bieber & MØ)","Major Lazer",4750266,https://open.spotify.com/track/6DNtNfH8hXkqOX1sjqmI7p
118,"Ay Mi Dios (feat. Pitbull, Yandel & Chacal)",IAmChino,4717360,https://open.spotify.com/track/6stYbAJgTszHAHZMPxWWCY
119,"Side To Side","Ariana Grande",4694637,https://open.spotify.com/track/4pLwZjInHj3SimIyN9SnOz
120,"Treat You Better","Shawn Mendes",4680388,https://open.spotify.com/track/4Hf7WnR761jpxPr5D46Bcd
121,"All Night","The Vamps",4680089,https://open.spotify.com/track/1yNyoWWWikbLhwIGWjZuDW
122,Rolex,"Ayo & Teo",4674204,https://open.spotify.com/track/0pSBuHjILhNEo55xK1zrRt
123,"Obsession (feat. Jon Bellion)",Vice,4662178,https://open.spotify.com/track/5pvVAwQbuFoR7LkcicrKnk
124,"Me Enamoré",Shakira,4643563,https://open.spotify.com/track/4qknM1pQz53QOyfDVTjcM9
125,"I Took A Pill In Ibiza - Seeb Remix","Mike Posner",4547556,https://open.spotify.com/track/17Fd6Yb7mSbinKG8LoWfFl
126,"Just Hold On","Steve Aoki",4462731,https://open.spotify.com/track/3EmmCZoqpWOTY1g2GBwJoR
127,"Love On The Brain",Rihanna,4445314,https://open.spotify.com/track/2aksifNn5ph8igDOkPBA02
128,"Vente Pa' Ca","Ricky Martin",4444014,https://open.spotify.com/track/7DM4BPaS7uofFul3ywMe46
129,"What Do I Know?","Ed Sheeran",4422535,https://open.spotify.com/track/2pJZ1v8HezrAoZ0Fhzby92
130,Mercy,"Shawn Mendes",4410078,https://open.spotify.com/track/4TZy1wLyHec06pwgFYDh1a
131,Heathens,"Twenty One Pilots",4308154,https://open.spotify.com/track/6i0V12jOa3mr6uu4WYhUBr
132,Photograph,"Ed Sheeran",4270050,https://open.spotify.com/track/6fxVffaTuwjgEk5h9QyRjy
133,"We Don't Talk Anymore","Charlie Puth",4227610,https://open.spotify.com/track/68EMU2RD1ECNeOeJ5qAXCV
134,"Bad Bitch (feat. Ty Dolla $ign) - (feat. Ty Dolla $ign)","Bebe Rexha",4220373,https://open.spotify.com/track/4ZJPwET9Jrgpkqi4Vo3Yg8
135,Skin,"Rag'n'Bone Man",4206548,https://open.spotify.com/track/6y2Kaz9QI01XBKJ8mTb7Pf
136,TG4M,"Zara Larsson",4188050,https://open.spotify.com/track/4uoumbAMEMaKdtiv763jKz
137,"At My Best (feat. Hailee Steinfeld)","Machine Gun Kelly",4182919,https://open.spotify.com/track/77lGafvlU68CeHgB2pkHC9
138,Safari,"J Balvin",4175376,https://open.spotify.com/track/6rQSrBHf7HlZjtcMZ4S4bO
139,"New Man","Ed Sheeran",4042684,https://open.spotify.com/track/5HDPtsnyb3maFmPL8LLUTG
140,"My Way","Calvin Harris",4017665,https://open.spotify.com/track/1vvNmPOiUuyCbgWmtc6yfm
141,"Alguien Robo","Sebastian Yatra",4004405,https://open.spotify.com/track/5i50gKdLAjjIr7UxRT5IVy
142,"Cheap Thrills",Sia,3983034,https://open.spotify.com/track/27SdWb2rFzO6GWiYDBTD9j
143,"Black Beatles","Rae Sremmurd",3981067,https://open.spotify.com/track/6fujklziTHa8uoM5OQSfIo
144,Human,"Rag'n'Bone Man",3941700,https://open.spotify.com/track/58zsLZPvfflaiIbNWoA22O
145,"Stressed Out","Twenty One Pilots",3938213,https://open.spotify.com/track/3CRDbSIZ4r5MsZ0YwxuEkn
146,Vacaciones,Wisin,3937829,https://open.spotify.com/track/3dQDid3IUNhZy1OehIfYfE
147,"Love Yourself","Justin Bieber",3926952,https://open.spotify.com/track/3hB5DgAiMAQ4DzYbsMq1IT
148,Faded,"Alan Walker",3886842,https://open.spotify.com/track/7gHs73wELdeycvS48JfIos
149,Moves,"Big Sean",3858155,https://open.spotify.com/track/0Fv5N0cHBsl4bzCbollCAS
150,"Thinking out Loud","Ed Sheeran",3854361,https://open.spotify.com/track/1Slwb6dOYkBlWal1PGtnNg
151,"Te Quiero Pa´Mi","Don Omar",3804654,https://open.spotify.com/track/3BY2mafsbsoKGqS380Xnuz
152,"Broccoli (feat. Lil Yachty)",DRAM,3762057,https://open.spotify.com/track/7yyRTcZmCiyzzJlNzGC9Ol
153,"Scars To Your Beautiful","Alessia Cara",3738693,https://open.spotify.com/track/0prNGof3XqfTvNDxHonvdK
154,"Work from Home (feat. Ty Dolla $ign)","Fifth Harmony",3728099,https://open.spotify.com/track/4tCtwWceOPWzenK2HAIJSb
155,Ride,"Twenty One Pilots",3720963,https://open.spotify.com/track/2Z8WuEywRWYTKe1NybPQEW
156,Sorry,"Justin Bieber",3697598,https://open.spotify.com/track/69bp2EbF7Q2rqc5N3ylezZ
157,Barcelona,"Ed Sheeran",3629544,https://open.spotify.com/track/3Lfiu5sZ4M4B6JaKMBc0FU
158,"Bad Things (with Camila Cabello)","Machine Gun Kelly",3623468,https://open.spotify.com/track/1PSBzsahR2AKwLJgx8ehBj
159,Traicionera,"Sebastian Yatra",3622609,https://open.spotify.com/track/5J1c3M4EldCfNxXwrwt8mT
160,"Teenage Fever",Drake,3620252,https://open.spotify.com/track/6n3HGiq4v35D6eFOSwqYuo
161,"This Is What You Came For","Calvin Harris",3615448,https://open.spotify.com/track/0azC730Exh71aQlOt9Zj3y
162,"Supermarket Flowers","Ed Sheeran",3607198,https://open.spotify.com/track/4VuS959DSpr82t3qBqCrWG
163,"Perfect Strangers","Jonas Blue",3588866,https://open.spotify.com/track/1CUVN2kn7mW5FjkqXTR2W1
164,"Don't Leave",Snakehips,3585581,https://open.spotify.com/track/0Zx8khUcEfCFK2AEoIhC92
165,"Lights Down Low",MAX,3571667,https://open.spotify.com/track/1sYSP7gKa5kdKIfhANfori
166,"Free Smoke",Drake,3557269,https://open.spotify.com/track/05KOgYg8PGeJyyWBPi5ja8
167,"Get It Together",Drake,3547921,https://open.spotify.com/track/7y6c07pgjZvtHI9kuMVqk1
168,"Shed a Light","Robin Schulz",3520732,https://open.spotify.com/track/1cG0umU5TKStygKsPFZ9pY
169,"This Girl (Kungs Vs. Cookin' On 3 Burners) - Kungs Vs. Cookin' On 3 Burners",Kungs,3452878,https://open.spotify.com/track/0tICYNayWWhH9GPeFrfjfD
170,Caroline,Aminé,3429296,https://open.spotify.com/track/5GFDrUTLGJix84sNhjCG0g
171,"All We Know","The Chainsmokers",3363449,https://open.spotify.com/track/2rizacJSyD9S1IQUxUxnsK
172,"Versace on the Floor","Bruno Mars",3354176,https://open.spotify.com/track/0kN8xEmgMW9mh7UmDYHlJP
173,"How Would You Feel (Paean)","Ed Sheeran",3349095,https://open.spotify.com/track/6PJ8FF6UR8FZXfEvpHkIVN
174,Lumbra,"Cali Y El Dandee",3346617,https://open.spotify.com/track/6VHdcVbiKLYYOcMbIqBcuK
175,"I Got You","Bebe Rexha",3345476,https://open.spotify.com/track/1FUViuNSldssMIawrOXF2i
176,Panda,Desiigner,3332858,https://open.spotify.com/track/5OOkp4U9P9oL23maHFHL1h
177,"No Lie","Sean Paul",3330844,https://open.spotify.com/track/3cFsmM51N5zMAuu1nNY4Tw
178,"Nights With You",MØ,3327751,https://open.spotify.com/track/5q5gzmbBS5yQzos2BvVr1t
179,"Sunset Lover","Petit Biscuit",3325684,https://open.spotify.com/track/0hNduWmlWmEmuwEFcYvRu1
180,"Lean On (feat. MØ & DJ Snake)","Major Lazer",3309350,https://open.spotify.com/track/4WjH9Bzt3kx7z8kl0awxh4
181,"Water Under the Bridge",Adele,3309014,https://open.spotify.com/track/4vb4mFvYsr2h6enhjJsq9Y
182,"Million Reasons","Lady Gaga",3265490,https://open.spotify.com/track/50PWlIBU7PlGGwzgN8TiFJ
183,"By Your Side","Jonas Blue",3251004,https://open.spotify.com/track/1D3ODoXHBLpdxolZRHWV1j
184,"Sucker For Pain (with Wiz Khalifa, Imagine Dragons, Logic & Ty Dolla $ign feat. X Ambassadors)","Lil Wayne",3236107,https://open.spotify.com/track/4dASQiO1Eoo3RJvt74FtXB
185,"Get Right Witcha",Migos,3234023,https://open.spotify.com/track/76Y0gxtTxN0FyDCYh5qYQj
186,"7 Years","Lukas Graham",3226531,https://open.spotify.com/track/7129iqBafaphfc3WPCGC0L
187,"Hey DJ",CNCO,3221430,https://open.spotify.com/track/209gZgcfLq2aUuu51vOWBl
188,"La Bicicleta","Carlos Vives",3211873,https://open.spotify.com/track/0sXvAOmXgjR2QUqLK1MltU
189,Alone,"Alan Walker",3197183,https://open.spotify.com/track/0JiVRyTJcJnmlwCZ854K4p
190,Up,NAV,3191345,https://open.spotify.com/track/5qbcsZMwL0x46sX7VO37Ye
191,"Lose Yourself - From ""8 Mile"" Soundtrack",Eminem,3188023,https://open.spotify.com/track/5Z01UMMf7V1o0MzF86s6WJ
192,"Cake By The Ocean",DNCE,3182376,https://open.spotify.com/track/2aFiaMXmWsM3Vj72F9ksBl
193,"i hate u, i love u (feat. olivia o'brien)",gnash,3159428,https://open.spotify.com/track/7vRriwrloYVaoAe3a9wJHe
194,"No Problem (feat. Lil Wayne & 2 Chainz)","Chance the Rapper",3129505,https://open.spotify.com/track/0v9Wz8o0BT8DU38R4ddjeH
195,"Deja vu","Prince Royce",3114258,https://open.spotify.com/track/46HdsiK0uR26B2dY9QPzda
196,"Dile Que Tu Me Quieres",Ozuna,3102786,https://open.spotify.com/track/20ZAJdsKB5IGbGj4ilRt2o
197,"Do Not Disturb",Drake,3091045,https://open.spotify.com/track/2KvHC9z14GSl4YpkNMX384
198,"Be the One","Dua Lipa",3085801,https://open.spotify.com/track/7FCfMXYTIiQ9b4hDYs4Iol
199,"Party Monster","The Weeknd",3082668,https://open.spotify.com/track/4F7A0DXBrmUAkp32uenhZt
200,"White Iverson","Post Malone",3063298,https://open.spotify.com/track/6eT7xZZlB2mwyzJ2sUKG6w
