,,,"Note that these figures are generated using a formula that protects against any artificial inflation of chart positions.",
Position,"Track Name",Artist,Streams,URL
1,"Shape of You","Ed Sheeran",52796064,https://open.spotify.com/track/7qiZfU4dY1lWllzX7mPBI3
2,Paris,"The Chainsmokers",28928405,https://open.spotify.com/track/72jbDTw1piOOj770jWNeaG
3,"I Don’t Wanna Live Forever (Fifty Shades Darker) - From ""Fifty Shades Darker (Original Motion Picture Soundtrack)""",ZAYN,26670991,https://open.spotify.com/track/3NdDpSvN911VPGivFlV5d0
4,"Castle on the Hill","Ed Sheeran",24353398,https://open.spotify.com/track/6PCUP3dWmTjcTtXY02oFdT
5,"Despacito (Featuring Daddy Yankee)","Luis Fonsi",22740029,https://open.spotify.com/track/4aWmUDTfIPGksMNLV2rQP2
6,"Rockabye (feat. Sean Paul & Anne-Marie)","Clean Bandit",22624857,https://open.spotify.com/track/5knuzwU65gJK7IF5yJsuaW
7,Starboy,"The Weeknd",20295877,https://open.spotify.com/track/5aAx2yezTd8zXrkmtKl66Z
8,"Say You Won't Let Go","James Arthur",19155402,https://open.spotify.com/track/5uCax9HTNlzGybIStD3vDh
9,"Bad and Boujee (feat. Lil Uzi Vert)",Migos,18937768,https://open.spotify.com/track/4Km5HrUvYTaSUfiSGPJeQR
10,Closer,"The Chainsmokers",18613708,https://open.spotify.com/track/7BKLCZ1jbUBVqRi2FVlTVw
11,"I Feel It Coming","The Weeknd",18047565,https://open.spotify.com/track/5GXAXm5YOmYT0kL5jHvYBt
12,"Don't Wanna Know","Maroon 5",17181459,https://open.spotify.com/track/5MFzQMkrl1FOOng9tq6R9r
13,"Call On Me - Ryan Riback Extended Remix",Starley,16695989,https://open.spotify.com/track/78rIJddV4X0HkNAInEcYde
14,"Chantaje (feat. Maluma)",Shakira,16172733,https://open.spotify.com/track/6mICuAdrwEjh6Y6lroV2Kg
15,"Fake Love",Drake,15142298,https://open.spotify.com/track/343YBumqHu19cGoGARUTsd
16,"Just Hold On","Steve Aoki",15019597,https://open.spotify.com/track/3EmmCZoqpWOTY1g2GBwJoR
17,"Bad Things (with Camila Cabello)","Machine Gun Kelly",14654940,https://open.spotify.com/track/1PSBzsahR2AKwLJgx8ehBj
18,"Let Me Love You","DJ Snake",14266997,https://open.spotify.com/track/4pdPtRcBmOSQDlJ3Fk945m
19,"Scared to Be Lonely","Martin Garrix",14012414,https://open.spotify.com/track/3ebXMykcMXOcLeJ9xZ17XH
20,"24K Magic","Bruno Mars",13753967,https://open.spotify.com/track/6b8Be6ljOzmkOmFslEb23P
21,"How Far I'll Go - From ""Moana""","Alessia Cara",13166608,https://open.spotify.com/track/5hYTyyh2odQKphUbMqc5gN
22,"All Night","The Vamps",12029184,https://open.spotify.com/track/1yNyoWWWikbLhwIGWjZuDW
23,"One Dance",Drake,11857196,https://open.spotify.com/track/1xznGGDReH1oQq0xzbwXa3
24,"Side To Side","Ariana Grande",11561508,https://open.spotify.com/track/4pLwZjInHj3SimIyN9SnOz
25,"Solo Dance","Martin Jensen",11105663,https://open.spotify.com/track/6HUnnBwYZqcED1eQztxMBN
26,"Cold Water (feat. Justin Bieber & MØ)","Major Lazer",11093577,https://open.spotify.com/track/6DNtNfH8hXkqOX1sjqmI7p
27,"Hear Me Now",Alok,11087923,https://open.spotify.com/track/1a5Yu5L18qNxVhXx38njON
28,"Black Beatles","Rae Sremmurd",11081424,https://open.spotify.com/track/6fujklziTHa8uoM5OQSfIo
29,"In the Name of Love","Martin Garrix",10935173,https://open.spotify.com/track/04DwTuZ2VBdJCCC5TROn7L
30,"Run Up (feat. PARTYNEXTDOOR & Nicki Minaj)","Major Lazer",10853287,https://open.spotify.com/track/0fg8CqpjdojMyXLNzM2PaJ
31,Mercy,"Shawn Mendes",10643214,https://open.spotify.com/track/4TZy1wLyHec06pwgFYDh1a
32,"Shed a Light","Robin Schulz",10395427,https://open.spotify.com/track/1cG0umU5TKStygKsPFZ9pY
33,"Now and Later","Sage The Gemini",10221023,https://open.spotify.com/track/43jBqV3j3Xi1g6wO0bhIMd
34,"Reggaetón Lento (Bailemos)",CNCO,10202134,https://open.spotify.com/track/3AEZUABDXNtecAOSC1qTfo
35,Issues,"Julia Michaels",10152254,https://open.spotify.com/track/1sXUWdKx03aP9Gmzft58rt
36,"All Time Low","Jon Bellion",9886145,https://open.spotify.com/track/1CnPYaKxTVb4LWOtiGOm0m
37,"Love Me Now","John Legend",9869359,https://open.spotify.com/track/6nxQdXa1uAL0rY72wPZu89
38,T-Shirt,Migos,9703128,https://open.spotify.com/track/7KOlJ92bu51cltsD9KU5I7
39,Starving,"Hailee Steinfeld",9699369,https://open.spotify.com/track/1qOLh0tI7trd1zdDKxYZTe
40,"I Would Like","Zara Larsson",9454320,https://open.spotify.com/track/4Q4jmPHwu0wrJvqrld0FQ6
41,"My Way","Calvin Harris",9431866,https://open.spotify.com/track/1vvNmPOiUuyCbgWmtc6yfm
42,Weak,AJR,9385191,https://open.spotify.com/track/3E2Zh20GDCR9B1EYjfXWyv
43,"Bounce Back","Big Sean",9274387,https://open.spotify.com/track/0SGkqnVQo9KPytSri1H6cF
44,Alone,"Alan Walker",9037968,https://open.spotify.com/track/0JiVRyTJcJnmlwCZ854K4p
45,Heathens,"Twenty One Pilots",8331764,https://open.spotify.com/track/6i0V12jOa3mr6uu4WYhUBr
46,"All We Know","The Chainsmokers",8330545,https://open.spotify.com/track/2rizacJSyD9S1IQUxUxnsK
47,"Scars To Your Beautiful","Alessia Cara",8311874,https://open.spotify.com/track/0prNGof3XqfTvNDxHonvdK
48,"By Your Side","Jonas Blue",8230517,https://open.spotify.com/track/1D3ODoXHBLpdxolZRHWV1j
49,Caroline,Aminé,8053034,https://open.spotify.com/track/5GFDrUTLGJix84sNhjCG0g
50,"Treat You Better","Shawn Mendes",7994549,https://open.spotify.com/track/4Hf7WnR761jpxPr5D46Bcd
51,"Don't Leave",Snakehips,7726011,https://open.spotify.com/track/0Zx8khUcEfCFK2AEoIhC92
52,"El Amante","Nicky Jam",7423671,https://open.spotify.com/track/3umS4y3uQDkqekNjVpiRUs
53,"iSpy (feat. Lil Yachty)",KYLE,7248915,https://open.spotify.com/track/2EEeOnHehOozLq4aS0n6SL
54,Safari,"J Balvin",7248316,https://open.spotify.com/track/6rQSrBHf7HlZjtcMZ4S4bO
55,"Otra vez (feat. J Balvin)","Zion & Lennox",7030189,https://open.spotify.com/track/3QwBODjSEzelZyVjxPOHdq
56,"Don't Let Me Down","The Chainsmokers",6904936,https://open.spotify.com/track/0QsvXIfqM0zZoerQfsI9lm
57,Human,"Rag'n'Bone Man",6601276,https://open.spotify.com/track/58zsLZPvfflaiIbNWoA22O
58,"We Don't Talk Anymore","Charlie Puth",6536919,https://open.spotify.com/track/68EMU2RD1ECNeOeJ5qAXCV
59,"Sunset Lover","Petit Biscuit",6458551,https://open.spotify.com/track/0hNduWmlWmEmuwEFcYvRu1
60,"CAN'T STOP THE FEELING! (Original Song from DreamWorks Animation's ""TROLLS"")","Justin Timberlake",6447364,https://open.spotify.com/track/6JV2JOEocMgcZxYSZelKcc
61,"Water Under the Bridge",Adele,6404440,https://open.spotify.com/track/4vb4mFvYsr2h6enhjJsq9Y
62,"Lot to Learn","Luke Christopher",6347316,https://open.spotify.com/track/3TRFq09DUgYj1mug6RRqJW
63,"I Got You","Bebe Rexha",6232376,https://open.spotify.com/track/1FUViuNSldssMIawrOXF2i
64,"Make Me (Cry)","Noah Cyrus",6169862,https://open.spotify.com/track/2BrzlUj1u1CtvaJDGIKpsP
65,Photograph,"Ed Sheeran",6148137,https://open.spotify.com/track/6fxVffaTuwjgEk5h9QyRjy
66,"Broccoli (feat. Lil Yachty)",DRAM,6016601,https://open.spotify.com/track/7yyRTcZmCiyzzJlNzGC9Ol
67,"Vente Pa' Ca","Ricky Martin",5849642,https://open.spotify.com/track/7DM4BPaS7uofFul3ywMe46
68,Sexual,NEIKED,5805410,https://open.spotify.com/track/3AsAuGTaDQzavZZThyYlop
69,Touch,"Little Mix",5708582,https://open.spotify.com/track/5Ua3GXyHwiSfpNTMjq6m2z
70,"Party Monster","The Weeknd",5655122,https://open.spotify.com/track/4F7A0DXBrmUAkp32uenhZt
71,"You Don't Know Me - Radio Edit","Jax Jones",5479849,https://open.spotify.com/track/00lNx0OcTJrS3MKHcB80HY
72,"It's Gotta Be You",Isaiah,5477242,https://open.spotify.com/track/6cAKeFFYW2aClZSUyvqAEW
73,"I Took A Pill In Ibiza - Seeb Remix","Mike Posner",5468641,https://open.spotify.com/track/17Fd6Yb7mSbinKG8LoWfFl
74,Redbone,"Childish Gambino",5439914,https://open.spotify.com/track/3kxfsdsCpFgN412fpnW85Y
75,"Lighthouse - Andrelli Remix","Hearts & Colors",5387811,https://open.spotify.com/track/04CttTezSnv71USiiG9mIo
76,"Thinking out Loud","Ed Sheeran",5198512,https://open.spotify.com/track/1Slwb6dOYkBlWal1PGtnNg
77,"September Song","JP Cooper",5150836,https://open.spotify.com/track/0FuTx2s3YH1ppmtiM6l0zI
78,"The Greatest",Sia,5149219,https://open.spotify.com/track/7xHWNBFm6ObGEQPaUxHuKO
79,"Ay Mi Dios (feat. Pitbull, Yandel & Chacal)",IAmChino,5111757,https://open.spotify.com/track/6stYbAJgTszHAHZMPxWWCY
80,"No Lie","Sean Paul",5092269,https://open.spotify.com/track/3cFsmM51N5zMAuu1nNY4Tw
81,"Cheap Thrills",Sia,5089919,https://open.spotify.com/track/27SdWb2rFzO6GWiYDBTD9j
82,"The Mack",Nevada,5089852,https://open.spotify.com/track/7aV2mflaASUmGhCErm7kBO
83,Vacaciones,Wisin,5042825,https://open.spotify.com/track/3dQDid3IUNhZy1OehIfYfE
84,"X (feat. Future)","21 Savage",5028828,https://open.spotify.com/track/6fwdbPMwP1zVStm8FybmkO
85,Ride,"Twenty One Pilots",5000361,https://open.spotify.com/track/2Z8WuEywRWYTKe1NybPQEW
86,"Deja Vu","J. Cole",4979054,https://open.spotify.com/track/6I6NX6tjGsxFAsIfGzY9lJ
87,"This Is What You Came For","Calvin Harris",4947653,https://open.spotify.com/track/0azC730Exh71aQlOt9Zj3y
88,"So Good (feat. Ty Dolla $ign)","Zara Larsson",4926973,https://open.spotify.com/track/54LGxQGf5LPXNGjtzDZ5IE
89,"Perfect Strangers","Jonas Blue",4924246,https://open.spotify.com/track/1CUVN2kn7mW5FjkqXTR2W1
90,"Versace on the Floor","Bruno Mars",4919755,https://open.spotify.com/track/0kN8xEmgMW9mh7UmDYHlJP
91,"Stressed Out","Twenty One Pilots",4872351,https://open.spotify.com/track/3CRDbSIZ4r5MsZ0YwxuEkn
92,Faded,"Alan Walker",4861926,https://open.spotify.com/track/7gHs73wELdeycvS48JfIos
93,"i hate u, i love u (feat. olivia o'brien)",gnash,4840154,https://open.spotify.com/track/7vRriwrloYVaoAe3a9wJHe
94,"Me Llamas (feat. Maluma) - Remix","Piso 21",4824679,https://open.spotify.com/track/5hEM0JchdVzQ5PwvSfITeX
95,Panda,Desiigner,4774019,https://open.spotify.com/track/5OOkp4U9P9oL23maHFHL1h
96,"Steady 1234 (feat. Jasmine Thompson & Skizzy Mars)",Vice,4759762,https://open.spotify.com/track/40UroIGvsMPLPBYwH8rMNA
97,"Some Kind Of Drug",G-Eazy,4708154,https://open.spotify.com/track/1Bqxj0aH5KewYHKUg1IdrF
98,"Too Good",Drake,4698025,https://open.spotify.com/track/11KJSRSgaDxqydKYiD2Jew
99,"Work from Home (feat. Ty Dolla $ign)","Fifth Harmony",4656858,https://open.spotify.com/track/4tCtwWceOPWzenK2HAIJSb
100,"Dile Que Tu Me Quieres",Ozuna,4630953,https://open.spotify.com/track/20ZAJdsKB5IGbGj4ilRt2o
101,"Kelly Price (feat. Travis Scott)",Migos,4598755,https://open.spotify.com/track/204U3zjm9kkzX25Pr4Rdld
102,"La Bicicleta","Carlos Vives",4545192,https://open.spotify.com/track/0sXvAOmXgjR2QUqLK1MltU
103,"Love Yourself","Justin Bieber",4484099,https://open.spotify.com/track/3hB5DgAiMAQ4DzYbsMq1IT
104,Traicionera,"Sebastian Yatra",4457854,https://open.spotify.com/track/5J1c3M4EldCfNxXwrwt8mT
105,History,"Olivia Holt",4447559,https://open.spotify.com/track/0WCEaydwN65cvwaW8aqptF
106,"Sucker For Pain (with Wiz Khalifa, Imagine Dragons, Logic & Ty Dolla $ign feat. X Ambassadors)","Lil Wayne",4414400,https://open.spotify.com/track/4dASQiO1Eoo3RJvt74FtXB
107,"No Heart","21 Savage",4412627,https://open.spotify.com/track/4gmmRb6bZJffOOiww1JGTO
108,"Cake - Challenge Version","Flo Rida",4406035,https://open.spotify.com/track/6t2ubAB4iSYOuIpRAOGd4t
109,Sorry,"Justin Bieber",4380692,https://open.spotify.com/track/69bp2EbF7Q2rqc5N3ylezZ
110,"Not Going Home",DVBBS,4345417,https://open.spotify.com/track/042x9bsUBWW2fJgJ6fUh61
111,"Chill Bill (feat. J. Davi$ & Spooks)","Rob $tone",4335994,https://open.spotify.com/track/5uDASfU19gDxSjW8cnCaBp
112,"Trust Nobody (feat. Selena Gomez & Tory Lanez)","Cashmere Cat",4329839,https://open.spotify.com/track/2wDjpPW3HZdA9quPPmZAMu
113,Sneakin’,Drake,4282142,https://open.spotify.com/track/4ckuS4Nj4FZ7i3Def3Br8W
114,Light,"San Holo",4281481,https://open.spotify.com/track/7zTx8ePYAmPFQuxP3xlXZn
115,Swang,"Rae Sremmurd",4277107,https://open.spotify.com/track/6mapJIPnQ23RTAevUoE0DL
116,"Call Casting",Migos,4238619,https://open.spotify.com/track/0jOfl1nZf6sVBTG08Q4brn
117,"Slippery (feat. Gucci Mane)",Migos,4190897,https://open.spotify.com/track/6p8NuHm8uCGnn2Dtbtf7zE
118,"Get Right Witcha",Migos,4158758,https://open.spotify.com/track/76Y0gxtTxN0FyDCYh5qYQj
119,Congratulations,"Post Malone",4140168,https://open.spotify.com/track/3a1lNhkSLSkpJE4MSHpDu9
120,"Fresh Eyes","Andy Grammer",4124113,https://open.spotify.com/track/4nMlau89VAjmV7agkl7OY3
121,Capsize,FRENSHIP,4115412,https://open.spotify.com/track/2XMTqoHHSH0lvuXrvIEdco
122,"Needed Me",Rihanna,4086890,https://open.spotify.com/track/1Tt4sE4pXi57mTD1GCzsqm
123,"Shout Out to My Ex","Little Mix",4082909,https://open.spotify.com/track/0YHUITU3w6ws1v8ehT264g
124,"The Ocean (feat. Shy Martin)","Mike Perry",4077393,https://open.spotify.com/track/2CPqh63wRVscbceKcPxwvv
125,"Love On The Brain",Rihanna,4067447,https://open.spotify.com/track/2aksifNn5ph8igDOkPBA02
126,Controlla,Drake,4064153,https://open.spotify.com/track/6F609ICg9Spjrw1epsAnpa
127,"Romantic - NOTD Remix",Stanaj,4057461,https://open.spotify.com/track/3SGWp9fJCzgK0WcpcKSQdy
128,"Hymn for the Weekend - Seeb Remix",Coldplay,4050651,https://open.spotify.com/track/1OAiWI2oPmglaOiv9fdioU
129,"Setting Fires","The Chainsmokers",4044673,https://open.spotify.com/track/0B8B8cVRFIG1yznoQe7c9s
130,"Oceans Away","A R I Z O N A",3978508,https://open.spotify.com/track/6A8dnC0xkiuWN4BshmTB2I
131,"This Town","Niall Horan",3970145,https://open.spotify.com/track/5nA67Y0XX9JipZwYxX7Gl7
132,Work,Rihanna,3964348,https://open.spotify.com/track/14WWzenpaEgQZlqPq2nk4v
133,"That's What I Like","Bruno Mars",3956607,https://open.spotify.com/track/0KKkJNfGyhkQ5aFogxQAPU
134,"City Of Stars - From ""La La Land"" Soundtrack","Ryan Gosling",3861545,https://open.spotify.com/track/0LtVx5vsq9nfpGsWgjUin6
135,"7 Years","Lukas Graham",3802471,https://open.spotify.com/track/7129iqBafaphfc3WPCGC0L
136,"Cake By The Ocean",DNCE,3759101,https://open.spotify.com/track/2aFiaMXmWsM3Vj72F9ksBl
137,"Light It Up (feat. Nyla & Fuse ODG) - Remix","Major Lazer",3740963,https://open.spotify.com/track/0L7loeTIg6akW84aEQZpCT
138,"Six Feet Under","The Weeknd",3725354,https://open.spotify.com/track/4mU5iXHeLgbR94siF7p1sY
139,"The Other",Lauv,3665933,https://open.spotify.com/track/1lntL1cI2UIWlxjL5QiN8g
140,"Into You","Ariana Grande",3657857,https://open.spotify.com/track/7yHEDfrJNd0zWOfXwydNH0
141,"Shaky Shaky","Daddy Yankee",3656850,https://open.spotify.com/track/58IL315gMSTD37DOZPJ2hf
142,goosebumps,"Travis Scott",3656344,https://open.spotify.com/track/6gBFPUFcJLzWGx4lenP6h2
143,Sidewalks,"The Weeknd",3639131,https://open.spotify.com/track/4h90qkbnW1Qq6pBhoPvwko
144,"Love on Me",Galantis,3633685,https://open.spotify.com/track/2MHCiOohBZEQuLgDTPvSzF
145,"This Girl (Kungs Vs. Cookin' On 3 Burners) - Kungs Vs. Cookin' On 3 Burners",Kungs,3632711,https://open.spotify.com/track/0tICYNayWWhH9GPeFrfjfD
146,Moves,"Big Sean",3585051,https://open.spotify.com/track/0Fv5N0cHBsl4bzCbollCAS
147,"Final Song",MØ,3559961,https://open.spotify.com/track/4qqArAiTPueDxIp7cf87h7
148,"Andas En Mi Cabeza","Chino & Nacho",3554527,https://open.spotify.com/track/5mey7CLLuFToM2P68Qu1gF
149,"pick up the phone","Young Thug",3521436,https://open.spotify.com/track/20dP2DaMHIAmwWAbp7peSr
150,"Sola (Remix) [feat. Daddy Yankee, Wisin, Farruko, Zion & Lennox]","Anuel AA",3490814,https://open.spotify.com/track/5q2JbCNi4FcnglgPfxcV65
151,"Both (feat. Drake)","Gucci Mane",3479436,https://open.spotify.com/track/5tFep7dXGd7vEJ668wTPux
152,Middle,"DJ Snake",3478345,https://open.spotify.com/track/4OZEu0Vwq0RB2LAq14v99n
153,"Send My Love (To Your New Lover)",Adele,3451791,https://open.spotify.com/track/4BHzQ9C00ceJxfG16AlNWb
154,"Gyal You A Party Animal - Remix","Charly Black",3441387,https://open.spotify.com/track/1AkTW13ysu0AJrwuM6UY0I
155,"Dancing On My Own","Calum Scott",3427463,https://open.spotify.com/track/02WacdrRpm4zlP8H7X6bnQ
156,"Lean On (feat. MØ & DJ Snake)","Major Lazer",3406026,https://open.spotify.com/track/4WjH9Bzt3kx7z8kl0awxh4
157,"Let It Go","James Bay",3324704,https://open.spotify.com/track/13HVjjWUZFaWilh2QUJKsP
158,"Fast Car","Jonas Blue",3303460,https://open.spotify.com/track/6OZh916QF8XNunWaP97WEZ
159,Love$ick,"Mura Masa",3277225,https://open.spotify.com/track/5v9N8Rx3QsFvr50cxyQcA3
160,"No Problem (feat. Lil Wayne & 2 Chainz)","Chance the Rapper",3275787,https://open.spotify.com/track/0v9Wz8o0BT8DU38R4ddjeH
161,"Lose Yourself - From ""8 Mile"" Soundtrack",Eminem,3253450,https://open.spotify.com/track/5Z01UMMf7V1o0MzF86s6WJ
162,"Another Day Of Sun - From ""La La Land"" Soundtrack","La La Land Cast",3247944,https://open.spotify.com/track/0zCfmceT1YvtZXGbR6Roht
163,"You Was Right","Lil Uzi Vert",3247133,https://open.spotify.com/track/2ANLarE8yHVsLWW21nj79M
164,"DUELE EL CORAZON","Enrique Iglesias",3221824,https://open.spotify.com/track/6YZdkObH88npeKrrkb8Ggf
165,"Me, Myself & I",G-Eazy,3216011,https://open.spotify.com/track/40YcuQysJ0KlGQTeGUosTC
166,Hello,Adele,3191827,https://open.spotify.com/track/4sPmO7WMQUAf45kwMOtONw
167,PILLOWTALK,ZAYN,3179629,https://open.spotify.com/track/0PDUDa38GO8lMxLCRc4lL1
168,"Te Quiero Pa´Mi","Don Omar",3178042,https://open.spotify.com/track/3BY2mafsbsoKGqS380Xnuz
169,"Taped up Heart (feat. Clara Mae)",KREAM,3168052,https://open.spotify.com/track/26hcyzSE154xMZCbFdtInA
170,"Chillax (feat. Ky-Mani Marley)",Farruko,3165041,https://open.spotify.com/track/1lxswgIpzV6HhENRvkflES
171,Stitches,"Shawn Mendes",3140608,https://open.spotify.com/track/1WP1r7fuvRqZRnUaTi2I1Q
172,Roses,"The Chainsmokers",3128863,https://open.spotify.com/track/6O6M7pJLABmfBRoGZMu76Y
173,"Borro Cassette",Maluma,3080403,https://open.spotify.com/track/6DUdDIRgLqCGq1DwkNWQTN
174,Cocoon,"Milky Chance",3053924,https://open.spotify.com/track/0L87MffumRNWrY2SNUFcvs
175,"Let Her Go",Passenger,3020829,https://open.spotify.com/track/2jyjhRf6DVbMPU5zxagN2h
176,"No Role Modelz","J. Cole",3019986,https://open.spotify.com/track/62vpWI1CHwFy7tMIcSStl8
177,"White Iverson","Post Malone",3019501,https://open.spotify.com/track/6eT7xZZlB2mwyzJ2sUKG6w
178,"Cuatro Babys",Maluma,3001369,https://open.spotify.com/track/0JoHqmlqE0W0i9prt6kcHR
179,"Used to This",Future,2978058,https://open.spotify.com/track/78sr3ogs4UzITcCNbXM9cM
180,"Low Life",Future,2974859,https://open.spotify.com/track/7EiZI6JVHllARrX9PUvAdX
181,"The Hills","The Weeknd",2969345,https://open.spotify.com/track/25khomWgBVamSdKw7hzm3l
182,"Culture (feat. DJ Khaled)",Migos,2968217,https://open.spotify.com/track/4oLuMvGQ4WJfU2s4OM6nfE
183,Sex,"Cheat Codes",2954755,https://open.spotify.com/track/5DA77EqppDmCTWGovd4oTP
184,"Juju On That Beat (TZ Anthem)","Zay Hilfigerrr",2946142,https://open.spotify.com/track/1lItf5ZXJc1by9SbPeljFd
185,"I See Fire - From ""The Hobbit - The Desolation Of Smaug""","Ed Sheeran",2945241,https://open.spotify.com/track/3B7udSGy2PfgoCniMSb523
186,"Never Be Like You",Flume,2929529,https://open.spotify.com/track/12REd1n8PeiHHWOh066tpr
187,"What Do You Mean?","Justin Bieber",2909232,https://open.spotify.com/track/3pzjHKrQSvXGHQ98dx18HI
188,"'Till I Collapse",Eminem,2909225,https://open.spotify.com/track/6yr8GiTHWvFfi4o6Q5ebdT
189,"All of Me","John Legend",2886226,https://open.spotify.com/track/2q6tgiA9tpb6DMguABwCWE
190,"Lush Life","Zara Larsson",2879787,https://open.spotify.com/track/1rIKgCH4H52lrvDcz50hS8
191,Party,"Chris Brown",2869087,https://open.spotify.com/track/05Z7jet4VDNVgNQWcYHnrk
192,"Hotline Bling",Drake,2855807,https://open.spotify.com/track/2FBUoWkIuQXwayw2RNo5l6
193,"Brown Paper Bag",Migos,2829619,https://open.spotify.com/track/5wihevBA7MO9PNYyWyTfkh
194,Jumpman,Drake,2828148,https://open.spotify.com/track/27GmP9AWRs744SzKcpJsTZ
195,"Ain't My Fault","Zara Larsson",2797421,https://open.spotify.com/track/0ADG9OgdVTL7fgREP75BrZ
196,"Million Reasons","Lady Gaga",2792713,https://open.spotify.com/track/50PWlIBU7PlGGwzgN8TiFJ
197,"Stay With Me","Sam Smith",2770060,https://open.spotify.com/track/5Db9VIdDsN5yu3Eu7CT0i4
198,Reminder,"The Weeknd",2749779,https://open.spotify.com/track/37F0uwRSrdzkBiuj0D5UHI
199,"Take Me To Church",Hozier,2735639,https://open.spotify.com/track/0IqKeD8ZSP72KbGYyzEcAs
200,Selfish,"PnB Rock",2727845,https://open.spotify.com/track/2xbI8Vmyv3TkpTdywpPyNw
