,,,"Note that these figures are generated using a formula that protects against any artificial inflation of chart positions.",
Position,"Track Name",Artist,Streams,URL
1,"Despacito - Remix","Luis Fonsi",41954303,https://open.spotify.com/track/5CtI0qwDJkDQGwXD1H1cLb
2,"Wild Thoughts (feat. Rihanna & Bryson Tiller)","DJ Khaled",31148293,https://open.spotify.com/track/1OAh8uOEOvTDqkKFsKksCi
3,"I'm the One (feat. Justin Bieber, Quavo, Chance the Rapper & Lil Wayne)","DJ Khaled",29286103,https://open.spotify.com/track/3DXncPQOG4VBw3QHh3S817
4,"2U (feat. Justin Bieber)","David Guetta",26556776,https://open.spotify.com/track/3A7qX2QjDlPnazUsRk5y0M
5,"Shape of You","Ed Sheeran",24376850,https://open.spotify.com/track/7qiZfU4dY1lWllzX7mPBI3
6,Unforgettable,"French Montana",23218772,https://open.spotify.com/track/1F2HXIJrE2Xn81OzT2zZvW
7,Attention,"Charlie Puth",21275037,https://open.spotify.com/track/4iLqG9SeJSnt0cSPICSjxv
8,"Feels (feat. Pharrell Williams, Katy Perry & Big Sean)","Calvin Harris",20953829,https://open.spotify.com/track/5bcTCxgc7xVfSaMV3RuVke
9,Thunder,"Imagine Dragons",20499097,https://open.spotify.com/track/0tKcYR2II1VCQWT79i5NrW
10,"Strip That Down","Liam Payne",19527026,https://open.spotify.com/track/6EpRaXYhGOB3fj4V2uDkMJ
11,Mama,"Jonas Blue",18851848,https://open.spotify.com/track/4xlrALxuaCf9yZBHJeTSG6
12,"There's Nothing Holdin' Me Back","Shawn Mendes",18552275,https://open.spotify.com/track/79cuOz3SPQTuFrp8WgftAu
13,"XO TOUR Llif3","Lil Uzi Vert",17759337,https://open.spotify.com/track/2eMwDehkIC1j68U6FA3Eiq
14,"Despacito (Featuring Daddy Yankee)","Luis Fonsi",17149770,https://open.spotify.com/track/4aWmUDTfIPGksMNLV2rQP2
15,HUMBLE.,"Kendrick Lamar",17102414,https://open.spotify.com/track/7KXjTSCq5nL1LoYtL7XAwS
16,"Something Just Like This","The Chainsmokers",16560123,https://open.spotify.com/track/6RUKPb4LETWmmr3iAEQktW
17,"Swalla (feat. Nicki Minaj & Ty Dolla $ign)","Jason Derulo",16264908,https://open.spotify.com/track/6kex4EBAj0WHXDKZMEJaaF
18,"Slide (feat. Frank Ocean & Migos)","Calvin Harris",16236727,https://open.spotify.com/track/7tr2za8SQg2CI8EDgrdtNl
19,Signs,Drake,15960379,https://open.spotify.com/track/6Na5uKk5SsqZimk0hAWo8y
20,"There for You","Martin Garrix",15581457,https://open.spotify.com/track/6jA8HL9i4QGzsj6fjoxp8Y
21,Believer,"Imagine Dragons",15276562,https://open.spotify.com/track/0CcQNd8CINkwQfe1RDtGV6
22,"Stay (with Alessia Cara)",Zedd,14554290,https://open.spotify.com/track/0dA2Mk56wEzDgegdC6R17g
23,"Felices los 4",Maluma,14126606,https://open.spotify.com/track/0qYTZCo5Bwh1nsUFGZP3zn
24,Congratulations,"Post Malone",14093043,https://open.spotify.com/track/3a1lNhkSLSkpJE4MSHpDu9
25,"More Than You Know","Axwell /\ Ingrosso",13941245,https://open.spotify.com/track/4q8PHoRsPUB52LFylX8Ulz
26,"That's What I Like","Bruno Mars",13701378,https://open.spotify.com/track/0KKkJNfGyhkQ5aFogxQAPU
27,"Pretty Girl - Cheat Codes X CADE Remix","Maggie Lindemann",13604504,https://open.spotify.com/track/1NDxZ7cFAo481dtYWdrUnR
28,"Symphony (feat. Zara Larsson)","Clean Bandit",13281412,https://open.spotify.com/track/1x5sYLZiu9r5E43kMlt9f8
29,"Bad Liar","Selena Gomez",13088098,https://open.spotify.com/track/1sCxVKWImDZSZKvG0U9B23
30,"Me Rehúso","Danny Ocean",12917620,https://open.spotify.com/track/6De0lHrwBfPfrhorm9q1Xl
31,"Mask Off",Future,12861099,https://open.spotify.com/track/3rOSwuTsUlJp0Pu0MkN8r8
32,"Mi Gente","J Balvin",12176209,https://open.spotify.com/track/2rb5MvYT7ZIxbKW5hfcHx8
33,"Know No Better (feat. Travis Scott, Camila Cabello & Quavo)","Major Lazer",12055667,https://open.spotify.com/track/3Ytr1SUCUi6J3L9dRFx5iH
34,"It Ain't Me (with Selena Gomez)",Kygo,11966491,https://open.spotify.com/track/3eR23VReFzcdmS7TYCrhCe
35,"Slow Hands","Niall Horan",11861691,https://open.spotify.com/track/167NczpNbRF7oWakJaY3Hh
36,"Your Song","Rita Ora",11853127,https://open.spotify.com/track/4c2W3VKsOFoIg2SFaO6DY5
37,"Crying in the Club","Camila Cabello",11666166,https://open.spotify.com/track/1SJtlNRJDeYHioymcvsqev
38,"Rollin (feat. Future & Khalid)","Calvin Harris",11630743,https://open.spotify.com/track/0lMbuWUpfTWhEmOKxppEau
39,Redbone,"Childish Gambino",11326377,https://open.spotify.com/track/3kxfsdsCpFgN412fpnW85Y
40,"SUBEME LA RADIO","Enrique Iglesias",11071778,https://open.spotify.com/track/7nKBxz47S9SD79N086fuhn
41,Malibu,"Miley Cyrus",11002831,https://open.spotify.com/track/2habSXqcJGExM6JJyskY7O
42,"No Promises (feat. Demi Lovato)","Cheat Codes",10893877,https://open.spotify.com/track/1louJpMmzEicAn7lzDalPW
43,"First Time",Kygo,10657397,https://open.spotify.com/track/2Gl0FzuLxflY6nPifJp5Dr
44,"Galway Girl","Ed Sheeran",10600138,https://open.spotify.com/track/0afhq8XCExXpqazXczTSve
45,Location,Khalid,10312884,https://open.spotify.com/track/152lZdxL1OR0ZMW6KquMif
46,"Escápate Conmigo",Wisin,10014001,https://open.spotify.com/track/2cnKEkpVUSV4wnjQiTWfH6
47,Passionfruit,Drake,9702366,https://open.spotify.com/track/7hDc8b7IXETo14hHIHdnhd
48,"Now Or Never",Halsey,9602925,https://open.spotify.com/track/0Nhu3zSYbEz32IYiobV75e
49,DNA.,"Kendrick Lamar",9203753,https://open.spotify.com/track/6HZILIRieu8S0iqY8kIKhj
50,1-800-273-8255,Logic,9178533,https://open.spotify.com/track/5tz69p7tJuGPeMGwNTxYuV
51,"Swish Swish","Katy Perry",8324872,https://open.spotify.com/track/2kVHAQKVtczchKctctzbtK
52,"Ahora Dice","Chris Jeday",8128807,https://open.spotify.com/track/22eADXu8DfOAUEDw4vU8qy
53,"Hey DJ",CNCO,7819623,https://open.spotify.com/track/209gZgcfLq2aUuu51vOWBl
54,"Sign of the Times","Harry Styles",7706078,https://open.spotify.com/track/5Ohxk2dO5COHF1krpoPigN
55,Issues,"Julia Michaels",7499588,https://open.spotify.com/track/1sXUWdKx03aP9Gmzft58rt
56,"OK - Spotify Version","Robin Schulz",7456994,https://open.spotify.com/track/3bWAqKDWg6u1davspr5IkS
57,"Most Girls","Hailee Steinfeld",7291457,https://open.spotify.com/track/2mfUa8bLs2s5N4VaqJZ4lZ
58,"I Like Me Better",Lauv,7270630,https://open.spotify.com/track/1wjzFQodRWrPcQ0AnYnvQ9
59,"Rockabye (feat. Sean Paul & Anne-Marie)","Clean Bandit",7187375,https://open.spotify.com/track/5knuzwU65gJK7IF5yJsuaW
60,"BUTTERFLY EFFECT","Travis Scott",7106024,https://open.spotify.com/track/1yxgsra98r3qAtxqiGZPiX
61,"Una Lady Como Tú","Manuel Turizo",7052780,https://open.spotify.com/track/7MHN1aCFtLXjownGhvEQlF
62,goosebumps,"Travis Scott",7015172,https://open.spotify.com/track/6gBFPUFcJLzWGx4lenP6h2
63,Closer,"The Chainsmokers",6944227,https://open.spotify.com/track/7BKLCZ1jbUBVqRi2FVlTVw
64,"Body Like A Back Road","Sam Hunt",6940390,https://open.spotify.com/track/7mldq42yDuxiUNn08nvzHO
65,Bonita,"J Balvin",6827731,https://open.spotify.com/track/693iqPOQvhI7PobtR8CC8v
66,Magnolia,"Playboi Carti",6758329,https://open.spotify.com/track/1e1JKLEDKP7hEQzJfNAgPl
67,"Say You Won't Let Go","James Arthur",6718348,https://open.spotify.com/track/5uCax9HTNlzGybIStD3vDh
68,Down,"Fifth Harmony",6546471,https://open.spotify.com/track/7LEydI5NfjY6mZfKwYIptZ
69,"iSpy (feat. Lil Yachty)",KYLE,6482554,https://open.spotify.com/track/2EEeOnHehOozLq4aS0n6SL
70,"Scared to Be Lonely","Martin Garrix",6401459,https://open.spotify.com/track/3ebXMykcMXOcLeJ9xZ17XH
71,"Me Enamoré",Shakira,6168158,https://open.spotify.com/track/4qknM1pQz53QOyfDVTjcM9
72,"El Amante","Nicky Jam",6149470,https://open.spotify.com/track/3umS4y3uQDkqekNjVpiRUs
73,"Slippery (feat. Gucci Mane)",Migos,6091772,https://open.spotify.com/track/6p8NuHm8uCGnn2Dtbtf7zE
74,"I Feel It Coming","The Weeknd",6069156,https://open.spotify.com/track/5GXAXm5YOmYT0kL5jHvYBt
75,"One Dance",Drake,5966180,https://open.spotify.com/track/1xznGGDReH1oQq0xzbwXa3
76,"I Don’t Wanna Live Forever (Fifty Shades Darker) - From ""Fifty Shades Darker (Original Motion Picture Soundtrack)""",ZAYN,5934080,https://open.spotify.com/track/3NdDpSvN911VPGivFlV5d0
77,"Hey Ma (with Pitbull & J Balvin feat. Camila Cabello) - Spanish Version",Pitbull,5930908,https://open.spotify.com/track/2Vdub5mY4lad7w64bFPUez
78,"Tu Foto",Ozuna,5930747,https://open.spotify.com/track/0Szp49tpFasIjX04Mcsydp
79,Tuesday,"Burak Yeter",5891610,https://open.spotify.com/track/7abpmGpF7PGep2rDU68GBR
80,"Whatever It Takes","Imagine Dragons",5825499,https://open.spotify.com/track/4IWAyPf1KMq7JCyGeCjTeH
81,Starboy,"The Weeknd",5750869,https://open.spotify.com/track/5aAx2yezTd8zXrkmtKl66Z
82,"Sigo Extrañándote","J Balvin",5728249,https://open.spotify.com/track/6qDF4wWL49CAVbgT7yuHl8
83,"Castle on the Hill","Ed Sheeran",5702004,https://open.spotify.com/track/6PCUP3dWmTjcTtXY02oFdT
84,"La Rompe Corazones","Daddy Yankee",5654048,https://open.spotify.com/track/4okba5wu9mMLXx79DXLKi3
85,"LOVE. FEAT. ZACARI.","Kendrick Lamar",5651489,https://open.spotify.com/track/6PGoSes0D9eUDeeAafB2As
86,Paris,"The Chainsmokers",5546202,https://open.spotify.com/track/72jbDTw1piOOj770jWNeaG
87,"No Vacancy",OneRepublic,5476852,https://open.spotify.com/track/6XOYVSmNDjKUNMXooU4s4z
88,"Chantaje (feat. Maluma)",Shakira,5473647,https://open.spotify.com/track/6mICuAdrwEjh6Y6lroV2Kg
89,"Solo Dance","Martin Jensen",5437774,https://open.spotify.com/track/6HUnnBwYZqcED1eQztxMBN
90,"Came Here for Love",Sigala,5311765,https://open.spotify.com/track/3kGfazcbVvVkuZunzlLgTD
91,"No Complaints","Metro Boomin",5244083,https://open.spotify.com/track/6kig1UFggPUyZBCvXD3Wod
92,"Call On Me - Ryan Riback Extended Remix",Starley,5224970,https://open.spotify.com/track/78rIJddV4X0HkNAInEcYde
93,"You Don't Know Me - Radio Edit","Jax Jones",5204826,https://open.spotify.com/track/00lNx0OcTJrS3MKHcB80HY
94,"Otra vez (feat. J Balvin)","Zion & Lennox",5125120,https://open.spotify.com/track/3QwBODjSEzelZyVjxPOHdq
95,"Let Me Love You","DJ Snake",5107438,https://open.spotify.com/track/4pdPtRcBmOSQDlJ3Fk945m
96,"Drowning (feat. Kodak Black)","A Boogie Wit da Hoodie",5047323,https://open.spotify.com/track/6Q2FftbUG530lCtBI74bMH
97,Perfect,"Ed Sheeran",4940446,https://open.spotify.com/track/0tgVpDi06FyKpA1z0VMD4v
98,"The Cure","Lady Gaga",4892319,https://open.spotify.com/track/51PIvodunv6NmX5250zxAh
99,"Sola (Remix) [feat. Daddy Yankee, Wisin, Farruko, Zion & Lennox]","Anuel AA",4855862,https://open.spotify.com/track/5q2JbCNi4FcnglgPfxcV65
100,"LOYALTY. FEAT. RIHANNA.","Kendrick Lamar",4849559,https://open.spotify.com/track/6SwRhMLwNqEi6alNPVG00n
101,"4 AM","2 Chainz",4843402,https://open.spotify.com/track/1nX9KhK3Fff27SnrIor2Yb
102,"Don't Let Me Down","The Chainsmokers",4797122,https://open.spotify.com/track/0QsvXIfqM0zZoerQfsI9lm
103,Portland,Drake,4677139,https://open.spotify.com/track/2bjwRfXMk4uRgOD9IBYl9h
104,Báilame,Nacho,4656765,https://open.spotify.com/track/7lRsNbdOGykkMAgsqs4R1C
105,"24K Magic","Bruno Mars",4636681,https://open.spotify.com/track/6b8Be6ljOzmkOmFslEb23P
106,"Reggaetón Lento (Bailemos)",CNCO,4477485,https://open.spotify.com/track/3AEZUABDXNtecAOSC1qTfo
107,Hunter,Galantis,4474340,https://open.spotify.com/track/3caMfJGFp53NAH2TuigdNj
108,"Bad and Boujee (feat. Lil Uzi Vert)",Migos,4463257,https://open.spotify.com/track/4Km5HrUvYTaSUfiSGPJeQR
109,Photograph,"Ed Sheeran",4427017,https://open.spotify.com/track/6fxVffaTuwjgEk5h9QyRjy
110,"Cash Out (feat. ScHoolboy Q, PARTYNEXTDOOR & D.R.A.M.)","Calvin Harris",4412014,https://open.spotify.com/track/0Ws8D3EWUDgY962Xftb0h5
111,Starving,"Hailee Steinfeld",4359643,https://open.spotify.com/track/1qOLh0tI7trd1zdDKxYZTe
112,"Me Llamas (feat. Maluma) - Remix","Piso 21",4338891,https://open.spotify.com/track/5hEM0JchdVzQ5PwvSfITeX
113,"We Don't Talk Anymore","Charlie Puth",4309604,https://open.spotify.com/track/68EMU2RD1ECNeOeJ5qAXCV
114,"Homemade Dynamite",Lorde,4248713,https://open.spotify.com/track/12o6dxWGk29uIAP3OWY0pM
115,"CAN'T STOP THE FEELING! (Original Song from DreamWorks Animation's ""TROLLS"")","Justin Timberlake",4244522,https://open.spotify.com/track/6JV2JOEocMgcZxYSZelKcc
116,"Treat You Better","Shawn Mendes",4236344,https://open.spotify.com/track/4Hf7WnR761jpxPr5D46Bcd
117,"Reminding Me","Shawn Hook",4217603,https://open.spotify.com/track/4gqMQftUs22F8pOGVn5Acr
118,"Fake Love",Drake,4216090,https://open.spotify.com/track/343YBumqHu19cGoGARUTsd
119,"Don't Quit (feat. Travis Scott & Jeremih)","DJ Khaled",4214500,https://open.spotify.com/track/4vv1KjUzPwrtDbozizSfQc
120,"Prayers Up (feat. Travis Scott & A-Trak)","Calvin Harris",4213019,https://open.spotify.com/track/4KaIJ1FWXUoAAnOts1YWjD
121,Tired,"Alan Walker",4197377,https://open.spotify.com/track/3b5Li4QKDVBx1x7fQuu54a
122,"Bon appétit","Katy Perry",4189369,https://open.spotify.com/track/61WbtB6ujkpNAsAf5LjF4b
123,"Side To Side","Ariana Grande",4187678,https://open.spotify.com/track/4pLwZjInHj3SimIyN9SnOz
124,"Bounce Back","Big Sean",4182251,https://open.spotify.com/track/0SGkqnVQo9KPytSri1H6cF
125,"Cold Water (feat. Justin Bieber & MØ)","Major Lazer",4180088,https://open.spotify.com/track/6DNtNfH8hXkqOX1sjqmI7p
126,"Heatstroke (feat. Young Thug, Pharrell Williams & Ariana Grande)","Calvin Harris",4179205,https://open.spotify.com/track/60APt5N2NRaKWf5xzJdzyC
127,"Good Life (with G-Eazy & Kehlani)",G-Eazy,4164074,https://open.spotify.com/track/1Eck97uRMlprKOOJN9oO1E
128,"Tunnel Vision","Kodak Black",4159133,https://open.spotify.com/track/4Q3N4Ct4zCuIHuZ65E3BD4
129,"It's A Vibe","2 Chainz",4141579,https://open.spotify.com/track/6H0AwSQ20mo62jGlPGB8S6
130,"Nights With You",MØ,4083113,https://open.spotify.com/track/5q5gzmbBS5yQzos2BvVr1t
131,Cold,"Maroon 5",4039456,https://open.spotify.com/track/5NNlUMcOEOdoOIwwaWXv0k
132,"Chained To The Rhythm","Katy Perry",4033618,https://open.spotify.com/track/6520aj0B4FSKGVuKNsOCOi
133,"Green Light",Lorde,4018669,https://open.spotify.com/track/0gbBzIqrECJOEPvQJIBFs5
134,"Look At Me!",XXXTENTACION,3951535,https://open.spotify.com/track/4ARPvK8DHLwt4oX65ZAFMw
135,"Young Dumb & Broke",Khalid,3943315,https://open.spotify.com/track/5Z3GHaZ6ec9bsiI5BenrbY
136,Weak,AJR,3929600,https://open.spotify.com/track/3E2Zh20GDCR9B1EYjfXWyv
137,"In the Name of Love","Martin Garrix",3914769,https://open.spotify.com/track/04DwTuZ2VBdJCCC5TROn7L
138,"I Took A Pill In Ibiza - Seeb Remix","Mike Posner",3902578,https://open.spotify.com/track/17Fd6Yb7mSbinKG8LoWfFl
139,"Thinking out Loud","Ed Sheeran",3881254,https://open.spotify.com/track/1Slwb6dOYkBlWal1PGtnNg
140,Swang,"Rae Sremmurd",3880311,https://open.spotify.com/track/6mapJIPnQ23RTAevUoE0DL
141,"Be Mine",Ofenbach,3864441,https://open.spotify.com/track/2KklXplRtxMsBYo474Es0w
142,"Cheap Thrills",Sia,3860713,https://open.spotify.com/track/27SdWb2rFzO6GWiYDBTD9j
143,"Two High","Moon Taxi",3832385,https://open.spotify.com/track/3sJHkcxojoJD2Ytbo1yLLF
144,"Si Tú La Ves (feat. Wisin)","Nicky Jam",3832196,https://open.spotify.com/track/4yN6xPLopmTLvc27pO9LIE
145,Besándote,"Piso 21",3820044,https://open.spotify.com/track/13X0XdLMOdtbXVtAj2ox4h
146,"Hear Me Now",Alok,3817267,https://open.spotify.com/track/1a5Yu5L18qNxVhXx38njON
147,"One Last Time","Ariana Grande",3809250,https://open.spotify.com/track/7bJwvubZZaoGE1AGEfu8Fi
148,T-Shirt,Migos,3802563,https://open.spotify.com/track/7KOlJ92bu51cltsD9KU5I7
149,Hot2Touch,"Felix Jaehn",3717517,https://open.spotify.com/track/1sBhJGPUKrdRycgKxve70v
150,"Faking It (feat. Kehlani & Lil Yachty)","Calvin Harris",3709561,https://open.spotify.com/track/0pJPdSVti6cTM1Q6xYGmcf
151,"Alguien Robo","Sebastian Yatra",3685151,https://open.spotify.com/track/5i50gKdLAjjIr7UxRT5IVy
152,"Love Yourself","Justin Bieber",3675510,https://open.spotify.com/track/3hB5DgAiMAQ4DzYbsMq1IT
153,"Summer Air",ItaloBrothers,3672554,https://open.spotify.com/track/3GPI7hYiqD6enLRobhkBm8
154,Paradinha,Anitta,3662237,https://open.spotify.com/track/05rJdH2MRLJ3sQoEUO78qs
155,ELEMENT.,"Kendrick Lamar",3660987,https://open.spotify.com/track/1EaKU4dMbesXXd3BrLCtYG
156,Happier,"Ed Sheeran",3650567,https://open.spotify.com/track/2RttW7RAu5nOAfq6YFvApB
157,"Vente Pa' Ca","Ricky Martin",3628406,https://open.spotify.com/track/7DM4BPaS7uofFul3ywMe46
158,"The Way I Are (Dance with Somebody) (feat. Lil Wayne) - Spotify Version","Bebe Rexha",3626261,https://open.spotify.com/track/6Pw3Gvw4wNMZfTYZa6IQal
159,Rolex,"Ayo & Teo",3616643,https://open.spotify.com/track/0pSBuHjILhNEo55xK1zrRt
160,"Can I Be Him","James Arthur",3610953,https://open.spotify.com/track/0VhgEqMTNZwYL1ARDLLNCX
161,"Skrt On Me (feat. Nicki Minaj)","Calvin Harris",3597699,https://open.spotify.com/track/7iDxZ5Cd0Yg08d4fI5WVtG
162,"911 / Mr. Lonely (feat. Frank Ocean & Steve Lacy)","Tyler, The Creator",3532557,https://open.spotify.com/track/1pGAvZo2axYXAXYiSeYEqY
163,"The Night We Met","Lord Huron",3496558,https://open.spotify.com/track/6mORGLOz79w6VsCRLWYYuK
164,Ride,"Twenty One Pilots",3487135,https://open.spotify.com/track/2Z8WuEywRWYTKe1NybPQEW
165,"How Far I'll Go - From ""Moana""","Alessia Cara",3467941,https://open.spotify.com/track/5hYTyyh2odQKphUbMqc5gN
166,Faded,"Alan Walker",3458161,https://open.spotify.com/track/7gHs73wELdeycvS48JfIos
167,Mercy,"Shawn Mendes",3444305,https://open.spotify.com/track/4TZy1wLyHec06pwgFYDh1a
168,"This Is What You Came For","Calvin Harris",3428756,https://open.spotify.com/track/0azC730Exh71aQlOt9Zj3y
169,"Who Dat Boy (feat. A$AP Rocky)","Tyler, The Creator",3424032,https://open.spotify.com/track/1a0wEEHipnBR7WOHFA6ucQ
170,"Don't Wanna Know","Maroon 5",3381083,https://open.spotify.com/track/5MFzQMkrl1FOOng9tq6R9r
171,Heathens,"Twenty One Pilots",3365311,https://open.spotify.com/track/6i0V12jOa3mr6uu4WYhUBr
172,"Stressed Out","Twenty One Pilots",3316219,https://open.spotify.com/track/3CRDbSIZ4r5MsZ0YwxuEkn
173,"Still Got Time",ZAYN,3315328,https://open.spotify.com/track/000xQL6tZNLJzIrtIgxqSl
174,Gyalchester,Drake,3306531,https://open.spotify.com/track/6UjfByV1lDLW0SOVQA4NAi
175,"do re mi",blackbear,3304686,https://open.spotify.com/track/3Q3myFA7q4Op95DOpHplaY
176,Sorry,"Justin Bieber",3294729,https://open.spotify.com/track/69bp2EbF7Q2rqc5N3ylezZ
177,"Work from Home (feat. Ty Dolla $ign)","Fifth Harmony",3292878,https://open.spotify.com/track/4tCtwWceOPWzenK2HAIJSb
178,Traicionera,"Sebastian Yatra",3280667,https://open.spotify.com/track/5J1c3M4EldCfNxXwrwt8mT
179,Safari,"J Balvin",3263623,https://open.spotify.com/track/6rQSrBHf7HlZjtcMZ4S4bO
180,"Love Galore (feat. Travis Scott)",SZA,3254319,https://open.spotify.com/track/0q75NwOoFiARAVp4EXU4Bs
181,"White Iverson","Post Malone",3250872,https://open.spotify.com/track/6eT7xZZlB2mwyzJ2sUKG6w
182,"The Scientist",Coldplay,3225732,https://open.spotify.com/track/75JFxkI2RXiU7L9VXzMkle
183,"Te Quiero Pa´Mi","Don Omar",3204986,https://open.spotify.com/track/3BY2mafsbsoKGqS380Xnuz
184,"Broccoli (feat. Lil Yachty)",DRAM,3187769,https://open.spotify.com/track/7yyRTcZmCiyzzJlNzGC9Ol
185,"Lean On (feat. MØ & DJ Snake)","Major Lazer",3174848,https://open.spotify.com/track/4WjH9Bzt3kx7z8kl0awxh4
186,"Perfect Strangers","Jonas Blue",3167863,https://open.spotify.com/track/1CUVN2kn7mW5FjkqXTR2W1
187,"Si Tu Novio Te Deja Sola","J Balvin",3163562,https://open.spotify.com/track/0RFFFGtPn6a58RHY3ccVYX
188,"September Song","JP Cooper",3158032,https://open.spotify.com/track/0FuTx2s3YH1ppmtiM6l0zI
189,wokeuplikethis*,"Playboi Carti",3122661,https://open.spotify.com/track/59J5nzL1KniFHnU120dQzt
190,Panda,Desiigner,3116008,https://open.spotify.com/track/5OOkp4U9P9oL23maHFHL1h
191,"Love On The Brain",Rihanna,3105705,https://open.spotify.com/track/2aksifNn5ph8igDOkPBA02
192,Dive,"Ed Sheeran",3098382,https://open.spotify.com/track/51ChrwmUPDJvedPQnIU8Ls
193,"Light It Up (feat. Nyla & Fuse ODG) - Remix","Major Lazer",3045528,https://open.spotify.com/track/0L7loeTIg6akW84aEQZpCT
194,"Wonderwall - Remastered",Oasis,3044041,https://open.spotify.com/track/5qqabIl2vWzo9ApSC317sa
195,"Ciao Adios",Anne-Marie,3031782,https://open.spotify.com/track/3EfugazgSddQvzZpkof5I4
196,"Uh Huh","Julia Michaels",3031718,https://open.spotify.com/track/1eVRnmGhDPATPxz6kqWuCP
197,Touch,"Little Mix",3026641,https://open.spotify.com/track/5Ua3GXyHwiSfpNTMjq6m2z
198,"Black Beatles","Rae Sremmurd",3022988,https://open.spotify.com/track/6fujklziTHa8uoM5OQSfIo
199,"Craving You","Thomas Rhett",3018667,https://open.spotify.com/track/6zLdXcmvIxnAXpz9sXFnIE
200,"Power (feat. Stormzy)","Little Mix",3014023,https://open.spotify.com/track/4BJ5T8ZZZ3UrPG7k0OVQrp
