,,,"Note that these figures are generated using a formula that protects against any artificial inflation of chart positions.",
Position,"Track Name",Artist,Streams,URL
1,"God's Plan",Drake,42879151,https://open.spotify.com/track/2XW4DbS6NddZxRPm5rMCeY
2,"Psycho (feat. Ty Dolla $ign)","Post Malone",31221103,https://open.spotify.com/track/65NwOZqoXny4JxqAPlfxRF
3,SAD!,XXXTENTACION,27215954,https://open.spotify.com/track/3ee8Jmje8o58CHK66QrVC2
4,FRIENDS,Marshmello,25664581,https://open.spotify.com/track/08bNPGLD8AhKpnnERrAc6G
5,X,"Nicky Jam",24968351,https://open.spotify.com/track/39N9RPD9MRb5WmoLzNzPeA
6,IDGAF,"Dua Lipa",22504143,https://open.spotify.com/track/76cy1WJvNGJTj78UqeA5zr
7,"In My Blood","Shawn Mendes",21904395,https://open.spotify.com/track/79jX8RM5CgPqDKdGEKNW9K
8,"The Middle",Zedd,21629499,https://open.spotify.com/track/2ARqIya5NAuvFVHSN3bL0m
9,"All The Stars (with SZA)","Kendrick Lamar",21429599,https://open.spotify.com/track/3GCdLUSnKSMJhs4Tj6CV3s
10,"Look Alive (feat. Drake)","BlocBoy JB",20937956,https://open.spotify.com/track/4qKcDkK6siZ7Jp1Jb4m0aL
11,Mine,Bazzi,19932813,https://open.spotify.com/track/6tHWl8ows5JOZq9Yfaqn3M
12,"Love Lies (with Normani)",Khalid,19875102,https://open.spotify.com/track/45Egmo7icyopuzJN0oMEdk
13,"Freaky Friday (feat. Chris Brown)","Lil Dicky",19141920,https://open.spotify.com/track/10Igtw8bSDyyFs7KIsKngZ
14,"These Days",Rudimental,19129919,https://open.spotify.com/track/5CLGzJsGqhCEECcpnFQA8x
15,rockstar,"Post Malone",16924936,https://open.spotify.com/track/2U7Hu2RaNQNRi7izoJyZaX
16,Dura,"Daddy Yankee",16130695,https://open.spotify.com/track/2j2fIJGh4PMdXt9ULI5Tlc
17,"Havana (feat. Young Thug)","Camila Cabello",15554839,https://open.spotify.com/track/1rfofaqEpACxVEHIZBJe6W
18,Moonlight,XXXTENTACION,15060726,https://open.spotify.com/track/0JP9xo3adEtGSdUEISiszL
19,"Meant to Be (feat. Florida Georgia Line)","Bebe Rexha",14838238,https://open.spotify.com/track/7iDa6hUg2VgEL1o1HjmfBn
20,"Never Be the Same","Camila Cabello",13760531,https://open.spotify.com/track/4eWQlBRaTjPPUlzacqEeoQ
21,"Pray For Me (with Kendrick Lamar)","The Weeknd",13595021,https://open.spotify.com/track/4ofvoCdXq99vpMZO4Cfp8x
22,"Me Niego (feat. Ozuna & Wisin)",Reik,13488299,https://open.spotify.com/track/6jA8JUuPCGYjFcgw0AoM5T
23,"Lost In Japan","Shawn Mendes",13124790,https://open.spotify.com/track/7wvYmO5QscgIDDT0eNwbYX
24,"Like I Do","David Guetta",12208656,https://open.spotify.com/track/6RnkFd8Fqqgk1Uni8RgqCQ
25,"Plug Walk","Rich The Kid",12140072,https://open.spotify.com/track/0gD6lWJhbXHWNVwQziSVvl
26,"Échame La Culpa","Luis Fonsi",12064446,https://open.spotify.com/track/1zsG4eaZmkA1dvjDDsAGLK
27,"New Rules","Dua Lipa",11919044,https://open.spotify.com/track/2ekn2ttSfGqwhhate0LSR0
28,Bella,Wolfine,11888754,https://open.spotify.com/track/3xcCix7Jv1Rp90YVmgo35D
29,Amorfoda,"Bad Bunny",11860259,https://open.spotify.com/track/3ITvHA9zhZZdBJsOsAUegF
30,"Stir Fry",Migos,11844864,https://open.spotify.com/track/2UVbBKQOdFAekPTRsnkzcf
31,Everyday,Logic,11406114,https://open.spotify.com/track/4EAV2cKiqKP5UPZmY6dejk
32,"Finesse - Remix; feat. Cardi B","Bruno Mars",11379614,https://open.spotify.com/track/3Vo4wInECJQuz9BIBMOu8i
33,Perfect,"Ed Sheeran",11050264,https://open.spotify.com/track/0tgVpDi06FyKpA1z0VMD4v
34,"Ric Flair Drip (& Metro Boomin)",Offset,10913741,https://open.spotify.com/track/7sO5G9EABYOXQKNPNiE9NR
35,"Say Something","Justin Timberlake",10764101,https://open.spotify.com/track/1LhMopPAallLeaeNutqbgS
36,"Shape of You","Ed Sheeran",10718284,https://open.spotify.com/track/7qiZfU4dY1lWllzX7mPBI3
37,"Déjala Que Vuelva (feat. Manuel Turizo)","Piso 21",10623861,https://open.spotify.com/track/33bnxcjePIkcmNjEFTJX0l
38,"River (feat. Ed Sheeran)",Eminem,10565757,https://open.spotify.com/track/5UEnHoDYpsxlfzWLZIc7LD
39,Wolves,"Selena Gomez",10451091,https://open.spotify.com/track/7EmGUiUaOSGDnUUQUDrOXC
40,"I Fall Apart","Post Malone",10412673,https://open.spotify.com/track/75ZvA4QfFiZvzhj2xkaWAh
41,changes,XXXTENTACION,10066899,https://open.spotify.com/track/7AFASza1mXqntmGtbxXprO
42,"Sick Boy","The Chainsmokers",9678535,https://open.spotify.com/track/2JfXj2TERIkHwJpnG9f8uX
43,"Síguelo Bailando",Ozuna,9646227,https://open.spotify.com/track/5Y9fnynLlIvqtM710MHzfz
44,"King's Dead (with Kendrick Lamar, Future & James Blake)","Jay Rock",9493443,https://open.spotify.com/track/51rXHuKN8Loc4sUlKPODgH
45,"Mad Love","Sean Paul",9473187,https://open.spotify.com/track/3soOPBuMK8YMdWnV7xpEyf
46,"Remind Me to Forget",Kygo,9468394,https://open.spotify.com/track/6xTU6B6nFwKKTSZ9ySXS80
47,"Let You Down",NF,9311162,https://open.spotify.com/track/6mrKP2jyIQmM0rw6fQryjr
48,Breathe,"Jax Jones",9283638,https://open.spotify.com/track/6tvQzeCPwOytDlBYCIOY0n
49,Downtown,Anitta,9254861,https://open.spotify.com/track/3Ga6eKrUFf12ouh9Yw3v2D
50,"Walk It Talk It",Migos,9166811,https://open.spotify.com/track/6n4U3TlzUGhdSFbUUhTvLP
51,Corazón,Maluma,8745469,https://open.spotify.com/track/4lESS6vuruP6a79KWRaQou
52,"Feel It Still","Portugal. The Man",8672146,https://open.spotify.com/track/6QgjcU0zLnzq5OrUoSZ3OK
53,"Powerglide (feat. Juicy J)","Rae Sremmurd",8667428,https://open.spotify.com/track/2yUbCEiaolfSMluDo9RMmG
54,Heaven,"Julia Michaels",8645743,https://open.spotify.com/track/4QfNOZN7vrQCQKK1ZJ3XPb
55,"For You (Fifty Shades Freed) (& Rita Ora)","Liam Payne",8488441,https://open.spotify.com/track/5hM6sP0Gh1jD57drszNueC
56,"Let Me Go (with Alesso, Florida Georgia Line & watt)","Hailee Steinfeld",8379262,https://open.spotify.com/track/5AEtlRudpgdT5FtNiuly6Y
57,Criminal,"Natti Natasha",8354635,https://open.spotify.com/track/6Za3190Sbw39BBC77WSS1C
58,"1, 2, 3 (feat. Jason Derulo & De La Ghetto)","Sofia Reyes",8302549,https://open.spotify.com/track/4QtiVmuA88tPQiCOHZuQ5b
59,Delicate,"Taylor Swift",8274902,https://open.spotify.com/track/6NFyWDv5CjfwuzoCkw47Xf
60,"Capital Letters","Hailee Steinfeld",8210709,https://open.spotify.com/track/3towKHKVOXCCcL1fHv6xFO
61,Thunder,"Imagine Dragons",8131928,https://open.spotify.com/track/26gceVsA1ybT8qsX3aYLEn
62,"XO Tour Llif3","Lil Uzi Vert",7836648,https://open.spotify.com/track/7GX5flRQZVHRAGd6B4TmDO
63,Nevermind,"Dennis Lloyd",7576939,https://open.spotify.com/track/63SevszngYpZOwf63o61K4
64,"Too Good At Goodbyes","Sam Smith",7502456,https://open.spotify.com/track/1mXVgsBdtIVeCLJnSnmtdV
65,"Him & I (with Halsey)",G-Eazy,7449916,https://open.spotify.com/track/5k38wzpLb15YgncyWdTZE4
66,"Everybody Hates Me","The Chainsmokers",7447816,https://open.spotify.com/track/3pIigjAWkzwAonXpJ1fmSF
67,"Jocelyn Flores",XXXTENTACION,7390584,https://open.spotify.com/track/7m9OqQk4RVRkw9JJdeAw96
68,Believer,"Imagine Dragons",7342155,https://open.spotify.com/track/7Izh7zLJGw1Nscd62Exxj4
69,Sensualidad,"Bad Bunny",7338949,https://open.spotify.com/track/5hcisvFMidkMJlElTO9Qmw
70,Dembow,"Danny Ocean",7321328,https://open.spotify.com/track/2EzRdhuoPyNJDlep7lnNf2
71,"Lemon - Drake Remix",N.E.R.D,7312899,https://open.spotify.com/track/739vCwA3EpBSkk3uDsI2wB
72,Silence,Marshmello,7299105,https://open.spotify.com/track/7vGuf3Y35N4wmASOKLUVVU
73,"EL BAÑO (feat. Bad Bunny)","Enrique Iglesias",7263699,https://open.spotify.com/track/2vvdTrdryjsl8DmPIMDWZU
74,"the remedy for a broken heart (why am I so in love)",XXXTENTACION,7240721,https://open.spotify.com/track/4UKCKdYiLN6IMA5ZESUTL7
75,Congratulations,"Post Malone",7239525,https://open.spotify.com/track/3a1lNhkSLSkpJE4MSHpDu9
76,"I Miss You (feat. Julia Michaels)","Clean Bandit",7165783,https://open.spotify.com/track/2xmrfQpmS2iJExTlklLoAL
77,"44 More",Logic,6866126,https://open.spotify.com/track/3e7Y6sfFlIdBMJhX7wpqVO
78,HUMBLE.,"Kendrick Lamar",6655081,https://open.spotify.com/track/7KXjTSCq5nL1LoYtL7XAwS
79,"Bum Bum Tam Tam","MC Fioti",6644387,https://open.spotify.com/track/4zWO4gvuFtw6EJZC5FFGlr
80,"El Préstamo",Maluma,6598374,https://open.spotify.com/track/0QS5rZpm5zN9wV9lJgjyUE
81,Machika,"J Balvin",6567807,https://open.spotify.com/track/6MNGxu8MprKGkchUchkJsy
82,"Young Dumb & Broke",Khalid,6458898,https://open.spotify.com/track/5Z3GHaZ6ec9bsiI5BenrbY
83,"Rewrite The Stars","Zac Efron",6386464,https://open.spotify.com/track/630sXRhIcfwr2e4RdNtjKN
84,"What Lovers Do (feat. SZA)","Maroon 5",6351318,https://open.spotify.com/track/3hBBKuWJfxlIlnd9QFoC8k
85,Flames,"David Guetta",6310339,https://open.spotify.com/track/33IOhptvC2Qoy2UhjiHXLV
86,"This Is Me","Keala Settle",6306417,https://open.spotify.com/track/2xGjteMU3E1tkEPVFBO08U
87,Solita,Ozuna,6053676,https://open.spotify.com/track/7rwX0O3RlxqqIjQM8evm5E
88,"Candy Paint","Post Malone",6042200,https://open.spotify.com/track/42CeaId2XNlxugDvyqHfDf
89,"PICK IT UP (feat. A$AP Rocky)","Famous Dex",6006262,https://open.spotify.com/track/3ncgNpxLoBQ65ABk4djDyd
90,1950,"King Princess",5991050,https://open.spotify.com/track/0CZ8lquoTX2Dkg7Ak2inwA
91,"Perfect Duet (Ed Sheeran & Beyoncé)","Ed Sheeran",5974690,https://open.spotify.com/track/1bhUWB0zJMIKr9yVPrkEuI
92,"Se Preparó",Ozuna,5969278,https://open.spotify.com/track/1m69ELEgE6k5ZWsap40ozt
93,"Dusk Till Dawn - Radio Edit",ZAYN,5925562,https://open.spotify.com/track/1j4kHkkpqZRBwE0A4CN4Yv
94,Anywhere,"Rita Ora",5919705,https://open.spotify.com/track/7EI6Iki24tBHAMxtb4xQN2
95,"Nowadays (feat. Landon Cube)","Lil Skies",5890763,https://open.spotify.com/track/2u7mxWSeoqTXndK5e08jMp
96,JAPAN,"Famous Dex",5889451,https://open.spotify.com/track/4lTiuD1DwBKo4L7wqMkD7C
97,Unforgettable,"French Montana",5814582,https://open.spotify.com/track/3B54sVLJ402zGa6Xm4YGNe
98,Narcos,Migos,5651179,https://open.spotify.com/track/0wbnC9AUenxp613TYaJsGK
99,"Say You Won't Let Go","James Arthur",5637991,https://open.spotify.com/track/5uCax9HTNlzGybIStD3vDh
100,"How Long","Charlie Puth",5630957,https://open.spotify.com/track/32DGGj6KlNuBr6WaqRxpxi
101,"going down!",XXXTENTACION,5629990,https://open.spotify.com/track/7CkbRn6S0itJqcqn88AtSV
102,Betrayed,"Lil Xan",5602841,https://open.spotify.com/track/6NWl2m8asvH83xjuXVNsuG
103,"Bank Account","21 Savage",5601886,https://open.spotify.com/track/2fQrGHiQOvpL9UgPvtYy6G
104,"Me Rehúso","Danny Ocean",5571277,https://open.spotify.com/track/6De0lHrwBfPfrhorm9q1Xl
105,"Something Just Like This","The Chainsmokers",5563635,https://open.spotify.com/track/6RUKPb4LETWmmr3iAEQktW
106,"El Farsante - Remix",Ozuna,5562561,https://open.spotify.com/track/7uYgVgRSgqluZclLS7wpp4
107,1-800-273-8255,Logic,5537263,https://open.spotify.com/track/5tz69p7tJuGPeMGwNTxYuV
108,"I Like Me Better",Lauv,5524420,https://open.spotify.com/track/1wjzFQodRWrPcQ0AnYnvQ9
109,"Say Amen (Saturday Night)","Panic! At The Disco",5428071,https://open.spotify.com/track/4qSsjDGXplb6422X2INvFW
110,"Whatever It Takes","Imagine Dragons",5415170,https://open.spotify.com/track/7F3uo3304R2CTvOseU3H7u
111,"Sorry Not Sorry","Demi Lovato",5389945,https://open.spotify.com/track/3m660poUr1chesgkkjQM7P
112,NUMB,XXXTENTACION,5366056,https://open.spotify.com/track/01TnVDiet1DFTsyWKUKovl
113,Attention,"Charlie Puth",5357696,https://open.spotify.com/track/4iLqG9SeJSnt0cSPICSjxv
114,Esperándote,"Manuel Turizo",5344658,https://open.spotify.com/track/1nfyE13arjOuO54HH0zmqj
115,"Tip Toe (feat. French Montana)","Jason Derulo",5320762,https://open.spotify.com/track/2z4pcBLQXF2BXKFvd0BuB6
116,66,"Lil Yachty",5316162,https://open.spotify.com/track/6tarvNiKnEjYMj1VZhlDqR
117,"All Falls Down","Alan Walker",5283122,https://open.spotify.com/track/5yFSF6qQA1rcLsQRnBsZgb
118,Wait,"Maroon 5",5223093,https://open.spotify.com/track/4lUnFLtn8w3W76FiYDRzmO
119,"Fuck Love (feat. Trippie Redd)",XXXTENTACION,5200673,https://open.spotify.com/track/7AQim7LbvFVZJE3O8TYgf2
120,Location,Khalid,5193700,https://open.spotify.com/track/152lZdxL1OR0ZMW6KquMif
121,"So Far Away (feat. Jamie Scott & Romy Dya)","Martin Garrix",5167864,https://open.spotify.com/track/0OlnLZY4cmQzT6ZGttvWBM
122,"One Dance",Drake,5114254,https://open.spotify.com/track/1xznGGDReH1oQq0xzbwXa3
123,"No Limit",G-Eazy,5108147,https://open.spotify.com/track/2DQ1ITjI0YoLFzuADN1ZBW
124,"Bounce Out With That","YBN Nahmir",5068948,https://open.spotify.com/track/5lZsh9Qf7CbHI9Fcc7Zcsq
125,"I don’t even speak spanish lol - feat. Rio Santana, Judah, Andrez Babii",XXXTENTACION,5030529,https://open.spotify.com/track/14boA065HMHWvqyPPEeN4y
126,"Quiero Repetir",Ozuna,5018233,https://open.spotify.com/track/0MIcPSq9n2z5H8TAfEstri
127,"There's Nothing Holdin' Me Back","Shawn Mendes",5003748,https://open.spotify.com/track/79cuOz3SPQTuFrp8WgftAu
128,"Mi Gente","J Balvin",4992912,https://open.spotify.com/track/2rb5MvYT7ZIxbKW5hfcHx8
129,"More Than You Know","Axwell /\ Ingrosso",4968362,https://open.spotify.com/track/71bBFbfn2OBK5QwUJSLS44
130,"Báilame - Remix",Nacho,4917512,https://open.spotify.com/track/3VClLWqNn80Llv0PJOsKgr
131,Hope,XXXTENTACION,4888597,https://open.spotify.com/track/2ZRo7axmMPeSVUvDbGkJah
132,goosebumps,"Travis Scott",4884717,https://open.spotify.com/track/6gBFPUFcJLzWGx4lenP6h2
133,"Red Roses (feat. Landon Cube)","Lil Skies",4863769,https://open.spotify.com/track/3ZhTT6yjZwpPph5MIJ53XY
134,Beautiful,Bazzi,4862160,https://open.spotify.com/track/1OilOIju6R9ia8vilNjChh
135,"Gucci Gang","Lil Pump",4857978,https://open.spotify.com/track/43ZyHQITOjhciSUUNPVRHc
136,"Everybody Dies In Their Nightmares",XXXTENTACION,4852331,https://open.spotify.com/track/3GVkPk8mqxz0itaAriG1L7
137,Closer,"The Chainsmokers",4800659,https://open.spotify.com/track/7BKLCZ1jbUBVqRi2FVlTVw
138,"Déjate Llevar","Juan Magán",4702265,https://open.spotify.com/track/3xWEI23MLJrD0dpDcDUTW6
139,Mayores,"Becky G",4669264,https://open.spotify.com/track/7JNh1cfm0eXjqFVOzKLyau
140,"Thinking out Loud","Ed Sheeran",4629045,https://open.spotify.com/track/1Slwb6dOYkBlWal1PGtnNg
141,"Despacito - Remix","Luis Fonsi",4617075,https://open.spotify.com/track/5CtI0qwDJkDQGwXD1H1cLb
142,MotorSport,Migos,4605310,https://open.spotify.com/track/4wFjTWCunQFKtukqrNijEt
143,"infinity (888) - feat. Joey Bada$$",XXXTENTACION,4580183,https://open.spotify.com/track/7J2gyNghNTzl4EsLhXp01Q
144,"Plain Jane","A$AP Ferg",4576506,https://open.spotify.com/track/4dVpf9jZjcORqGTLUaeYj9
145,"Done For Me (feat. Kehlani)","Charlie Puth",4556454,https://open.spotify.com/track/76S09sHj7GGMJAtOLjmVQ2
146,"Loca Remix",Khea,4535647,https://open.spotify.com/track/2CRbiMK0W14l71SpDKqKZM
147,"Te Amo","Piso 21",4529116,https://open.spotify.com/track/2RVrdr062uLFxXwIxwdXPH
148,"El Clavo","Prince Royce",4485498,https://open.spotify.com/track/0LKErfBZ5FbBiLB4OcZRbL
149,Photograph,"Ed Sheeran",4474056,https://open.spotify.com/track/6fxVffaTuwjgEk5h9QyRjy
150,"BUTTERFLY EFFECT","Travis Scott",4472470,https://open.spotify.com/track/1yxgsra98r3qAtxqiGZPiX
151,"Symphony (feat. Zara Larsson)","Clean Bandit",4467464,https://open.spotify.com/track/1x5sYLZiu9r5E43kMlt9f8
152,"Que Va","Alex Sensation",4448300,https://open.spotify.com/track/7ofxPmTNMj2GP07g1VZa0O
153,"That's What I Like","Bruno Mars",4425557,https://open.spotify.com/track/0KKkJNfGyhkQ5aFogxQAPU
154,"La player (Bandolera)","Zion & Lennox",4415748,https://open.spotify.com/track/0VKkyBKCXyR99navhVRqcP
155,"Bartier Cardi (feat. 21 Savage)","Cardi B",4399188,https://open.spotify.com/track/75FDPwaULRdYDn4StFN2rT
156,SUTRA,"Sebastian Yatra",4377183,https://open.spotify.com/track/5TmZYdHW6HJ9gt7Aokuql5
157,"LOVE. FEAT. ZACARI.","Kendrick Lamar",4377174,https://open.spotify.com/track/6PGoSes0D9eUDeeAafB2As
158,Ahora,"J Balvin",4343872,https://open.spotify.com/track/54OB85nuxYGfl7qRQXuz7c
159,Stargazing,Kygo,4302452,https://open.spotify.com/track/0Zbbxnx4SGGHoIow4PpISP
160,"New Freezer (feat. Kendrick Lamar)","Rich The Kid",4269001,https://open.spotify.com/track/4pYZLpX23Vx8rwDpJCpPTA
161,"Suena El Dembow","Joey Montana",4264561,https://open.spotify.com/track/5TysCiZtv1HnSWcTcUFusI
162,Paradise,"George Ezra",4244694,https://open.spotify.com/track/38zwkK6TtTjIW9tpYBfZ3D
163,"Strip That Down","Liam Payne",4231411,https://open.spotify.com/track/6EpRaXYhGOB3fj4V2uDkMJ
164,"Wonderwall - Remastered",Oasis,4210451,https://open.spotify.com/track/5qqabIl2vWzo9ApSC317sa
165,"Bodak Yellow","Cardi B",4203906,https://open.spotify.com/track/2771LMNxwf62FTAdpJMQfM
166,Barking,Ramz,4177642,https://open.spotify.com/track/7amMgNDcObIDkIXv4xcvc2
167,"Mr. Brightside","The Killers",4175207,https://open.spotify.com/track/7oK9VyNzrYvRFo7nQEYkWN
168,"Go Flex","Post Malone",4169453,https://open.spotify.com/track/5yuShbu70mtHXY0yLzCQLQ
169,"Galway Girl","Ed Sheeran",4155515,https://open.spotify.com/track/0afhq8XCExXpqazXczTSve
170,Issues,"Julia Michaels",4141885,https://open.spotify.com/track/7vu0JkJh0ldukEYbTVcqd0
171,"Robarte un Beso","Carlos Vives",4100207,https://open.spotify.com/track/0JcNysfWVWaMS7R6vzGB2k
172,Africa,TOTO,4096414,https://open.spotify.com/track/2374M0fQpWi3dLnB54qaLX
173,"X (with 2 Chainz & Saudi)","ScHoolboy Q",4076530,https://open.spotify.com/track/4LmAnpjlhWTahvRkYR8xJa
174,"Leave a Light On","Tom Walker",4054888,https://open.spotify.com/track/6lOWoTqVnAWXchddtTH31W
175,BILLY,6ix9ine,4050431,https://open.spotify.com/track/7bRRHQelMfrP86QYQlCsAq
176,"Getting Over You",Lauv,4043748,https://open.spotify.com/track/2BNkTvg1kHAAfGvqh56x5a
177,Passionfruit,Drake,4029205,https://open.spotify.com/track/5mCPDVBb16L4XQwDdbRUpz
178,"Sky Walker (feat. Travis Scott)",Miguel,4028117,https://open.spotify.com/track/5WoaF1B5XIEnWfmb5NZikf
179,"I'm the One (feat. Justin Bieber, Quavo, Chance the Rapper & Lil Wayne)","DJ Khaled",4021327,https://open.spotify.com/track/3DXncPQOG4VBw3QHh3S817
180,Starboy,"The Weeknd",3982713,https://open.spotify.com/track/5aAx2yezTd8zXrkmtKl66Z
181,"Roll In Peace (feat. XXXTENTACION)","Kodak Black",3979282,https://open.spotify.com/track/40oKW22ZNNkEdZLJTScaQI
182,"The Greatest Show","Hugh Jackman",3921016,https://open.spotify.com/track/43ay9lQZ5rfNcOOHhRF2cM
183,"I'm Yours","Jason Mraz",3907117,https://open.spotify.com/track/3S0OXQeoh0w6AY8WQVckRW
184,Mamita,CNCO,3875043,https://open.spotify.com/track/5ojXuKXBYq0apcNucYSDXq
185,"Despacito (Featuring Daddy Yankee)","Luis Fonsi",3845361,https://open.spotify.com/track/4aWmUDTfIPGksMNLV2rQP2
186,Naked,"James Arthur",3842450,https://open.spotify.com/track/7krbSH3rd8lhIZvuzTV3Bl
187,Dreamer,"Axwell /\ Ingrosso",3837417,https://open.spotify.com/track/7hvxMYq9JW5W0vFwiu1Zdr
188,Contra,Logic,3814838,https://open.spotify.com/track/7u90MSvVyEjL0c8icaE7jl
189,"Codeine Dreaming (feat. Lil Wayne)","Kodak Black",3812692,https://open.spotify.com/track/4DTpngLjoHj5gFxEZFeD3J
190,"What About Us",P!nk,3807576,https://open.spotify.com/track/0Qh38w01QRXK6KHIv0e3hb
191,Halo,Beyoncé,3789366,https://open.spotify.com/track/2CvOqDpQIMw69cCzWqr5yr
192,"Want You Back","5 Seconds of Summer",3784645,https://open.spotify.com/track/2Pvr8rYuh5J8V7QglJhH6W
193,"Mask Off",Future,3762129,https://open.spotify.com/track/0VgkVdmE4gld66l8iyGjgx
194,"I Get The Bag (feat. Migos)","Gucci Mane",3740867,https://open.spotify.com/track/1XRgIKC5TPwo7nWGyKqgG0
195,"Lose Yourself - From ""8 Mile"" Soundtrack",Eminem,3736968,https://open.spotify.com/track/7w9bgPAmPTtrkt2v16QWvQ
196,"White Iverson","Post Malone",3716690,https://open.spotify.com/track/6eT7xZZlB2mwyzJ2sUKG6w
197,Redbone,"Childish Gambino",3711844,https://open.spotify.com/track/3kxfsdsCpFgN412fpnW85Y
198,Stay,Zedd,3711565,https://open.spotify.com/track/0I20rLT2MJDhcF96AjbNYo
199,"I Don’t Wanna Live Forever (Fifty Shades Darker) - From ""Fifty Shades Darker (Original Motion Picture Soundtrack)""",ZAYN,3698909,https://open.spotify.com/track/3NdDpSvN911VPGivFlV5d0
200,"Wild Thoughts (feat. Rihanna & Bryson Tiller)","DJ Khaled",3697677,https://open.spotify.com/track/1OAh8uOEOvTDqkKFsKksCi
