,,,"Note that these figures are generated using a formula that protects against any artificial inflation of chart positions.",
Position,"Track Name",Artist,Streams,URL
1,"Mi Gente","J Balvin",32361062,https://open.spotify.com/track/2rb5MvYT7ZIxbKW5hfcHx8
2,"Despacito - Remix","Luis Fonsi",28238094,https://open.spotify.com/track/5CtI0qwDJkDQGwXD1H1cLb
3,"Wild Thoughts (feat. Rihanna & Bryson Tiller)","DJ Khaled",25365011,https://open.spotify.com/track/1OAh8uOEOvTDqkKFsKksCi
4,Unforgettable,"French Montana",23957823,https://open.spotify.com/track/3B54sVLJ402zGa6Xm4YGNe
5,"Feels (feat. Pharrell Williams, Katy Perry & Big Sean)","Calvin Harris",23208440,https://open.spotify.com/track/5bcTCxgc7xVfSaMV3RuVke
6,"2U (feat. Justin Bieber)","David Guetta",21539954,https://open.spotify.com/track/3A7qX2QjDlPnazUsRk5y0M
7,"I'm the One (feat. Justin Bieber, Quavo, Chance the Rapper & Lil Wayne)","DJ Khaled",20549830,https://open.spotify.com/track/3DXncPQOG4VBw3QHh3S817
8,Attention,"Charlie Puth",20183768,https://open.spotify.com/track/4iLqG9SeJSnt0cSPICSjxv
9,"Shape of You","Ed Sheeran",19742646,https://open.spotify.com/track/7qiZfU4dY1lWllzX7mPBI3
10,"Strip That Down","Liam Payne",18902405,https://open.spotify.com/track/6EpRaXYhGOB3fj4V2uDkMJ
11,Thunder,"Imagine Dragons",18332145,https://open.spotify.com/track/0tKcYR2II1VCQWT79i5NrW
12,Mama,"Jonas Blue",17572399,https://open.spotify.com/track/0NiXXAI876aGImAd6rTj8w
13,"Sorry Not Sorry","Demi Lovato",16753558,https://open.spotify.com/track/25C5CowdsfXld2jJanbiex
14,"New Rules","Dua Lipa",16510573,https://open.spotify.com/track/2ekn2ttSfGqwhhate0LSR0
15,"More Than You Know","Axwell /\ Ingrosso",16183622,https://open.spotify.com/track/3PEgB3fkiojxms35ntsTgs
16,"XO TOUR Llif3","Lil Uzi Vert",15949598,https://open.spotify.com/track/2eMwDehkIC1j68U6FA3Eiq
17,"There's Nothing Holdin' Me Back","Shawn Mendes",15851159,https://open.spotify.com/track/79cuOz3SPQTuFrp8WgftAu
18,"Back to You (feat. Bebe Rexha & Digital Farm Animals)","Louis Tomlinson",14524250,https://open.spotify.com/track/7F9vK8hNFMml4GtHsaXui6
19,"Fetish (feat. Gucci Mane)","Selena Gomez",13969714,https://open.spotify.com/track/0XLOf9LhyazPX9Ld8jPiUq
20,HUMBLE.,"Kendrick Lamar",13373725,https://open.spotify.com/track/7KXjTSCq5nL1LoYtL7XAwS
21,"Glorious (feat. Skylar Grey)",Macklemore,13342070,https://open.spotify.com/track/3HVr6jTVwBHBa2flM0eURR
22,"Me Rehúso","Danny Ocean",13238814,https://open.spotify.com/track/6De0lHrwBfPfrhorm9q1Xl
23,"There for You","Martin Garrix",13182316,https://open.spotify.com/track/6jA8HL9i4QGzsj6fjoxp8Y
24,"Swalla (feat. Nicki Minaj & Ty Dolla $ign)","Jason Derulo",13126623,https://open.spotify.com/track/6kex4EBAj0WHXDKZMEJaaF
25,"Felices los 4",Maluma,12987962,https://open.spotify.com/track/0qYTZCo5Bwh1nsUFGZP3zn
26,"Something Just Like This","The Chainsmokers",12941367,https://open.spotify.com/track/6RUKPb4LETWmmr3iAEQktW
27,Believer,"Imagine Dragons",12660398,https://open.spotify.com/track/0CcQNd8CINkwQfe1RDtGV6
28,"Despacito (Featuring Daddy Yankee)","Luis Fonsi",12539759,https://open.spotify.com/track/4aWmUDTfIPGksMNLV2rQP2
29,"Bank Account","21 Savage",12529806,https://open.spotify.com/track/5eqK0tbzUPo2SoeZsov04s
30,"Your Song","Rita Ora",11970665,https://open.spotify.com/track/4c2W3VKsOFoIg2SFaO6DY5
31,"Pretty Girl - Cheat Codes X CADE Remix","Maggie Lindemann",11962672,https://open.spotify.com/track/1NDxZ7cFAo481dtYWdrUnR
32,"Know No Better (feat. Travis Scott, Camila Cabello & Quavo)","Major Lazer",11826635,https://open.spotify.com/track/3Ytr1SUCUi6J3L9dRFx5iH
33,Congratulations,"Post Malone",11802066,https://open.spotify.com/track/3a1lNhkSLSkpJE4MSHpDu9
34,"Slow Hands","Niall Horan",11548545,https://open.spotify.com/track/167NczpNbRF7oWakJaY3Hh
35,"I Like Me Better",Lauv,11488479,https://open.spotify.com/track/1wjzFQodRWrPcQ0AnYnvQ9
36,"Crying in the Club","Camila Cabello",10504517,https://open.spotify.com/track/1SJtlNRJDeYHioymcvsqev
37,"Symphony (feat. Zara Larsson)","Clean Bandit",10384122,https://open.spotify.com/track/1x5sYLZiu9r5E43kMlt9f8
38,"Escápate Conmigo",Wisin,10044742,https://open.spotify.com/track/2cnKEkpVUSV4wnjQiTWfH6
39,"That's What I Like","Bruno Mars",10012386,https://open.spotify.com/track/0KKkJNfGyhkQ5aFogxQAPU
40,"BUTTERFLY EFFECT","Travis Scott",10009307,https://open.spotify.com/track/1yxgsra98r3qAtxqiGZPiX
41,"Bad Liar","Selena Gomez",9805510,https://open.spotify.com/track/1sCxVKWImDZSZKvG0U9B23
42,"Una Lady Como Tú","Manuel Turizo",9788589,https://open.spotify.com/track/7MHN1aCFtLXjownGhvEQlF
43,Redbone,"Childish Gambino",9499853,https://open.spotify.com/track/3kxfsdsCpFgN412fpnW85Y
44,"Slide (feat. Frank Ocean & Migos)","Calvin Harris",9400757,https://open.spotify.com/track/7tr2za8SQg2CI8EDgrdtNl
45,"No Promises (feat. Demi Lovato)","Cheat Codes",9390466,https://open.spotify.com/track/1louJpMmzEicAn7lzDalPW
46,Location,Khalid,9372779,https://open.spotify.com/track/152lZdxL1OR0ZMW6KquMif
47,"Stay (with Alessia Cara)",Zedd,9340374,https://open.spotify.com/track/0dA2Mk56wEzDgegdC6R17g
48,Signs,Drake,9259476,https://open.spotify.com/track/5EnYT6F7wEcdege6mDHEfO
49,Bonita,"J Balvin",9076324,https://open.spotify.com/track/693iqPOQvhI7PobtR8CC8v
50,"SUBEME LA RADIO","Enrique Iglesias",8628550,https://open.spotify.com/track/7nKBxz47S9SD79N086fuhn
51,"Mask Off",Future,8369494,https://open.spotify.com/track/3rOSwuTsUlJp0Pu0MkN8r8
52,"Ahora Dice","Chris Jeday",7916637,https://open.spotify.com/track/22eADXu8DfOAUEDw4vU8qy
53,"It Ain't Me (with Selena Gomez)",Kygo,7755216,https://open.spotify.com/track/3eR23VReFzcdmS7TYCrhCe
54,"Rich Love (with Seeb)",OneRepublic,7603509,https://open.spotify.com/track/7aF09WaavZAmAWuUeYxlYD
55,Praying,Kesha,7528501,https://open.spotify.com/track/79NlESqzFSW0hdBWgls4FX
56,"Galway Girl","Ed Sheeran",7509537,https://open.spotify.com/track/0afhq8XCExXpqazXczTSve
57,"Most Girls","Hailee Steinfeld",7395977,https://open.spotify.com/track/2mfUa8bLs2s5N4VaqJZ4lZ
58,"Young Dumb & Broke",Khalid,7264540,https://open.spotify.com/track/5Z3GHaZ6ec9bsiI5BenrbY
59,"Hey DJ",CNCO,7028476,https://open.spotify.com/track/209gZgcfLq2aUuu51vOWBl
60,"Feel It Still","Portugal. The Man",7003776,https://open.spotify.com/track/6QgjcU0zLnzq5OrUoSZ3OK
61,"OK - Spotify Version","Robin Schulz",6892117,https://open.spotify.com/track/3bWAqKDWg6u1davspr5IkS
62,DNA.,"Kendrick Lamar",6794105,https://open.spotify.com/track/6HZILIRieu8S0iqY8kIKhj
63,1-800-273-8255,Logic,6625573,https://open.spotify.com/track/5tz69p7tJuGPeMGwNTxYuV
64,goosebumps,"Travis Scott",6596678,https://open.spotify.com/track/6gBFPUFcJLzWGx4lenP6h2
65,"Now Or Never",Halsey,6508393,https://open.spotify.com/track/7i2DJ88J7jQ8K7zqFX2fW8
66,Malibu,"Miley Cyrus",6439307,https://open.spotify.com/track/2habSXqcJGExM6JJyskY7O
67,"Say You Won't Let Go","James Arthur",6424831,https://open.spotify.com/track/5uCax9HTNlzGybIStD3vDh
68,"Body Like A Back Road","Sam Hunt",6422330,https://open.spotify.com/track/7mldq42yDuxiUNn08nvzHO
69,"Get Low (with Liam Payne)",Zedd,6191553,https://open.spotify.com/track/1CKd1PnqfYx0H12V9MSaIY
70,Down,"Fifth Harmony",6155799,https://open.spotify.com/track/7LEydI5NfjY6mZfKwYIptZ
71,Passionfruit,Drake,6140924,https://open.spotify.com/track/7hDc8b7IXETo14hHIHdnhd
72,"Tu Foto",Ozuna,6117499,https://open.spotify.com/track/0Szp49tpFasIjX04Mcsydp
73,"First Time",Kygo,6095608,https://open.spotify.com/track/2Gl0FzuLxflY6nPifJp5Dr
74,"Slippery (feat. Gucci Mane)",Migos,6033995,https://open.spotify.com/track/6p8NuHm8uCGnn2Dtbtf7zE
75,Closer,"The Chainsmokers",6033644,https://open.spotify.com/track/7BKLCZ1jbUBVqRi2FVlTVw
76,"Rollin (feat. Future & Khalid)","Calvin Harris",6016267,https://open.spotify.com/track/0lMbuWUpfTWhEmOKxppEau
77,"LOYALTY. FEAT. RIHANNA.","Kendrick Lamar",5844123,https://open.spotify.com/track/6SwRhMLwNqEi6alNPVG00n
78,"Love Galore (feat. Travis Scott)",SZA,5828631,https://open.spotify.com/track/0q75NwOoFiARAVp4EXU4Bs
79,Magnolia,"Playboi Carti",5817154,https://open.spotify.com/track/1e1JKLEDKP7hEQzJfNAgPl
80,"Me Enamoré",Shakira,5694141,https://open.spotify.com/track/4qknM1pQz53QOyfDVTjcM9
81,Issues,"Julia Michaels",5692914,https://open.spotify.com/track/0xG0SHshCStMEyNbNC5d4k
82,"La Rompe Corazones","Daddy Yankee",5660983,https://open.spotify.com/track/4okba5wu9mMLXx79DXLKi3
83,"Came Here for Love",Sigala,5370037,https://open.spotify.com/track/3kGfazcbVvVkuZunzlLgTD
84,"Perplexing Pegasus","Rae Sremmurd",5368147,https://open.spotify.com/track/2nYwV62UABTH0NanrwVIdQ
85,"Bodak Yellow","Cardi B",5351309,https://open.spotify.com/track/2771LMNxwf62FTAdpJMQfM
86,"Rockabye (feat. Sean Paul & Anne-Marie)","Clean Bandit",5316748,https://open.spotify.com/track/5knuzwU65gJK7IF5yJsuaW
87,Havana,"Camila Cabello",5280396,https://open.spotify.com/track/0ofbQMrRDsUaVKq2mGLEAb
88,"Would You Ever",Skrillex,5267207,https://open.spotify.com/track/57p8CBvPOxrvyCbn6ttl5r
89,"Sign of the Times","Harry Styles",5159426,https://open.spotify.com/track/5Ohxk2dO5COHF1krpoPigN
90,OMG,"Camila Cabello",5159156,https://open.spotify.com/track/4xBjsLUSjcx2h7PcRikpQp
91,"El Amante","Nicky Jam",5149874,https://open.spotify.com/track/3umS4y3uQDkqekNjVpiRUs
92,"I Don’t Wanna Live Forever (Fifty Shades Darker) - From ""Fifty Shades Darker (Original Motion Picture Soundtrack)""",ZAYN,5123279,https://open.spotify.com/track/3NdDpSvN911VPGivFlV5d0
93,Starboy,"The Weeknd",5115387,https://open.spotify.com/track/5aAx2yezTd8zXrkmtKl66Z
94,"I Feel It Coming","The Weeknd",5067552,https://open.spotify.com/track/5GXAXm5YOmYT0kL5jHvYBt
95,Báilame,Nacho,5049472,https://open.spotify.com/track/7lRsNbdOGykkMAgsqs4R1C
96,"Scared to Be Lonely","Martin Garrix",5039435,https://open.spotify.com/track/3ebXMykcMXOcLeJ9xZ17XH
97,"One Dance",Drake,4991263,https://open.spotify.com/track/1xznGGDReH1oQq0xzbwXa3
98,"Solo Dance","Martin Jensen",4963366,https://open.spotify.com/track/6HUnnBwYZqcED1eQztxMBN
99,"Hey Ma (with Pitbull & J Balvin feat. Camila Cabello) - Spanish Version",Pitbull,4949420,https://open.spotify.com/track/2Vdub5mY4lad7w64bFPUez
100,"Sigo Extrañándote","J Balvin",4936566,https://open.spotify.com/track/6qDF4wWL49CAVbgT7yuHl8
101,Mayores,"Becky G",4892801,https://open.spotify.com/track/7JNh1cfm0eXjqFVOzKLyau
102,"Castle on the Hill","Ed Sheeran",4876243,https://open.spotify.com/track/6PCUP3dWmTjcTtXY02oFdT
103,Perfect,"Ed Sheeran",4869597,https://open.spotify.com/track/0tgVpDi06FyKpA1z0VMD4v
104,"Sua cara (feat. Anitta & Pabllo Vittar)","Major Lazer",4863215,https://open.spotify.com/track/3ibRxEv4KkcU9e259eyNJA
105,"Summer Air",ItaloBrothers,4738672,https://open.spotify.com/track/3GPI7hYiqD6enLRobhkBm8
106,"Otra vez (feat. J Balvin)","Zion & Lennox",4725950,https://open.spotify.com/track/3QwBODjSEzelZyVjxPOHdq
107,"Chantaje (feat. Maluma)",Shakira,4706782,https://open.spotify.com/track/6mICuAdrwEjh6Y6lroV2Kg
108,"LOVE. FEAT. ZACARI.","Kendrick Lamar",4659452,https://open.spotify.com/track/6PGoSes0D9eUDeeAafB2As
109,"In the End","Linkin Park",4657875,https://open.spotify.com/track/60a0Rd6pjrkxjPbaKzXjfq
110,Photograph,"Ed Sheeran",4632477,https://open.spotify.com/track/6fxVffaTuwjgEk5h9QyRjy
111,"Sola (Remix) [feat. Daddy Yankee, Wisin, Farruko, Zion & Lennox]","Anuel AA",4625176,https://open.spotify.com/track/5q2JbCNi4FcnglgPfxcV65
112,"It's A Vibe","2 Chainz",4618845,https://open.spotify.com/track/6H0AwSQ20mo62jGlPGB8S6
113,"iSpy (feat. Lil Yachty)",KYLE,4503956,https://open.spotify.com/track/2EEeOnHehOozLq4aS0n6SL
114,Paris,"The Chainsmokers",4419064,https://open.spotify.com/track/72jbDTw1piOOj770jWNeaG
115,"All My Love (feat. Conor Maynard)","Cash Cash",4352749,https://open.spotify.com/track/1839RWzPRZCVgvamu4sHSN
116,"Super Far",LANY,4285950,https://open.spotify.com/track/74ODGXs4byLTRdnKGM4s6E
117,"Si Tú La Ves (feat. Wisin)","Nicky Jam",4261192,https://open.spotify.com/track/4yN6xPLopmTLvc27pO9LIE
118,"Let Me Love You","DJ Snake",4217041,https://open.spotify.com/track/4pdPtRcBmOSQDlJ3Fk945m
119,"Bella y Sensual","Romeo Santos",4210929,https://open.spotify.com/track/0ERbK7qVqveCaBWIiYCrl3
120,"Swish Swish","Katy Perry",4197364,https://open.spotify.com/track/2kVHAQKVtczchKctctzbtK
121,"Don't Let Me Down","The Chainsmokers",4193696,https://open.spotify.com/track/0QsvXIfqM0zZoerQfsI9lm
122,"Reggaetón Lento (Bailemos)",CNCO,4127135,https://open.spotify.com/track/3AEZUABDXNtecAOSC1qTfo
123,"We Don't Talk Anymore","Charlie Puth",4118675,https://open.spotify.com/track/68EMU2RD1ECNeOeJ5qAXCV
124,"Me Llamas (feat. Maluma) - Remix","Piso 21",4108447,https://open.spotify.com/track/5hEM0JchdVzQ5PwvSfITeX
125,"Drowning (feat. Kodak Black)","A Boogie Wit da Hoodie",4106911,https://open.spotify.com/track/6Q2FftbUG530lCtBI74bMH
126,"Instruction (feat. Demi Lovato & Stefflon Don)","Jax Jones",4069681,https://open.spotify.com/track/0XfOi87h82i09rQjWYG0Bm
127,Besándote,"Piso 21",4041028,https://open.spotify.com/track/13X0XdLMOdtbXVtAj2ox4h
128,"Two High","Moon Taxi",4029376,https://open.spotify.com/track/3sJHkcxojoJD2Ytbo1yLLF
129,"Treat You Better","Shawn Mendes",4004612,https://open.spotify.com/track/4Hf7WnR761jpxPr5D46Bcd
130,"Bad and Boujee (feat. Lil Uzi Vert)",Migos,3989806,https://open.spotify.com/track/4Km5HrUvYTaSUfiSGPJeQR
131,"24K Magic","Bruno Mars",3968624,https://open.spotify.com/track/6b8Be6ljOzmkOmFslEb23P
132,"Reminder - Remix","The Weeknd",3938878,https://open.spotify.com/track/7F1LWA9sIlTorHUo4amGqk
133,Tuesday,"Burak Yeter",3915574,https://open.spotify.com/track/7abpmGpF7PGep2rDU68GBR
134,"Thinking out Loud","Ed Sheeran",3894417,https://open.spotify.com/track/1Slwb6dOYkBlWal1PGtnNg
135,Starving,"Hailee Steinfeld",3872653,https://open.spotify.com/track/1qOLh0tI7trd1zdDKxYZTe
136,"CAN'T STOP THE FEELING! (Original Song from DreamWorks Animation's ""TROLLS"")","Justin Timberlake",3868355,https://open.spotify.com/track/6JV2JOEocMgcZxYSZelKcc
137,"You Don't Know Me - Radio Edit","Jax Jones",3843032,https://open.spotify.com/track/00lNx0OcTJrS3MKHcB80HY
138,Numb,"Linkin Park",3837077,https://open.spotify.com/track/2nLtzopw4rPReszdYBJU6h
139,"4 AM","2 Chainz",3835565,https://open.spotify.com/track/1nX9KhK3Fff27SnrIor2Yb
140,"Heavy (feat. Kiiara)","Linkin Park",3769397,https://open.spotify.com/track/104buTcnP2AsxqB7U1FIZ4
141,"Call On Me - Ryan Riback Extended Remix",Starley,3757890,https://open.spotify.com/track/78rIJddV4X0HkNAInEcYde
142,"Complicated (feat. Kiiara)","Dimitri Vegas & Like Mike",3719219,https://open.spotify.com/track/1Sl3njkhhz8nrSPZroDQ82
143,"No Complaints","Metro Boomin",3683008,https://open.spotify.com/track/6kig1UFggPUyZBCvXD3Wod
144,Boys,"Charli XCX",3646719,https://open.spotify.com/track/5o4yGlG0PfeVUa6ClIyOxq
145,"Side To Side","Ariana Grande",3640169,https://open.spotify.com/track/4pLwZjInHj3SimIyN9SnOz
146,"Robarte un Beso","Carlos Vives",3610798,https://open.spotify.com/track/4z3GJkrtH97Bj6fRta983T
147,"Bounce Back","Big Sean",3602652,https://open.spotify.com/track/0SGkqnVQo9KPytSri1H6cF
148,"Rake It Up","Yo Gotti",3592836,https://open.spotify.com/track/6c7D34787LOtPm8tzhsLgH
149,"In the Name of Love","Martin Garrix",3588574,https://open.spotify.com/track/04DwTuZ2VBdJCCC5TROn7L
150,"Fake Love",Drake,3581213,https://open.spotify.com/track/343YBumqHu19cGoGARUTsd
151,"The Cure","Lady Gaga",3537294,https://open.spotify.com/track/51PIvodunv6NmX5250zxAh
152,Hunter,Galantis,3534403,https://open.spotify.com/track/3caMfJGFp53NAH2TuigdNj
153,"Hear Me Now",Alok,3512901,https://open.spotify.com/track/1a5Yu5L18qNxVhXx38njON
154,"Cold Water (feat. Justin Bieber & MØ)","Major Lazer",3501452,https://open.spotify.com/track/6DNtNfH8hXkqOX1sjqmI7p
155,"I Took A Pill In Ibiza - Seeb Remix","Mike Posner",3501303,https://open.spotify.com/track/17Fd6Yb7mSbinKG8LoWfFl
156,"Love Yourself","Justin Bieber",3474439,https://open.spotify.com/track/3hB5DgAiMAQ4DzYbsMq1IT
157,Tired,"Alan Walker",3447681,https://open.spotify.com/track/3b5Li4QKDVBx1x7fQuu54a
158,Paradinha,Anitta,3447132,https://open.spotify.com/track/05rJdH2MRLJ3sQoEUO78qs
159,Happier,"Ed Sheeran",3436914,https://open.spotify.com/track/2RttW7RAu5nOAfq6YFvApB
160,Why,"Sabrina Carpenter",3420215,https://open.spotify.com/track/2jYmK1cb3Uya6FFsocdpzO
161,"do re mi",blackbear,3403787,https://open.spotify.com/track/3Q3myFA7q4Op95DOpHplaY
162,"No Vacancy",OneRepublic,3391217,https://open.spotify.com/track/6XOYVSmNDjKUNMXooU4s4z
163,Swang,"Rae Sremmurd",3389585,https://open.spotify.com/track/6mapJIPnQ23RTAevUoE0DL
164,"Look At Me!",XXXTENTACION,3375797,https://open.spotify.com/track/4ARPvK8DHLwt4oX65ZAFMw
165,"Alguien Robo","Sebastian Yatra",3373450,https://open.spotify.com/track/5i50gKdLAjjIr7UxRT5IVy
166,Portland,Drake,3371994,https://open.spotify.com/track/2bjwRfXMk4uRgOD9IBYl9h
167,Imitadora,"Romeo Santos",3370952,https://open.spotify.com/track/6r46lnXFbE9fr2d3KNaGbe
168,Mercy,"Shawn Mendes",3315009,https://open.spotify.com/track/4TZy1wLyHec06pwgFYDh1a
169,"Lose Yourself - From ""8 Mile"" Soundtrack",Eminem,3302377,https://open.spotify.com/track/5Z01UMMf7V1o0MzF86s6WJ
170,"White Iverson","Post Malone",3262616,https://open.spotify.com/track/6eT7xZZlB2mwyzJ2sUKG6w
171,Faded,"Alan Walker",3248569,https://open.spotify.com/track/7gHs73wELdeycvS48JfIos
172,"The Night We Met","Lord Huron",3246565,https://open.spotify.com/track/6mORGLOz79w6VsCRLWYYuK
173,"Cheap Thrills",Sia,3213614,https://open.spotify.com/track/27SdWb2rFzO6GWiYDBTD9j
174,"Sun Comes Up (feat. James Arthur)",Rudimental,3201910,https://open.spotify.com/track/6SUocL0caib4mLHe8ZrZzi
175,"Ni Tú Ni Yo (feat. Gente de Zona)","Jennifer Lopez",3197595,https://open.spotify.com/track/5xMzazov0IHYllrc8U2K6F
176,"Marmalade (feat. Lil Yachty)",Macklemore,3191737,https://open.spotify.com/track/0RYXEibxMami3QuT8kn4Iz
177,Heathens,"Twenty One Pilots",3171705,https://open.spotify.com/track/6i0V12jOa3mr6uu4WYhUBr
178,"One Last Time","Ariana Grande",3171207,https://open.spotify.com/track/7bJwvubZZaoGE1AGEfu8Fi
179,"do re mi (feat. Gucci Mane)",blackbear,3159780,https://open.spotify.com/track/53mrVsi49rLHIaKBiSvElG
180,"How Far I'll Go - From ""Moana""","Alessia Cara",3144222,https://open.spotify.com/track/5hYTyyh2odQKphUbMqc5gN
181,"Go Flex","Post Malone",3141613,https://open.spotify.com/track/5yuShbu70mtHXY0yLzCQLQ
182,"The Scientist",Coldplay,3140939,https://open.spotify.com/track/75JFxkI2RXiU7L9VXzMkle
183,"Loco Enamorado","Abraham Mateo",3134155,https://open.spotify.com/track/4N1c5rmWOzRmB9SMacr5wB
184,Hot2Touch,"Felix Jaehn",3121825,https://open.spotify.com/track/1sBhJGPUKrdRycgKxve70v
185,"Be Mine",Ofenbach,3118353,https://open.spotify.com/track/2KklXplRtxMsBYo474Es0w
186,"Loca (feat. Cali y El Dandee)","Maite Perroni",3100654,https://open.spotify.com/track/05ZXXyeZFhZtA6DAP3Aw7x
187,T-Shirt,Migos,3091076,https://open.spotify.com/track/7KOlJ92bu51cltsD9KU5I7
188,Cold,"Maroon 5",3084011,https://open.spotify.com/track/5NNlUMcOEOdoOIwwaWXv0k
189,"Tunnel Vision","Kodak Black",3075756,https://open.spotify.com/track/4Q3N4Ct4zCuIHuZ65E3BD4
190,Weak,AJR,3068062,https://open.spotify.com/track/3E2Zh20GDCR9B1EYjfXWyv
191,"Stressed Out","Twenty One Pilots",3043373,https://open.spotify.com/track/3CRDbSIZ4r5MsZ0YwxuEkn
192,"Chained To The Rhythm","Katy Perry",3040143,https://open.spotify.com/track/6520aj0B4FSKGVuKNsOCOi
193,Ride,"Twenty One Pilots",3024910,https://open.spotify.com/track/2Z8WuEywRWYTKe1NybPQEW
194,Safari,"J Balvin",3015714,https://open.spotify.com/track/6rQSrBHf7HlZjtcMZ4S4bO
195,Rolex,"Ayo & Teo",3008374,https://open.spotify.com/track/0pSBuHjILhNEo55xK1zrRt
196,"Vente Pa' Ca","Ricky Martin",3003473,https://open.spotify.com/track/7DM4BPaS7uofFul3ywMe46
197,ELEMENT.,"Kendrick Lamar",2987571,https://open.spotify.com/track/1EaKU4dMbesXXd3BrLCtYG
198,"Wonderwall - Remastered",Oasis,2975831,https://open.spotify.com/track/5qqabIl2vWzo9ApSC317sa
199,"Ahora Me Llama","KAROL G",2971762,https://open.spotify.com/track/61HHDBLqF3AmSvLfHKNGd2
200,"Work from Home (feat. Ty Dolla $ign)","Fifth Harmony",2970256,https://open.spotify.com/track/4tCtwWceOPWzenK2HAIJSb
