,,,"Note that these figures are generated using a formula that protects against any artificial inflation of chart positions.",
Position,"Track Name",Artist,Streams,URL
1,"bad guy","Billie Eilish",40259374,https://open.spotify.com/track/2Fxmhks0bxGSBdJ92vM42m
2,"Old Town Road (feat. Billy Ray Cyrus) - Remix","Lil Nas X",33975090,https://open.spotify.com/track/6u7jPi22kF8CTQ3rb9DHE7
3,"Old Town Road","Lil Nas X",27568885,https://open.spotify.com/track/53CJANUxooaqGOtdsBTh7O
4,SOS,Avicii,23812662,https://open.spotify.com/track/6nDKrPlXdpomGBgAlO7UdP
5,"Con Calma","Daddy Yankee",23516741,https://open.spotify.com/track/5w9c2J52mkdntKOmRLeM2m
6,"Boy With Luv (feat. Halsey)",BTS,22447659,https://open.spotify.com/track/5KawlOMHjWeUjQtnuRs22c
7,"7 rings","Ariana Grande",21780435,https://open.spotify.com/track/6ocbgoVGwYJhOv1GgI9NsF
8,"Sunflower - Spider-Man: Into the Spider-Verse","Post Malone",21353515,https://open.spotify.com/track/3KkXRkHbMCARz0aVfEt68P
9,Sucker,"Jonas Brothers",20841115,https://open.spotify.com/track/4y3OI86AEP6PQoDE6olYhO
10,"Talk (feat. Disclosure)",Khalid,18389998,https://open.spotify.com/track/6TqXcAFInzjp0bODyvrWEq
11,"bury a friend","Billie Eilish",17977340,https://open.spotify.com/track/4SSnFejRGlZikf02HLewEF
12,Shallow,"Lady Gaga",17132925,https://open.spotify.com/track/2VxeLyX666F8uXCJ0dZF8B
13,Wow.,"Post Malone",16652654,https://open.spotify.com/track/6MWtB6iiXyIwun0YzU6DFP
14,"Don't Call Me Up",Mabel,16424414,https://open.spotify.com/track/5WHTFyqSii0lmT9R21abT8
15,"Kill This Love",BLACKPINK,15752290,https://open.spotify.com/track/4pUCKHjJ4Ijewc37rRrvHn
16,"wish you were gay","Billie Eilish",14565136,https://open.spotify.com/track/3Fj47GNK2kUF0uaEDgXLaD
17,"when the party's over","Billie Eilish",14415207,https://open.spotify.com/track/43zdsphuZLzwA9k4DJhU0I
18,"Here With Me",Marshmello,14251208,https://open.spotify.com/track/5icOoE6VgqFKohjWWNp0Ac
19,"Pa Mí - Remix",Dalex,14169080,https://open.spotify.com/track/224EVTFiLsdQignUFLvDeH
20,HP,Maluma,14057648,https://open.spotify.com/track/31UjYv5vLsDkzchJOtUMtW
21,"Calma - Remix","Pedro Capó",14043479,https://open.spotify.com/track/5iwz1NiezX7WWjnCgY5TH4
22,"Sweet but Psycho","Ava Max",14027830,https://open.spotify.com/track/25sgk305KZfyuqVBQIahim
23,Happier,Marshmello,13438804,https://open.spotify.com/track/2dpaYNEQHiRxtZbfNsse99
24,"Dancing With A Stranger (with Normani)","Sam Smith",12960745,https://open.spotify.com/track/6Qs4SXO9dwPj5GKvVOv8Ki
25,"Swervin (feat. 6ix9ine)","A Boogie Wit da Hoodie",12617837,https://open.spotify.com/track/1wJRveJZLSb1rjhnUHQiv6
26,"Without Me",Halsey,12419881,https://open.spotify.com/track/5p7ujcrUXASCNwRaWNHR1C
27,"i'm so tired...",Lauv,12411629,https://open.spotify.com/track/7COXchtUOMd6uIT6HvmRaI
28,"Let Me Down Slowly","Alec Benjamin",12324368,https://open.spotify.com/track/2qxmye6gAegTMjLKEBoR3d
29,"Baila Baila Baila",Ozuna,12306390,https://open.spotify.com/track/7uH27oIt4a6cIFCA8ZPcyG
30,"break up with your girlfriend, i'm bored","Ariana Grande",12182413,https://open.spotify.com/track/4kV4N9D1iKVxx1KLvtTpjS
31,"Power is Power",SZA,12087846,https://open.spotify.com/track/35RDmXJ59YYGNlv1KfTGsP
32,"MIDDLE CHILD","J. Cole",12086957,https://open.spotify.com/track/2JvzF1RMd7lE3KmFlsyZD8
33,"Verte Ir","DJ Luian",11856127,https://open.spotify.com/track/4lzxJ4jCuFDXXGkE1LmpKR
34,"thank u, next","Ariana Grande",11676493,https://open.spotify.com/track/3e9HZxeyfWwjeyPAMmWSSQ
35,"Te Robaré","Nicky Jam",11202091,https://open.spotify.com/track/6v0lAdFF4haL8xjBIUjtOw
36,Secreto,"Anuel AA",11169639,https://open.spotify.com/track/5W83ErFkO3aKAIS1WMi6u0
37,lovely,"Billie Eilish",11138567,https://open.spotify.com/track/1NJcg626wLln4pGHpiV7mf
38,"Sanguine Paradise","Lil Uzi Vert",10891403,https://open.spotify.com/track/3XiNC94b4Tq1xwv70sQJGN
39,"Going Bad (feat. Drake)","Meek Mill",10807634,https://open.spotify.com/track/2IRZnDFmlqMuOrYOLnZZyc
40,"High Hopes","Panic! At The Disco",10803582,https://open.spotify.com/track/1rqqCSm0Qe4I9rUvWncaom
41,"On My Way","Alan Walker",10693989,https://open.spotify.com/track/4n7jnSxVLd8QioibtTDBDq
42,"So Am I","Ava Max",10443282,https://open.spotify.com/track/0uUNN1nSoUx1A4fkDCWDQ7
43,"Tal Vez","Paulo Londra",10314821,https://open.spotify.com/track/46lvmzK8wxAy66tjzXXSh0
44,"Con Altura",ROSALÍA,10277117,https://open.spotify.com/track/2qG5sZ7Si6sdK74qLxedYM
45,Earth,"Lil Dicky",10250950,https://open.spotify.com/track/2S1LebN6AXXQqJolBxlWgO
46,"Murder On My Mind","YNW Melly",10156211,https://open.spotify.com/track/7eBqSVxrzQZtK2mmgRG6lC
47,"you should see me in a crown","Billie Eilish",9888124,https://open.spotify.com/track/3XF5xLJHOQQRbWya6hBp7d
48,"Giant (with Rag'n'Bone Man)","Calvin Harris",9510194,https://open.spotify.com/track/5itOtNx0WxtJmi1TQ3RuRd
49,Better,Khalid,9455500,https://open.spotify.com/track/6zeeWid2sgw4lap2jV61PZ
50,"Taki Taki (with Selena Gomez, Ozuna & Cardi B)","DJ Snake",9454260,https://open.spotify.com/track/4w8niZpiMy6qz1mntFA5uM
51,"all the good girls go to hell","Billie Eilish",9445909,https://open.spotify.com/track/6IRdLKIyS4p7XNiP8r6rsx
52,"Someone You Loved","Lewis Capaldi",9442017,https://open.spotify.com/track/2TIlqbIneP0ZY1O0EzYLlc
53,"Bohemian Rhapsody - 2011 Mix",Queen,9281623,https://open.spotify.com/track/4u7EnebtmKWzUH433cf5Qv
54,"Eastside (with Halsey & Khalid)","benny blanco",9191628,https://open.spotify.com/track/7FGq80cy8juXBCD2nrqdWU
55,"Carry On (from the Original Motion Picture ""POKÉMON Detective Pikachu"")",Kygo,8972171,https://open.spotify.com/track/3y3brCCecHC3Db18aIOnny
56,"Who Do You Love","The Chainsmokers",8893446,https://open.spotify.com/track/7ql71hBakyMi0Lxiq3Mugs
57,"Pure Water (with Migos)",Mustard,8800705,https://open.spotify.com/track/63cd4JkwGgYJrbOizbfmsp
58,"Outta My Head (with John Mayer)",Khalid,8778821,https://open.spotify.com/track/09oZ9eXQ2fo6YDrPzJqAoP
59,"Better Now","Post Malone",8679033,https://open.spotify.com/track/7dt6x5M1jzdTEt8oCbisTK
60,"MIA (feat. Drake)","Bad Bunny",8646315,https://open.spotify.com/track/116H0KvKr2Zl4RPuVBruDO
61,"my strange addiction","Billie Eilish",8576158,https://open.spotify.com/track/3Tc57t9l2O8FwQZtQOvPXK
62,xanny,"Billie Eilish",8494985,https://open.spotify.com/track/4QIo4oxwzzafcBWkKjDpXY
63,"SICKO MODE","Travis Scott",8263840,https://open.spotify.com/track/2xLMifQCjDGFmkHkpNLD9h
64,"I Can’t Get Enough (benny blanco, Selena Gomez, J Balvin, Tainy)","benny blanco",8226404,https://open.spotify.com/track/1WSGTYKLEpKfNQYYW5Oymt
65,Desconocidos,"Mau y Ricky",8216802,https://open.spotify.com/track/0s5DNDV6LAKn2u2Ufa3VjQ
66,"Be Alright","Dean Lewis",8216522,https://open.spotify.com/track/2H4gf1wLxvYreMj1jcaN0k
67,"Adan y Eva","Paulo Londra",8178054,https://open.spotify.com/track/6FyRXC8tJUh863JCkyWqtk
68,"Girls Like You (feat. Cardi B)","Maroon 5",7931650,https://open.spotify.com/track/7fa9MBXhVfQ8P8Df9OEbD8
69,"Te Vi","Piso 21",7922567,https://open.spotify.com/track/059bcIhyc2SBwm6sw2AZzd
70,"rockstar (feat. 21 Savage)","Post Malone",7893957,https://open.spotify.com/track/0e7ipj03S05BNilyu5bRzt
71,Paradise,Bazzi,7636205,https://open.spotify.com/track/7njKgVl3AnLflRad38o7AG
72,"Piece Of Your Heart",MEDUZA,7549833,https://open.spotify.com/track/5p1ex0pXv6jSPJ6QbumQpD
73,Robbery,"Juice WRLD",7538667,https://open.spotify.com/track/6Hj9jySrnFppAI0sEMCZpJ
74,"MONOPOLY (with Victoria Monét)","Ariana Grande",7477486,https://open.spotify.com/track/6tsOcBnaKgzK22yEiqRh8P
75,"Look Back at It","A Boogie Wit da Hoodie",7468811,https://open.spotify.com/track/3Ol2xnObFdKV9pmRD2t9x8
76,"Contra La Pared","Sean Paul",7453101,https://open.spotify.com/track/3JjaofJ0lCeEsFSZqppzOp
77,"Lucid Dreams","Juice WRLD",7380353,https://open.spotify.com/track/285pBltuF7vW8TeWk8hdRR
78,"Bad Liar","Imagine Dragons",7329343,https://open.spotify.com/track/2RSHsoi04658QL5xgQVov3
79,"Close To Me (with Diplo) (feat. Swae Lee)","Ellie Goulding",7321743,https://open.spotify.com/track/5JEx7HbmvHQQswJCsoo9rA
80,"Mixed Personalities (feat. Kanye West)","YNW Melly",7304542,https://open.spotify.com/track/6vWEAOUSxohKxhp0K1BsxL
81,"Saturday Nights",Khalid,7144358,https://open.spotify.com/track/5kfNriitmkNE8mUbZ7gbq8
82,"Un Año","Sebastian Yatra",7120498,https://open.spotify.com/track/2vrpcQNg6itmgVZWsNjWe0
83,SAD!,XXXTENTACION,7063831,https://open.spotify.com/track/3ee8Jmje8o58CHK66QrVC2
84,"Ella Quiere Beber - Remix","Anuel AA",7028045,https://open.spotify.com/track/3f5lA8nnc4YYF1qf78WpHw
85,"Shape of You","Ed Sheeran",7024942,https://open.spotify.com/track/7qiZfU4dY1lWllzX7mPBI3
86,"Please Me","Cardi B",6907543,https://open.spotify.com/track/0PG9fbaaHFHfre2gUVo7AN
87,Amanece,"Anuel AA",6742844,https://open.spotify.com/track/1LiN0Z98FkR1t0m8KmLcAH
88,Youngblood,"5 Seconds of Summer",6730253,https://open.spotify.com/track/2iUXsYOEPhVqEBwsqP70rE
89,"Walk Me Home",P!nk,6720883,https://open.spotify.com/track/7DHApOHsIFo7EyfieArYGE
90,"Esclavo de Tus Besos","Manuel Turizo",6663535,https://open.spotify.com/track/3g4UyIcQwutiG0TfW32GnX
91,Sixteen,"Ellie Goulding",6655697,https://open.spotify.com/track/4PkIDTPGedm0enzdvilLNd
92,"Just You and I","Tom Walker",6571291,https://open.spotify.com/track/03x2rVJRFUrvwlfxoHd9Mo
93,Moonlight,XXXTENTACION,6545280,https://open.spotify.com/track/0JP9xo3adEtGSdUEISiszL
94,"Drip Too Hard (Lil Baby & Gunna)","Lil Baby",6488884,https://open.spotify.com/track/78QR3Wp35dqAhFEc2qAGjE
95,"a lot","21 Savage",6423840,https://open.spotify.com/track/2t8yVaLvJ0RenpXUIAC52d
96,"Always Remember Us This Way","Lady Gaga",6404700,https://open.spotify.com/track/2rbDhOo9Fh61Bbu23T2qCk
97,"Envy Me",Calboy,6389259,https://open.spotify.com/track/05t7JMip6JrLuSrMV5yYjX
98,"i love you","Billie Eilish",6349650,https://open.spotify.com/track/6CcJMwBtXByIz4zQLzFkKc
99,"Don't Stop Me Now - 2011 Mix",Queen,6298238,https://open.spotify.com/track/5T8EDUDqKcs6OSOwEsfqG7
100,Believer,"Imagine Dragons",6293849,https://open.spotify.com/track/0pqnGHJpmpxLKifKRmU6WP
101,Thotiana,Blueface,6252642,https://open.spotify.com/track/3oh6SCCeLuXhFpEyepla6G
102,"Faucet Failure","Ski Mask The Slump God",6247858,https://open.spotify.com/track/1ThmUihH9dF8EV08ku5AXN
103,"3 Nights","Dominic Fike",6243515,https://open.spotify.com/track/1tNJrcVe6gwLEiZCtprs1u
104,2002,Anne-Marie,6241836,https://open.spotify.com/track/2BgEsaKNfHUdlh97KmvFyo
105,"In My Mind",Dynoro,6234379,https://open.spotify.com/track/0E9ZjEAyAwOXZ7wJC0PD33
106,"Que Mas Pues - Remix",Sech,6216109,https://open.spotify.com/track/7fODjB7BrQTGqh0hogW6XD
107,idontwannabeyouanymore,"Billie Eilish",6147108,https://open.spotify.com/track/40T5GIqQ1CegGm2PTEl8Bu
108,Mikrokosmos,BTS,6108368,https://open.spotify.com/track/5hnbE5BF2e8BCk9OMR1UVC
109,"My Bad",Khalid,6107015,https://open.spotify.com/track/2XKFnwB6djxrJCjR3PdeRb
110,"Make It Right",BTS,6072623,https://open.spotify.com/track/6KUE0HSSudAp9AOycaF6SH
111,"I Like It","Cardi B",6004427,https://open.spotify.com/track/58q2HKrzhC3ozto2nDdN4z
112,Perfect,"Ed Sheeran",5963995,https://open.spotify.com/track/0tgVpDi06FyKpA1z0VMD4v
113,"Another One Bites The Dust - Remastered 2011",Queen,5957255,https://open.spotify.com/track/5vdp5UmvTsnMEMESIF2Ym7
114,"I Like Me Better",Lauv,5894401,https://open.spotify.com/track/2P91MQbaiQOfbiz9VqhqKQ
115,ilomilo,"Billie Eilish",5891773,https://open.spotify.com/track/7qEKqBCD2vE5vIBsrUitpD
116,"Body (feat. Brando)","Loud Luxury",5873593,https://open.spotify.com/track/7K7MUBCnzgBAvMVW2RTWNs
117,"Promises (with Sam Smith)","Calvin Harris",5867561,https://open.spotify.com/track/5N5k9nd479b1xpDZ4usjrg
118,"Taste (feat. Offset)",Tyga,5832646,https://open.spotify.com/track/5IaHrVsrferBYDm0bDyABy
119,"Si Se Da","Myke Towers",5788526,https://open.spotify.com/track/5KbBGUpIZd6gVFUU8tqYiQ
120,"Before I Let Go - Homecoming Live Bonus Track",Beyoncé,5781876,https://open.spotify.com/track/3FUXVbi9ugVUqJ3rPrfd2G
121,ZEZE,"Kodak Black",5773401,https://open.spotify.com/track/0FZ4Dmg8jJJAPJnvBIzD9z
122,"Mo Bamba","Sheck Wes",5758387,https://open.spotify.com/track/1xzBco0xcoJEDXktl7Jxrr
123,Aullando,"Wisin & Yandel",5699192,https://open.spotify.com/track/7BuHdm4lQqcyG3qTwdkxus
124,"Dancin (feat. Luvli) - Krono Remix","Aaron Smith",5648430,https://open.spotify.com/track/6WkJ2OK163XXS2oARUC9JM
125,HOME,BTS,5635375,https://open.spotify.com/track/7lthOBXNue2IvedLRfkod8
126,"God's Plan",Drake,5634170,https://open.spotify.com/track/6DCZcSspjsKoFjzjrWoCdn
127,"Psycho (feat. Ty Dolla $ign)","Post Malone",5633813,https://open.spotify.com/track/3swc6WTsr7rl9DqQKQA55C
128,"Jocelyn Flores",XXXTENTACION,5594536,https://open.spotify.com/track/7m9OqQk4RVRkw9JJdeAw96
129,"listen before i go","Billie Eilish",5579813,https://open.spotify.com/track/0tMSssfxAL2oV8Vri0mFHE
130,Dionysus,BTS,5575872,https://open.spotify.com/track/6JdS5rJvJaRA7B1tcm7kxZ
131,Soltera,Lunay,5554025,https://open.spotify.com/track/4T4CZ3Q4z3GG7lU720YYhM
132,Cool,"Jonas Brothers",5524248,https://open.spotify.com/track/3QmolSZqjjLksTUvZJ6pPS
133,"Say My Name","David Guetta",5516453,https://open.spotify.com/track/0YammaEkYSeo9vQYZ1OwS6
134,"ocean eyes","Billie Eilish",5471389,https://open.spotify.com/track/2uIX8YMNjGMD7441kqyyNU
135,"One Kiss (with Dua Lipa)","Calvin Harris",5427870,https://open.spotify.com/track/7ef4DlsgrMEH11cDZd32M6
136,bellyache,"Billie Eilish",5380783,https://open.spotify.com/track/51NFxnQvaosfDDutk0tams
137,Thunder,"Imagine Dragons",5367013,https://open.spotify.com/track/1zB4vmk8tFRmM9UULNzbLB
138,"Wake Up in the Sky","Gucci Mane",5265799,https://open.spotify.com/track/2G1tXoGBaEMJ7FKGnkf6ud
139,"no tears left to cry","Ariana Grande",5244892,https://open.spotify.com/track/2qT1uLXPVPzGgFOx4jtEuo
140,Adictiva,"Daddy Yankee",5242235,https://open.spotify.com/track/6MJUCumnQsQEKbCy28tbCP
141,"Lost In Japan","Shawn Mendes",5127922,https://open.spotify.com/track/79esEXlqqmq0GPz0xQSZTV
142,"Pop Out (feat. Lil Tjay)","Polo G",5110661,https://open.spotify.com/track/5AjINjwKyRvQJhSe2zpPHi
143,"Con Calma - Remix","Daddy Yankee",5096008,https://open.spotify.com/track/4au7FRcgZzChASRYu279xH
144,"The Middle",Zedd,5073315,https://open.spotify.com/track/09IStsImFySgyp0pIQdqAc
145,"Love Someone","Lukas Graham",5071702,https://open.spotify.com/track/3id2EVGKc3eFAMn9nFnB0r
146,"Nothing Breaks Like a Heart (feat. Miley Cyrus)","Mark Ronson",5047138,https://open.spotify.com/track/27rdGxbavYJeBphck5MZAF
147,"Under Pressure - Remastered",Queen,5041657,https://open.spotify.com/track/2fuCquhmrzHpu5xcA1ci9x
148,"Too Good At Goodbyes","Sam Smith",5033361,https://open.spotify.com/track/1mXVgsBdtIVeCLJnSnmtdV
149,"Say You Won't Let Go","James Arthur",5011902,https://open.spotify.com/track/5uCax9HTNlzGybIStD3vDh
150,8,"Billie Eilish",4977435,https://open.spotify.com/track/6X29iaaazwho3ab7GNue5r
151,"What I Like About You (feat. Theresa Rex)","Jonas Blue",4936152,https://open.spotify.com/track/4NSW0Km5ZG60L8FthUebPJ
152,Cristina,"Sebastian Yatra",4919343,https://open.spotify.com/track/703iVQrfbQsXt7Uzgy1h8k
153,IDGAF,"Dua Lipa",4873197,https://open.spotify.com/track/76cy1WJvNGJTj78UqeA5zr
154,Natural,"Imagine Dragons",4755228,https://open.spotify.com/track/2FY7b99s15jUprqC0M5NCT
155,Congratulations,"Post Malone",4750182,https://open.spotify.com/track/3a1lNhkSLSkpJE4MSHpDu9
156,Shotgun,"George Ezra",4741985,https://open.spotify.com/track/4ofwffwvvnbSkrMSCKQDaC
157,"I Fall Apart","Post Malone",4704524,https://open.spotify.com/track/75ZvA4QfFiZvzhj2xkaWAh
158,"Havana (feat. Young Thug)","Camila Cabello",4699477,https://open.spotify.com/track/1rfofaqEpACxVEHIZBJe6W
159,"Beautiful (feat. Camila Cabello)",Bazzi,4698170,https://open.spotify.com/track/4VUwkH455At9kENOfzTqmF
160,Rolex,"Capital Bra",4675767,https://open.spotify.com/track/38lQ7lYhN3eSWepnZHaiBF
161,"Jamais Vu",BTS,4668981,https://open.spotify.com/track/0eeeyCAGnGZInPtpkdYiPa
162,"Racks In The Middle (feat. Roddy Ricch and Hit-Boy)","Nipsey Hussle",4660952,https://open.spotify.com/track/6ya8ejoKgw906Y8LWclqrp
163,"In My Feelings",Drake,4658686,https://open.spotify.com/track/2G7V7zsVDxg1yRsu7Ew9RJ
164,FRIENDS,Marshmello,4631144,https://open.spotify.com/track/08bNPGLD8AhKpnnERrAc6G
165,"I Don't Belong In This Club","Why Don't We",4625685,https://open.spotify.com/track/45ZGEdLxCZvdMX9jWlsAAx
166,"That's a Rack","Lil Uzi Vert",4607325,https://open.spotify.com/track/4pCEIQ6wBVuaJdER5bALtO
167,"Speechless (feat. Erika Sirola)","Robin Schulz",4604142,https://open.spotify.com/track/1rCcsYnmqbMYdkG7kS9GC5
168,"This Feeling","The Chainsmokers",4598716,https://open.spotify.com/track/4NBTZtAt1F13VvlSKe6KTl
169,Closer,"The Chainsmokers",4598126,https://open.spotify.com/track/7BKLCZ1jbUBVqRi2FVlTVw
170,Moonlight,Gaullin,4587047,https://open.spotify.com/track/0A5gdlrpAuQqZ2iFgnqBFW
171,"Ela É do Tipo","MC Kevin o Chris",4579151,https://open.spotify.com/track/2x8TNY9KwNvD19gVGs4WOP
172,"Don't Know What To Do",BLACKPINK,4567552,https://open.spotify.com/track/1TaQciB8qqRZ9fxWGhS65X
173,Photograph,"Ed Sheeran",4562700,https://open.spotify.com/track/6fxVffaTuwjgEk5h9QyRjy
174,"Something Just Like This","The Chainsmokers",4547738,https://open.spotify.com/track/6RUKPb4LETWmmr3iAEQktW
175,Freaky,"Tory Lanez",4542655,https://open.spotify.com/track/0NJp8GyCOWnQh71xKSPfuV
176,Reggaeton,"J Balvin",4504312,https://open.spotify.com/track/2D3z17LBMJ2HEHeBFFjTLi
177,Swing,"Danny Ocean",4479522,https://open.spotify.com/track/4DbhxwlkhTbCTqlZptxmI6
178,"I'm Yours","Jason Mraz",4472956,https://open.spotify.com/track/3S0OXQeoh0w6AY8WQVckRW
179,changes,XXXTENTACION,4472803,https://open.spotify.com/track/7AFASza1mXqntmGtbxXprO
180,"Wonderwall - Remastered",Oasis,4439245,https://open.spotify.com/track/5qqabIl2vWzo9ApSC317sa
181,Africa,TOTO,4411735,https://open.spotify.com/track/2374M0fQpWi3dLnB54qaLX
182,"Leave Me Alone","Flipp Dinero",4386866,https://open.spotify.com/track/14mHfNsSHN0FbLftyjrV9g
183,I,"Lil Skies",4376241,https://open.spotify.com/track/4ZT9FnbFu1PaBfV3itxiqT
184,"XO Tour Llif3","Lil Uzi Vert",4364724,https://open.spotify.com/track/7GX5flRQZVHRAGd6B4TmDO
185,"New Rules","Dua Lipa",4359352,https://open.spotify.com/track/2xJCMIJfcNYDc5iR0sAm2O
186,"Solo (feat. Demi Lovato)","Clean Bandit",4354783,https://open.spotify.com/track/3NuK5xMlSlB6K2Qp16zf3h
187,"R.I.P. (feat. Rita Ora & Anitta)","Sofia Reyes",4336329,https://open.spotify.com/track/6JqpFboOH2bq9pzaYbkKBn
188,"Wake Me Up",Avicii,4333160,https://open.spotify.com/track/4h8VwCb1MTGoLKueQ1WgbD
189,"Meant to Be (feat. Florida Georgia Line)","Bebe Rexha",4319168,https://open.spotify.com/track/4e4fqjx0Izh4svvTef1z7e
190,"Wow. - Remix","Post Malone",4315672,https://open.spotify.com/track/0fcq51a3gOI6gPvzc0YLsk
191,Rebota,Guaynaa,4313702,https://open.spotify.com/track/2YRvdf9cdS88y1wB1WhKoE
192,"CHopstix (with Travis Scott)","ScHoolboy Q",4309492,https://open.spotify.com/track/01DOm09B2AbiTARAbXVI6g
193,"Last Hurrah","Bebe Rexha",4300634,https://open.spotify.com/track/0i0wnv9UoFdZ5MfuFGQzMy
194,"Thinking out Loud","Ed Sheeran",4291435,https://open.spotify.com/track/1Slwb6dOYkBlWal1PGtnNg
195,"Don't Worry Bout Me","Zara Larsson",4285673,https://open.spotify.com/track/507tQXutCPYNFkpOq8tmKF
196,Nonstop,Drake,4245659,https://open.spotify.com/track/0TlLq3lA83rQOYtrqBqSct
197,Rise,"Jonas Blue",4244414,https://open.spotify.com/track/3KLygy1YWhmrQx0GRs7IOx
198,"No New Friends (feat. Sia, Diplo, and Labrinth)",Sia,4230747,https://open.spotify.com/track/6Dma0t0hOe6Bd6u5YRKF3n
199,"Kiss and Make Up","Dua Lipa",4199882,https://open.spotify.com/track/13hvHEstJ4sNbzdroPrPI3
200,"Te Boté - Remix","Nio Garcia",4196340,https://open.spotify.com/track/3V8UKqhEK5zBkBb6d6ub8i
