,,,"Note that these figures are generated using a formula that protects against any artificial inflation of chart positions.",
Position,"Track Name",Artist,Streams,URL
1,"Dance Monkey","Tones and I",43643723,https://open.spotify.com/track/1rgnBhdG2JDFTbYkYRZAku
2,ROXANNE,"Arizona Zervas",30315675,https://open.spotify.com/track/696DnlkuDOXcMAnKlTgXXK
3,Circles,"Post Malone",26308514,https://open.spotify.com/track/21jGcNKet2qwijlDFuPiPb
4,Memories,"Maroon 5",25747069,https://open.spotify.com/track/2b8fOow8UzyDFAE27YhOZM
5,Señorita,"Shawn Mendes",24837303,https://open.spotify.com/track/6v3KW9xbzN5yKLt9YKDYA2
6,"All I Want for Christmas Is You","Mariah Carey",24024043,https://open.spotify.com/track/0bYg9bo50gSsH3LtXe2SQn
7,"Lucid Dreams","Juice WRLD",23836885,https://open.spotify.com/track/285pBltuF7vW8TeWk8hdRR
8,"Someone You Loved","Lewis Capaldi",22810797,https://open.spotify.com/track/7qEHsqek33rTcFNT9PFqLf
9,"Don't Start Now","Dua Lipa",22708996,https://open.spotify.com/track/6WrI0LAC5M1Rw2MnX2ZvEg
10,"everything i wanted","Billie Eilish",22700664,https://open.spotify.com/track/3ZCTVFBt2Brf31RLEnCkWJ
11,Falling,"Trevor Daniel",21977727,https://open.spotify.com/track/4TnjEaWOeW0eKTKIEvJyCa
12,"Blinding Lights","The Weeknd",21079882,https://open.spotify.com/track/0sf12qNH5qcw8qpgymFOqD
13,Tusa,"KAROL G",20705354,https://open.spotify.com/track/7k4t7uLgtOxPwTpFmtJNTY
14,"RITMO (Bad Boys For Life)","The Black Eyed Peas",19667411,https://open.spotify.com/track/6cy3ki60hLwimwIje7tALf
15,"bad guy","Billie Eilish",19523618,https://open.spotify.com/track/2Fxmhks0bxGSBdJ92vM42m
16,"Last Christmas",Wham!,19402441,https://open.spotify.com/track/2FRnf9qhLbvw8fu4IBXx78
17,"Adore You","Harry Styles",19360616,https://open.spotify.com/track/1M4qEo4HE3PRaCOM7EXNJq
18,Heartless,"The Weeknd",18622463,https://open.spotify.com/track/57vxBYXtHMk6H1aD29V7PU
19,"Bandit (with YoungBoy Never Broke Again)","Juice WRLD",17067491,https://open.spotify.com/track/6Gg1gjgKi2AK4e0qzsR7sd
20,"HIGHEST IN THE ROOM","Travis Scott",16645424,https://open.spotify.com/track/3eekarcy7kvN4yt5ZFzltW
21,"Lose You To Love Me","Selena Gomez",16546829,https://open.spotify.com/track/1HfMVBKM75vxSfsQ5VefZ5
22,"hot girl bummer",blackbear,16133451,https://open.spotify.com/track/7aiClxsDWFRQ0Kzk5KI5ku
23,Vete,"Bad Bunny",15721422,https://open.spotify.com/track/5DxXgozhkPLgrbKFY91w0c
24,"Sunflower - Spider-Man: Into the Spider-Verse","Post Malone",15395026,https://open.spotify.com/track/0RiRZpuVRbi7oqRdSMwhQY
25,"Santa Tell Me","Ariana Grande",15382577,https://open.spotify.com/track/0lizgQ7Qw35od7CYaoMBZb
26,"Ride It",Regard,13978520,https://open.spotify.com/track/2tnVG71enUj33Ic2nFN6kZ
27,"Beautiful People (feat. Khalid)","Ed Sheeran",13801768,https://open.spotify.com/track/70eFcWOvlMObDhURTqT4Fv
28,"It's Beginning to Look a Lot like Christmas","Michael Bublé",13521227,https://open.spotify.com/track/0lLdorYw7lVrJydTINhWdI
29,"I Don't Care (with Justin Bieber)","Ed Sheeran",13431141,https://open.spotify.com/track/0hVXuCcriWRGvwMV1r5Yn9
30,China,"Anuel AA",13199349,https://open.spotify.com/track/2ksOAxtIxY8yElEWw8RhgK
31,"Watermelon Sugar","Harry Styles",13162182,https://open.spotify.com/track/1e9oZCCiX42nJl0AcqriVo
32,Robbery,"Juice WRLD",12902859,https://open.spotify.com/track/6Hj9jySrnFppAI0sEMCZpJ
33,"Rockin' Around The Christmas Tree","Brenda Lee",12756056,https://open.spotify.com/track/2EjXfH91m7f8HiJN1yQg97
34,"Jingle Bell Rock","Bobby Helms",12457545,https://open.spotify.com/track/3hBXvHLlTHvnbwrPbeoyAj
35,"7 rings","Ariana Grande",12279813,https://open.spotify.com/track/6ocbgoVGwYJhOv1GgI9NsF
36,"It's the Most Wonderful Time of the Year","Andy Williams",11746944,https://open.spotify.com/track/5hslUAKq9I9CG2bAulFkHN
37,"My Oh My (feat. DaBaby)","Camila Cabello",11724982,https://open.spotify.com/track/3yOlyBJuViE2YSGn3nVE1K
38,"How Do You Sleep?","Sam Smith",11557740,https://open.spotify.com/track/6b2RcmUt1g9N9mQ3CbjX2Y
39,Mistletoe,"Justin Bieber",11524096,https://open.spotify.com/track/7xapw9Oy21WpfEcib2ErSA
40,"LA CANCIÓN","J Balvin",11376536,https://open.spotify.com/track/0fea68AdmYNygeTGI4RC18
41,Fantasias,"Rauw Alejandro",11315128,https://open.spotify.com/track/6mAN61JH0dzyZpWslS11jy
42,Lalala,Y2K,11241445,https://open.spotify.com/track/51Fjme0JiitpyXKuyQiCDo
43,"Before You Go","Lewis Capaldi",11229616,https://open.spotify.com/track/2gMXnyrvIjhVBUZwvLZDMP
44,BOP,DaBaby,11150685,https://open.spotify.com/track/6Ozh9Ok6h4Oi1wUSLtBseN
45,"Goodbyes (Feat. Young Thug)","Post Malone",11034720,https://open.spotify.com/track/6vBdBCoOhKHiYDDOcorfNo
46,"Hate Me (with Juice WRLD)","Ellie Goulding",11007915,https://open.spotify.com/track/6kls8cSlUyHW2BUOkDJIZE
47,"10,000 Hours (with Justin Bieber)","Dan + Shay",10724512,https://open.spotify.com/track/2wrJq5XKLnmhRXHIAf9xBa
48,"Old Town Road - Remix","Lil Nas X",10377040,https://open.spotify.com/track/2YpeDb67231RjR0MgVLzsG
49,Callaita,"Bad Bunny",10362586,https://open.spotify.com/track/2TH65lNHgvLxCKXM3apjxI
50,Legends,"Juice WRLD",10321702,https://open.spotify.com/track/1Knctxx9vGZxpZfF66BIEa
51,Liar,"Camila Cabello",10318136,https://open.spotify.com/track/073ILU1C3APNRGF66VhtyA
52,Shallow,"Lady Gaga",10195745,https://open.spotify.com/track/2VxeLyX666F8uXCJ0dZF8B
53,"No Me Conoce - Remix","Jhay Cortez",10022540,https://open.spotify.com/track/4R8BJggjosTswLxtkw8V7P
54,"Do They Know It's Christmas? - 1984 Version","Band Aid",9945046,https://open.spotify.com/track/0247StOpd3AkeBQzANX4Zf
55,Ransom,"Lil Tecca",9881640,https://open.spotify.com/track/1lOe9qE0vR9zwWQAOk6CoO
56,"South of the Border (feat. Camila Cabello & Cardi B)","Ed Sheeran",9880106,https://open.spotify.com/track/4vUmTMuQqjdnvlZmAH61Qk
57,"Lights Up","Harry Styles",9801120,https://open.spotify.com/track/5aJEh9Oqdz7PRLKTpH25pB
58,"All Girls Are The Same","Juice WRLD",9718306,https://open.spotify.com/track/4VXIryQMWpIdGgYR4TrjT1
59,"Holly Jolly Christmas","Michael Bublé",9542575,https://open.spotify.com/track/6tjituizSxwSmBB5vtgHZE
60,"Let It Snow! Let It Snow! Let It Snow! (with The B. Swanson Quartet)","Frank Sinatra",9375430,https://open.spotify.com/track/4kKdvXD0ez7jp1296JmAts
61,"Adicto (with Anuel AA & Ozuna)",Tainy,9369455,https://open.spotify.com/track/3jbT1Y5MoPwEIpZndDDwVq
62,"when the party's over","Billie Eilish",9328424,https://open.spotify.com/track/43zdsphuZLzwA9k4DJhU0I
63,"Happy Xmas (War Is Over) - Remastered","John Lennon",9306102,https://open.spotify.com/track/3zJw3rugfpVrmBeDDnUYzy
64,"Lose Control",MEDUZA,9212083,https://open.spotify.com/track/7CHi4DtfK4heMlQaudCuHK
65,"Trampoline (with ZAYN)",SHAED,9080068,https://open.spotify.com/track/1iQDltZqI7BXnHrFy4Qo1k
66,Wow.,"Post Malone",8970834,https://open.spotify.com/track/7xQAfvXzm3AkraOtGPWIZg
67,"lovely (with Khalid)","Billie Eilish",8962747,https://open.spotify.com/track/0u2P5u6lvoDfwTYjAADbn4
68,"Ayy Macarena",Tyga,8925543,https://open.spotify.com/track/6LcauUZjF1eXQrgqMUecHX
69,"Underneath the Tree","Kelly Clarkson",8905328,https://open.spotify.com/track/3nAp4IvdMPPWEH9uuXFFV5
70,"It's You","Ali Gatie",8799748,https://open.spotify.com/track/5DqdesEfbRyOlSS3Tf6c29
71,"Que Tire Pa Lante","Daddy Yankee",8761277,https://open.spotify.com/track/6RyaV7owmVU6fzEPE17sF1
72,"Feliz Navidad","José Feliciano",8691550,https://open.spotify.com/track/7taXf5odg9xCAZERYfyOkS
73,"Whine Up","Nicky Jam",8453127,https://open.spotify.com/track/2pWOMNQJW3g2zmGjP0Vkb0
74,"Without Me",Halsey,8335867,https://open.spotify.com/track/5p7ujcrUXASCNwRaWNHR1C
75,Happier,Marshmello,8314498,https://open.spotify.com/track/2dpaYNEQHiRxtZbfNsse99
76,"No Idea","Don Toliver",8266537,https://open.spotify.com/track/3VyjsVV24RmBIbWJAeUJNu
77,"Truth Hurts",Lizzo,8090225,https://open.spotify.com/track/5qmq61DAAOUaW8AUo8xKhh
78,"Driving Home for Christmas - 2019 Remaster","Chris Rea",8086663,https://open.spotify.com/track/27qAMKrDdKEs8HDXcvR24R
79,"Wonderful Christmastime [Edited Version] - Remastered 2011 / Edited Version","Paul McCartney",8060333,https://open.spotify.com/track/7Lbxvt42JsNSKVCaN63qhD
80,Sucker,"Jonas Brothers",7939751,https://open.spotify.com/track/22vgEDb5hykfaTwLuskFGD
81,"Into the Unknown","Idina Menzel",7755493,https://open.spotify.com/track/3Z0oQ8r78OUaHvGPiDBR3W
82,"thank u, next","Ariana Grande",7685892,https://open.spotify.com/track/3e9HZxeyfWwjeyPAMmWSSQ
83,"Take What You Want (feat. Ozzy Osbourne & Travis Scott)","Post Malone",7557678,https://open.spotify.com/track/7CZyCXKG6d5ALeq41sLzbw
84,"Own It (feat. Ed Sheeran & Burna Boy)",Stormzy,7493911,https://open.spotify.com/track/07s9NNOT0sZQp7TyolLLgu
85,"Piece Of Your Heart",MEDUZA,7465371,https://open.spotify.com/track/1DFD5Fotzgn6yYXkYsKiGs
86,"Hola - Remix",Dalex,7446726,https://open.spotify.com/track/5stPVcRqb4qixbafP9e8lt
87,"The Christmas Song (Merry Christmas To You)","Nat King Cole",7415696,https://open.spotify.com/track/4PS1e8f2LvuTFgUs1Cn3ON
88,Aventura,Lunay,7391470,https://open.spotify.com/track/37zdqI4r1gswIzczSBkRon
89,"White Christmas","Bing Crosby",7390998,https://open.spotify.com/track/4so0Wek9Ig1p6CRCHuINwW
90,"No Guidance (feat. Drake)","Chris Brown",7350933,https://open.spotify.com/track/6XHVuErjQ4XNm6nDPVCxVX
91,"Loco Contigo (feat. J. Balvin & Tyga)","DJ Snake",7305061,https://open.spotify.com/track/6osaMSJh9NguagEDQcZaKx
92,"Dancing With A Stranger (with Normani)","Sam Smith",7277167,https://open.spotify.com/track/6Qs4SXO9dwPj5GKvVOv8Ki
93,"Bohemian Rhapsody - 2011 Mix",Queen,7255530,https://open.spotify.com/track/4u7EnebtmKWzUH433cf5Qv
94,"Soltera - Remix",Lunay,7243740,https://open.spotify.com/track/4t9a07PAghtQMRAIP9FQ7Z
95,"Yellow Hearts","Ant Saunders",7222376,https://open.spotify.com/track/2W4yABdLc4Jnds67Poi5Nl
96,"SICKO MODE","Travis Scott",7165876,https://open.spotify.com/track/2xLMifQCjDGFmkHkpNLD9h
97,Believer,"Imagine Dragons",7163275,https://open.spotify.com/track/0pqnGHJpmpxLKifKRmU6WP
98,"bad vibes forever",XXXTENTACION,7148151,https://open.spotify.com/track/03eJ2DclFWXYU8GWgANdmZ
99,"Money In The Grave (Drake ft. Rick Ross)",Drake,7141173,https://open.spotify.com/track/5ry2OE6R2zPQFDO85XkgRb
100,"Mean It",Lauv,7131528,https://open.spotify.com/track/3GRSqlALWISqLeNncZMbpX
101,"Lean Wit Me","Juice WRLD",7126666,https://open.spotify.com/track/3oDkdAySo1VQQG0ptV7uwa
102,"rockstar (feat. 21 Savage)","Post Malone",7120933,https://open.spotify.com/track/0e7ipj03S05BNilyu5bRzt
103,"Ransom (with Juice WRLD) - Remix","Lil Tecca",7044069,https://open.spotify.com/track/2WsuSYJNXGKXVYkHPnq2yp
104,Indeciso,Reik,7043721,https://open.spotify.com/track/59s0s39NFWScuHDbHytI14
105,Family,"The Chainsmokers",7042574,https://open.spotify.com/track/3TKpJrY9q49Mj1JOsM9zGL
106,"bury a friend","Billie Eilish",7038535,https://open.spotify.com/track/4SSnFejRGlZikf02HLewEF
107,Quizas,"Rich Music LTD",7033236,https://open.spotify.com/track/5Id5B3dxJZhPcV9GzgYZZe
108,"Sweet but Psycho","Ava Max",7015342,https://open.spotify.com/track/25sgk305KZfyuqVBQIahim
109,"Con Calma","Daddy Yankee",6960979,https://open.spotify.com/track/5w9c2J52mkdntKOmRLeM2m
110,SAD!,XXXTENTACION,6946267,https://open.spotify.com/track/3ee8Jmje8o58CHK66QrVC2
111,"Armed And Dangerous","Juice WRLD",6933280,https://open.spotify.com/track/5wujBwqG7INdStqGd4tRMX
112,Tutu,Camilo,6840888,https://open.spotify.com/track/1nocRtwyNPVtGcIJqfgdzZ
113,"Si Te Vas",Sech,6835817,https://open.spotify.com/track/6Y4PDQv4XjYjHLeLmvyOt0
114,"KEIN SCHLAF",Nimo,6818219,https://open.spotify.com/track/6416zJN0FGPmh1Ph4BH2h3
115,"Yo x Ti, Tu x Mi",ROSALÍA,6783542,https://open.spotify.com/track/7BlBVFwvbWvcwNcUarQmjk
116,Graveyard,Halsey,6773840,https://open.spotify.com/track/6V9fHiv84WlVTg7CSnIVY2
117,"A Holly Jolly Christmas - Single Version","Burl Ives",6682583,https://open.spotify.com/track/65Q2mv3UlVi9eO70OpsmSe
118,"Have Yourself A Merry Little Christmas","Sam Smith",6680058,https://open.spotify.com/track/1Qi2wh8fFgDV7tl4Sj3f2K
119,"Shape of You","Ed Sheeran",6661850,https://open.spotify.com/track/7qiZfU4dY1lWllzX7mPBI3
120,"Good as Hell (feat. Ariana Grande) - Remix",Lizzo,6659094,https://open.spotify.com/track/07Oz5StQ7GRoygNLaXs2pd
121,"Eastside (with Halsey & Khalid)","benny blanco",6635076,https://open.spotify.com/track/7FGq80cy8juXBCD2nrqdWU
122,"Look At Her Now","Selena Gomez",6613936,https://open.spotify.com/track/4yI3HpbSFSgFZtJP2kDe5m
123,"Con Altura",ROSALÍA,6501586,https://open.spotify.com/track/2qG5sZ7Si6sdK74qLxedYM
124,Panini,"Lil Nas X",6478801,https://open.spotify.com/track/1000nHvUdawXuUHgBod4Wv
125,"Talk (feat. Disclosure)",Khalid,6451149,https://open.spotify.com/track/6TqXcAFInzjp0bODyvrWEq
126,"Merry Christmas Everyone","Shakin' Stevens",6441388,https://open.spotify.com/track/4rRIovg4TvxLUiUrpGI6lE
127,"Sleigh Ride","The Ronettes",6418377,https://open.spotify.com/track/1ODZGydlown4VesUP8HLJX
128,"Let It Snow! Let It Snow! Let It Snow!","Dean Martin",6401586,https://open.spotify.com/track/2uFaJJtFpPDc5Pa95XzTvg
129,"Up All Night",Khalid,6393458,https://open.spotify.com/track/1mpD5Q8IM32I4bF6eCpU74
130,"High Hopes","Panic! At The Disco",6389642,https://open.spotify.com/track/1rqqCSm0Qe4I9rUvWncaom
131,"Ballin' (with Roddy Ricch)",Mustard,6382873,https://open.spotify.com/track/3QzAOrNlsabgbMwlZt7TAY
132,"223's (feat. 9lokknine)","YNW Melly",6381121,https://open.spotify.com/track/29ZXwWOOLz9t5fa3eT3i7T
133,"Girls Like You (feat. Cardi B)","Maroon 5",6347836,https://open.spotify.com/track/7fa9MBXhVfQ8P8Df9OEbD8
134,COLT,Samra,6342388,https://open.spotify.com/track/76IVpz47q3ghkxoUeTTEKb
135,"Better Now","Post Malone",6332615,https://open.spotify.com/track/7dt6x5M1jzdTEt8oCbisTK
136,"SUGA's Interlude",Halsey,6288633,https://open.spotify.com/track/5a0nHa7F4S9hb0Zi0zLS8w
137,Woah,"Lil Baby",6197899,https://open.spotify.com/track/598yNsG1JFrGd4n2kMoz7F
138,"MIDDLE CHILD","J. Cole",6106422,https://open.spotify.com/track/2JvzF1RMd7lE3KmFlsyZD8
139,"Say You Won't Let Go","James Arthur",6095850,https://open.spotify.com/track/5uCax9HTNlzGybIStD3vDh
140,"Calma - Remix","Pedro Capó",6045045,https://open.spotify.com/track/5iwz1NiezX7WWjnCgY5TH4
141,"If I Can't Have You","Shawn Mendes",6017933,https://open.spotify.com/track/2bT1PH7Cw3J9p3t7nlXCdh
142,"It's Beginning to Look a Lot Like Christmas (with Mitchell Ayres & His Orchestra)","Perry Como",6011194,https://open.spotify.com/track/2pXpURmn6zC5ZYDMms6fwa
143,"Jocelyn Flores",XXXTENTACION,5960468,https://open.spotify.com/track/7m9OqQk4RVRkw9JJdeAw96
144,"The London (feat. J. Cole & Travis Scott)","Young Thug",5925107,https://open.spotify.com/track/3s4mrPrEFFPF0LmAfutW0n
145,"Fairytale of New York (feat. Kirsty MacColl)","The Pogues",5900507,https://open.spotify.com/track/3VTNVsTTu05dmTsVFrmGpK
146,"Jingle Bell Rock - Daryl's Version","Daryl Hall & John Oates",5875574,https://open.spotify.com/track/6pVW5LRWgeLaHudxauOTJU
147,"Hot (Remix) [feat. Gunna and Travis Scott]","Young Thug",5874917,https://open.spotify.com/track/56AMYGJzxBO6p8v0wEe9de
148,Perfect,"Ed Sheeran",5869196,https://open.spotify.com/track/0tgVpDi06FyKpA1z0VMD4v
149,"Santa Claus Is Coming to Town","Michael Bublé",5848657,https://open.spotify.com/track/5Ber68jZ7ytegr2UISEdb7
150,Youngblood,"5 Seconds of Summer",5822900,https://open.spotify.com/track/2iUXsYOEPhVqEBwsqP70rE
151,"QUE PRETENDES","J Balvin",5821922,https://open.spotify.com/track/25ZAibhr3bdlMCLmubZDVt
152,"Be Alright","Dean Lewis",5796184,https://open.spotify.com/track/5qrSlOut2rNAWv3ubArkNy
153,Suge,DaBaby,5757913,https://open.spotify.com/track/2gwkD6igEhQbDQegRCcdoB
154,"11 PM",Maluma,5747565,https://open.spotify.com/track/7KbF6AdprOXEEHlsq11Z6d
155,"Stuck In A Dream (feat. Gunna)","Lil Mosey",5727049,https://open.spotify.com/track/7iHHxY2NLlJRAmlAmC4ahQ
156,Takeaway,"The Chainsmokers",5724546,https://open.spotify.com/track/3g0mEQx3NTanacLseoP0Gw
157,goosebumps,"Travis Scott",5716800,https://open.spotify.com/track/6gBFPUFcJLzWGx4lenP6h2
158,Bruises,"Lewis Capaldi",5703863,https://open.spotify.com/track/4Of7rzpRpV1mWRbhp5rAqG
159,"Otro Trago - Remix",Sech,5698787,https://open.spotify.com/track/4bTZeO72FwMa6wKOiqoynL
160,"Higher Love",Kygo,5680456,https://open.spotify.com/track/6oJ6le65B3SEqPwMRNXWjY
161,"Loyal (feat. Drake)",PARTYNEXTDOOR,5678936,https://open.spotify.com/track/5bvnqVuq7UFl0txSlHpsfS
162,"i'm so tired...",Lauv,5672114,https://open.spotify.com/track/2iwS33Jfev1QBiuhWVWZHY
163,"Don't Call Me Up",Mabel,5647097,https://open.spotify.com/track/5WHTFyqSii0lmT9R21abT8
164,"Let Me Down Slowly","Alec Benjamin",5632480,https://open.spotify.com/track/2qxmye6gAegTMjLKEBoR3d
165,"Get You The Moon (feat. Snøw)",Kina,5632328,https://open.spotify.com/track/4ZLzoOkj0MPWrTLvooIuaa
166,"DJ No Pare (feat. Zion, Dalex, Lenny Tavárez) - Remix","Justin Quiles",5627487,https://open.spotify.com/track/1ndyl3wJCFs872XZ3ztPk6
167,"Christmas Tree Farm","Taylor Swift",5618175,https://open.spotify.com/track/2mvabkN1i2gLnGAPUVdwek
168,Moonlight,XXXTENTACION,5613206,https://open.spotify.com/track/0JP9xo3adEtGSdUEISiszL
169,"Tip Toe (feat. A Boogie Wit da Hoodie)","Roddy Ricch",5607349,https://open.spotify.com/track/6ztvsy3C6hPjVg9j4x1XKJ
170,"Ne reviens pas",Gradur,5590373,https://open.spotify.com/track/4TnFANpjVwVKWzkxNzIyFH
171,Candy,"Doja Cat",5581014,https://open.spotify.com/track/1VJwtWR6z7SpZRwipI12be
172,"Christmas (Baby Please Come Home)","Mariah Carey",5560330,https://open.spotify.com/track/3PIDciSFdrQxSQSihim3hN
173,VIBEZ,DaBaby,5552604,https://open.spotify.com/track/0fySG6A6qLE8IvDpayb5bM
174,"Bellaquita - Remix",Dalex,5546969,https://open.spotify.com/track/1Xnn1TPyr5h0hpRAT4B4EA
175,"Blue Christmas","Elvis Presley",5530085,https://open.spotify.com/track/3QiAAp20rPC3dcAtKtMaqQ
176,"I Like Me Better",Lauv,5522412,https://open.spotify.com/track/2P91MQbaiQOfbiz9VqhqKQ
177,"If The World Was Ending (feat. Julia Michaels)","JP Saxe",5521624,https://open.spotify.com/track/2kJwzbxV2ppxnQoYw4GLBZ
178,"Ex Bitch",XXXTENTACION,5500157,https://open.spotify.com/track/40KuvsFD0zpUFuCcmt5Xm0
179,"Lover (Remix) [feat. Shawn Mendes]","Taylor Swift",5441108,https://open.spotify.com/track/3i9UVldZOE0aD0JnyfAZZ0
180,"Que Calor (with J Balvin & El Alfa)","Major Lazer",5427698,https://open.spotify.com/track/1G2CAJeP7rCwOZjlSJ0Zw3
181,"You Need To Calm Down","Taylor Swift",5425277,https://open.spotify.com/track/6RRNNciQGZEXnqk8SQ9yv5
182,"wish you were gay","Billie Eilish",5415885,https://open.spotify.com/track/3Fj47GNK2kUF0uaEDgXLaD
183,"Taki Taki (feat. Selena Gomez, Ozuna & Cardi B)","DJ Snake",5393638,https://open.spotify.com/track/0KoiMHhqKLoL4xM54rcWYY
184,"My Only Wish (This Year)","Britney Spears",5393110,https://open.spotify.com/track/6id0KJ3XgvJLSzyMtHBj67
185,"SLOW DANCING IN THE DARK",Joji,5366268,https://open.spotify.com/track/0rKtyWc8bvkriBthvHKY8d
186,"Going Bad (feat. Drake)","Meek Mill",5307008,https://open.spotify.com/track/2IRZnDFmlqMuOrYOLnZZyc
187,"Nice To Meet Ya","Niall Horan",5292953,https://open.spotify.com/track/3cphb8kdsjElYR7r5icK3H
188,Roller,"Apache 207",5251151,https://open.spotify.com/track/6hw1Sy9wZ8UCxYGdpKrU6M
189,"fuck, i'm lonely (with Anne-Marie) - from “13 Reasons Why: Season 3”",Lauv,5247531,https://open.spotify.com/track/4wopYJ5wpYOM6ogm2Jugnw
190,"Combatchy (feat. MC Rebecca)",Anitta,5236664,https://open.spotify.com/track/2bPtwnrpFNEe8N7Q85kLHw
191,Better,Khalid,5233263,https://open.spotify.com/track/6zeeWid2sgw4lap2jV61PZ
192,"Only Human","Jonas Brothers",5216000,https://open.spotify.com/track/0DiDStADDVh3SvAsoJAFMk
193,"Boy With Luv (feat. Halsey)",BTS,5203784,https://open.spotify.com/track/5KawlOMHjWeUjQtnuRs22c
194,"God's Plan",Drake,5178474,https://open.spotify.com/track/6DCZcSspjsKoFjzjrWoCdn
195,"Old Town Road","Lil Nas X",5151270,https://open.spotify.com/track/0F7FA14euOIX8KcbEturGH
196,"Peta (feat. Meek Mill)","Roddy Ricch",5147112,https://open.spotify.com/track/4bl1HBZliBuYpFZjWgefE4
197,I.F.L.Y.,Bazzi,5145755,https://open.spotify.com/track/4a6q8CR2hzLk2plDkSxkfD
198,"Christmas (Baby Please Come Home)","Darlene Love",5139244,https://open.spotify.com/track/0jiPKUSdsJNCxMPHjMqptk
199,"Start Wit Me (feat. Gunna)","Roddy Ricch",5129252,https://open.spotify.com/track/7A20WnLkjtZU2d7hIB6Ziu
200,"3 Nights","Dominic Fike",5128651,https://open.spotify.com/track/1tNJrcVe6gwLEiZCtprs1u
