,,,"Note that these figures are generated using a formula that protects against any artificial inflation of chart positions.",
Position,"Track Name",Artist,Streams,URL
1,"thank u, next","Ariana Grande",37940606,https://open.spotify.com/track/2rPE9A1vEgShuZxxzR2tZH
2,"Sunflower - Spider-Man: Into the Spider-Verse","Post Malone",27332415,https://open.spotify.com/track/3KkXRkHbMCARz0aVfEt68P
3,"All I Want for Christmas Is You","Mariah Carey",26819265,https://open.spotify.com/track/0bYg9bo50gSsH3LtXe2SQn
4,"Taki Taki (with Selena Gomez, Ozuna & Cardi B)","DJ Snake",26154598,https://open.spotify.com/track/4w8niZpiMy6qz1mntFA5uM
5,"Without Me",Halsey,24157701,https://open.spotify.com/track/5p7ujcrUXASCNwRaWNHR1C
6,"Last Christmas",Wham!,21408808,https://open.spotify.com/track/2FRnf9qhLbvw8fu4IBXx78
7,"MIA (feat. Drake)","Bad Bunny",20834007,https://open.spotify.com/track/116H0KvKr2Zl4RPuVBruDO
8,imagine,"Ariana Grande",20187834,https://open.spotify.com/track/0todbbT9g5uQGbeFCiBf2F
9,"SICKO MODE","Travis Scott",19660437,https://open.spotify.com/track/2xLMifQCjDGFmkHkpNLD9h
10,ZEZE,"Kodak Black",19540466,https://open.spotify.com/track/0FZ4Dmg8jJJAPJnvBIzD9z
11,"Santa Tell Me","Ariana Grande",18210221,https://open.spotify.com/track/0lizgQ7Qw35od7CYaoMBZb
12,"Sweet but Psycho","Ava Max",18146143,https://open.spotify.com/track/25sgk305KZfyuqVBQIahim
13,Happier,Marshmello,18098454,https://open.spotify.com/track/2dpaYNEQHiRxtZbfNsse99
14,"Adan y Eva","Paulo Londra",17006924,https://open.spotify.com/track/6FyRXC8tJUh863JCkyWqtk
15,"Going Bad (feat. Drake)","Meek Mill",16942004,https://open.spotify.com/track/2IRZnDFmlqMuOrYOLnZZyc
16,"It's Beginning to Look a Lot like Christmas","Michael Bublé",15912361,https://open.spotify.com/track/0lLdorYw7lVrJydTINhWdI
17,"Jingle Bell Rock","Bobby Helms",14601397,https://open.spotify.com/track/7vQbuQcyTflfCIOu3Uzzya
18,"Rockin' Around The Christmas Tree","Brenda Lee",14462557,https://open.spotify.com/track/2EjXfH91m7f8HiJN1yQg97
19,"Mo Bamba","Sheck Wes",14457065,https://open.spotify.com/track/1xzBco0xcoJEDXktl7Jxrr
20,"Arms Around You (feat. Maluma & Swae Lee)",XXXTENTACION,14455835,https://open.spotify.com/track/2LskIZrCeLxRvCiGP8gxlh
21,Shallow,"Lady Gaga",14274994,https://open.spotify.com/track/2VxeLyX666F8uXCJ0dZF8B
22,"Drip Too Hard (Lil Baby & Gunna)","Lil Baby",14096439,https://open.spotify.com/track/78QR3Wp35dqAhFEc2qAGjE
23,"It's the Most Wonderful Time of the Year","Andy Williams",13604264,https://open.spotify.com/track/5hslUAKq9I9CG2bAulFkHN
24,"Do They Know It's Christmas? - 1984 Version","Band Aid",13423860,https://open.spotify.com/track/0247StOpd3AkeBQzANX4Zf
25,"when the party's over","Billie Eilish",13012958,https://open.spotify.com/track/14JzyD6FlBD5z0wV5P07YI
26,"Nothing Breaks Like a Heart (feat. Miley Cyrus)","Mark Ronson",12941113,https://open.spotify.com/track/27rdGxbavYJeBphck5MZAF
27,"Bohemian Rhapsody - 2011 Mix",Queen,12916425,https://open.spotify.com/track/7tFiyTwD0nx5a1eklYtX2J
28,"Eastside (with Halsey & Khalid)","benny blanco",12787619,https://open.spotify.com/track/7FGq80cy8juXBCD2nrqdWU
29,"Lucid Dreams","Juice WRLD",12638328,https://open.spotify.com/track/285pBltuF7vW8TeWk8hdRR
30,"Calma - Remix","Pedro Capó",12632623,https://open.spotify.com/track/5iwz1NiezX7WWjnCgY5TH4
31,SAD!,XXXTENTACION,12386261,https://open.spotify.com/track/3ee8Jmje8o58CHK66QrVC2
32,"Girls Like You (feat. Cardi B)","Maroon 5",12365229,https://open.spotify.com/track/7fa9MBXhVfQ8P8Df9OEbD8
33,"whoa (mind in awe)",XXXTENTACION,12342505,https://open.spotify.com/track/7pdF27mSDuPWhppnHAmWHa
34,Better,Khalid,12315954,https://open.spotify.com/track/6zeeWid2sgw4lap2jV61PZ
35,"High Hopes","Panic! At The Disco",12260773,https://open.spotify.com/track/1rqqCSm0Qe4I9rUvWncaom
36,Mistletoe,"Justin Bieber",12144244,https://open.spotify.com/track/7xapw9Oy21WpfEcib2ErSA
37,"Happy Xmas (War Is Over) - Remastered","John Lennon",11842664,https://open.spotify.com/track/3zJw3rugfpVrmBeDDnUYzy
38,"Better Now","Post Malone",11775588,https://open.spotify.com/track/7dt6x5M1jzdTEt8oCbisTK
39,BAD!,XXXTENTACION,11392348,https://open.spotify.com/track/22An65gG31JLf9n18qjdhZ
40,"In My Mind",Dynoro,11102769,https://open.spotify.com/track/0E9ZjEAyAwOXZ7wJC0PD33
41,"Wonderful Christmastime [Edited Version] - Remastered 2011 / Edited Version","Paul McCartney",11082668,https://open.spotify.com/track/7Lbxvt42JsNSKVCaN63qhD
42,Moonlight,XXXTENTACION,10991024,https://open.spotify.com/track/0JP9xo3adEtGSdUEISiszL
43,KIKA,6ix9ine,10794752,https://open.spotify.com/track/6Gy7rXB6Ku5vIWC7WGWsl3
44,"Be Alright","Dean Lewis",10642262,https://open.spotify.com/track/3EPXxR3ImUwfayaurPi3cm
45,"Wake Up in the Sky","Gucci Mane",10486536,https://open.spotify.com/track/2G1tXoGBaEMJ7FKGnkf6ud
46,"Leave Me Alone","Flipp Dinero",10373842,https://open.spotify.com/track/14mHfNsSHN0FbLftyjrV9g
47,"Ella Quiere Beber - Remix","Anuel AA",10213904,https://open.spotify.com/track/2cYnZNzFRFK0H7vSNxPsUq
48,"Let It Snow! Let It Snow! Let It Snow! (with The B. Swanson Quartet)","Frank Sinatra",10157825,https://open.spotify.com/track/7inXu0Eaeg02VsM8kHNvzM
49,"Driving Home for Christmas","Chris Rea",10117089,https://open.spotify.com/track/3Z3QhZAZpqwZa1phsbQ3JZ
50,BEBE,6ix9ine,9926783,https://open.spotify.com/track/4KkUjFkcQvGvWekl8RATDn
51,"Vaina Loca",Ozuna,9793904,https://open.spotify.com/track/48zFZh27QU5qsrBjn4C2FA
52,"Bad Liar","Imagine Dragons",9579864,https://open.spotify.com/track/2RSHsoi04658QL5xgQVov3
53,"Close To Me (with Diplo) (feat. Swae Lee)","Ellie Goulding",9447654,https://open.spotify.com/track/5JEx7HbmvHQQswJCsoo9rA
54,"I Like It","Cardi B",9373206,https://open.spotify.com/track/58q2HKrzhC3ozto2nDdN4z
55,"Promises (with Sam Smith)","Calvin Harris",9280205,https://open.spotify.com/track/5N5k9nd479b1xpDZ4usjrg
56,"rockstar (feat. 21 Savage)","Post Malone",9239085,https://open.spotify.com/track/0e7ipj03S05BNilyu5bRzt
57,"White Christmas","Bing Crosby",9161708,https://open.spotify.com/track/4so0Wek9Ig1p6CRCHuINwW
58,lovely,"Billie Eilish",9011594,https://open.spotify.com/track/1NJcg626wLln4pGHpiV7mf
59,"Taste (feat. Offset)",Tyga,9005361,https://open.spotify.com/track/5IaHrVsrferBYDm0bDyABy
60,"Holly Jolly Christmas","Michael Bublé",8988536,https://open.spotify.com/track/6tjituizSxwSmBB5vtgHZE
61,"God's Plan",Drake,8873084,https://open.spotify.com/track/6DCZcSspjsKoFjzjrWoCdn
62,Youngblood,"5 Seconds of Summer",8860994,https://open.spotify.com/track/2iUXsYOEPhVqEBwsqP70rE
63,"In My Feelings",Drake,8846126,https://open.spotify.com/track/2G7V7zsVDxg1yRsu7Ew9RJ
64,"Ruin My Life","Zara Larsson",8828355,https://open.spotify.com/track/5tAa8Uaqr4VvA3693mbIhU
65,"Have Yourself A Merry Little Christmas","Sam Smith",8801095,https://open.spotify.com/track/1Qi2wh8fFgDV7tl4Sj3f2K
66,"Let You Love Me","Rita Ora",8791199,https://open.spotify.com/track/5Fla3zyOCcIRqrDoKLU0DP
67,"Jocelyn Flores",XXXTENTACION,8778327,https://open.spotify.com/track/7m9OqQk4RVRkw9JJdeAw96
68,Adictiva,"Daddy Yankee",8386753,https://open.spotify.com/track/6MJUCumnQsQEKbCy28tbCP
69,"Saturday Nights",Khalid,8385443,https://open.spotify.com/track/5kfNriitmkNE8mUbZ7gbq8
70,"Kiss and Make Up","Dua Lipa",8350561,https://open.spotify.com/track/13hvHEstJ4sNbzdroPrPI3
71,"Feliz Navidad","José Feliciano",8326667,https://open.spotify.com/track/7taXf5odg9xCAZERYfyOkS
72,Natural,"Imagine Dragons",8250303,https://open.spotify.com/track/2FY7b99s15jUprqC0M5NCT
73,"The Christmas Song (Merry Christmas To You)","Nat King Cole",8237334,https://open.spotify.com/track/4PS1e8f2LvuTFgUs1Cn3ON
74,"Cuando Te Besé","Becky G",8198362,https://open.spotify.com/track/2XXMDz7SPZ4mSFN1PXfHUy
75,Nonstop,Drake,8140024,https://open.spotify.com/track/0TlLq3lA83rQOYtrqBqSct
76,FEFE,6ix9ine,8113742,https://open.spotify.com/track/4QIyEq7TcTdAcxjI2AFlAK
77,"Underneath the Tree","Kelly Clarkson",8048221,https://open.spotify.com/track/3nAp4IvdMPPWEH9uuXFFV5
78,"TIC TOC",6ix9ine,8028703,https://open.spotify.com/track/4m5Cd9kAbIxg6t9sMrQWtk
79,"no tears left to cry","Ariana Grande",8009445,https://open.spotify.com/track/2qT1uLXPVPzGgFOx4jtEuo
80,"Love Someone","Lukas Graham",7988489,https://open.spotify.com/track/3id2EVGKc3eFAMn9nFnB0r
81,Imposible,"Luis Fonsi",7987106,https://open.spotify.com/track/3ao3OVxHlb3C08vAaApUlm
82,"A Holly Jolly Christmas - Single Version","Burl Ives",7903552,https://open.spotify.com/track/65Q2mv3UlVi9eO70OpsmSe
83,"Fairytale of New York (feat. Kirsty MacColl)","The Pogues",7826852,https://open.spotify.com/track/3VTNVsTTu05dmTsVFrmGpK
84,Bubalu,"Becky G",7779098,https://open.spotify.com/track/7dNwJbsT0sg1le5kVugGJb
85,"Sleigh Ride","The Ronettes",7701067,https://open.spotify.com/track/5ASM6Qjiav2xPe7gRkQMsQ
86,"Another One Bites The Dust - Remastered 2011",Queen,7592870,https://open.spotify.com/track/5vdp5UmvTsnMEMESIF2Ym7
87,"Falling Down - Bonus Track","Lil Peep",7567593,https://open.spotify.com/track/4jvjzW7Hm0yK4LvvE0Paz9
88,"Te Boté - Remix","Nio Garcia",7546966,https://open.spotify.com/track/3V8UKqhEK5zBkBb6d6ub8i
89,breathin,"Ariana Grande",7511068,https://open.spotify.com/track/4OafepJy2teCjYJbvFE60J
90,"Happy Now",Kygo,7472634,https://open.spotify.com/track/14sOS5L36385FJ3OL8hew4
91,"Let It Snow! Let It Snow! Let It Snow!","Dean Martin",7371691,https://open.spotify.com/track/2uFaJJtFpPDc5Pa95XzTvg
92,"Psycho (feat. Ty Dolla $ign)","Post Malone",7310068,https://open.spotify.com/track/3swc6WTsr7rl9DqQKQA55C
93,"Armed And Dangerous","Juice WRLD",7284872,https://open.spotify.com/track/5wujBwqG7INdStqGd4tRMX
94,Desconocidos,"Mau y Ricky",7193083,https://open.spotify.com/track/0s5DNDV6LAKn2u2Ufa3VjQ
95,"Beautiful (feat. Camila Cabello)",Bazzi,7165255,https://open.spotify.com/track/4VUwkH455At9kENOfzTqmF
96,"Shape of You","Ed Sheeran",7147798,https://open.spotify.com/track/7qiZfU4dY1lWllzX7mPBI3
97,MoshPit,"Kodak Black",7102756,https://open.spotify.com/track/4KX8vXbouybtUptEyYxtIk
98,"God is a woman","Ariana Grande",7101794,https://open.spotify.com/track/5OCJzvD7sykQEKHH7qAC3C
99,"Woman Like Me (feat. Nicki Minaj)","Little Mix",7093051,https://open.spotify.com/track/222B3aljXx6fFwKmFjuBED
100,"One Kiss (with Dua Lipa)","Calvin Harris",7070573,https://open.spotify.com/track/7ef4DlsgrMEH11cDZd32M6
101,"I Love It (& Lil Pump)","Kanye West",7066189,https://open.spotify.com/track/4S8d14HvHb70ImctNgVzQQ
102,"Merry Christmas Everyone - Remastered","Shakin' Stevens",7044302,https://open.spotify.com/track/2ISl1zekPsc26sUQpVt8UB
103,Believer,"Imagine Dragons",7030524,https://open.spotify.com/track/0pqnGHJpmpxLKifKRmU6WP
104,idontwannabeyouanymore,"Billie Eilish",7010235,https://open.spotify.com/track/40T5GIqQ1CegGm2PTEl8Bu
105,Reggaeton,"J Balvin",6966298,https://open.spotify.com/track/2D3z17LBMJ2HEHeBFFjTLi
106,changes,XXXTENTACION,6860419,https://open.spotify.com/track/7AFASza1mXqntmGtbxXprO
107,IDGAF,"Dua Lipa",6845477,https://open.spotify.com/track/76cy1WJvNGJTj78UqeA5zr
108,"Don't Stop Me Now - 2011 Mix",Queen,6833069,https://open.spotify.com/track/5T8EDUDqKcs6OSOwEsfqG7
109,"Jingle Bell Rock - Daryl's Version","Daryl Hall & John Oates",6827859,https://open.spotify.com/track/6pVW5LRWgeLaHudxauOTJU
110,2002,Anne-Marie,6817247,https://open.spotify.com/track/2BgEsaKNfHUdlh97KmvFyo
111,"Santa Claus Is Coming to Town","Michael Bublé",6720243,https://open.spotify.com/track/5Ber68jZ7ytegr2UISEdb7
112,SOLO,JENNIE,6718129,https://open.spotify.com/track/2wVDWtLKXunswWecARNILj
113,"Solo (feat. Demi Lovato)","Clean Bandit",6663001,https://open.spotify.com/track/3NuK5xMlSlB6K2Qp16zf3h
114,"Rewrite The Stars (with James Arthur & Anne-Marie)","James Arthur",6641511,https://open.spotify.com/track/6mQLN3zRtAp6ovjusyYKrV
115,"Christmas Lights",Coldplay,6603422,https://open.spotify.com/track/4fzyvSu73BhGvi96p2zwjL
116,MALA,6ix9ine,6583526,https://open.spotify.com/track/0LQ1J0BCzA2qnAgp9MkkNE
117,"Baby, It's Cold Outside","Brett Eldredge",6518930,https://open.spotify.com/track/5Q2P43CJra0uRAogjHyJDK
118,"No Stylist","French Montana",6514716,https://open.spotify.com/track/04MLEeAMuV9IlHEsD8vF6A
119,"It's Beginning to Look a Lot Like Christmas (with Mitchell Ayres & His Orchestra)","Perry Como",6513247,https://open.spotify.com/track/2pXpURmn6zC5ZYDMms6fwa
120,Perfect,"Ed Sheeran",6496075,https://open.spotify.com/track/0tgVpDi06FyKpA1z0VMD4v
121,"Body (feat. Brando)","Loud Luxury",6469311,https://open.spotify.com/track/7K7MUBCnzgBAvMVW2RTWNs
122,"Amigos Con Derechos",Reik,6461067,https://open.spotify.com/track/2zDj4WjbNDmrRL6Z4YjjCA
123,Rise,"Jonas Blue",6357495,https://open.spotify.com/track/3KLygy1YWhmrQx0GRs7IOx
124,Culpables,"KAROL G",6332306,https://open.spotify.com/track/6q8Lb50EtqNeeJXXe8mMAH
125,"Fuck Love (feat. Trippie Redd)",XXXTENTACION,6293713,https://open.spotify.com/track/7AQim7LbvFVZJE3O8TYgf2
126,"Havana (feat. Young Thug)","Camila Cabello",6293409,https://open.spotify.com/track/1rfofaqEpACxVEHIZBJe6W
127,"Blue Christmas","Elvis Presley",6211577,https://open.spotify.com/track/3QiAAp20rPC3dcAtKtMaqQ
128,Money,"Cardi B",6175951,https://open.spotify.com/track/2GGMabyHXnJmjY6CXhhB2e
129,"Calling My Spirit","Kodak Black",6148017,https://open.spotify.com/track/2MShy1GSSgbmGUxADNIao5
130,"Ya No Tiene Novio","Sebastian Yatra",6139564,https://open.spotify.com/track/7uQmJ1jgNzBpATSoWKSPFu
131,"My Only Wish (This Year)","Britney Spears",6087096,https://open.spotify.com/track/1UQbxSOVbauPxaUh337GTx
132,"Somebody To Love - 2011 Mix",Queen,6073928,https://open.spotify.com/track/6cFZ4PLC19taNlpl9pbGMf
133,"I Fall Apart","Post Malone",6058229,https://open.spotify.com/track/75ZvA4QfFiZvzhj2xkaWAh
134,"Santa Baby","Ariana Grande",6030823,https://open.spotify.com/track/6YJdPrH3i2POzu7hdHIRrb
135,MAMA,6ix9ine,6026657,https://open.spotify.com/track/1oJ8EDr2pv94IvSd6ZmDgo
136,Shotgun,"George Ezra",6021771,https://open.spotify.com/track/4ofwffwvvnbSkrMSCKQDaC
137,"Under Pressure - Remastered",Queen,6020329,https://open.spotify.com/track/2fuCquhmrzHpu5xcA1ci9x
138,"Solo de Mi","Bad Bunny",6014131,https://open.spotify.com/track/5YOkA7qd2983FtBQnP8sYx
139,"Step Into Christmas","Elton John",5928614,https://open.spotify.com/track/11P4sSu6BH2lAbWk1sL6cK
140,"New Rules","Dua Lipa",5917542,https://open.spotify.com/track/2xJCMIJfcNYDc5iR0sAm2O
141,Amanece,"Anuel AA",5912915,https://open.spotify.com/track/1LiN0Z98FkR1t0m8KmLcAH
142,"Familia (with Anuel Aa, feat. Bantu) - Spider-Man: Into the Spider-Verse","Nicki Minaj",5903165,https://open.spotify.com/track/4Uy3kNxW2kB8AEoXljEcth
143,"Mala Mía",Maluma,5894286,https://open.spotify.com/track/62o8KoI44JfN7aYxgTnPvh
144,Thunder,"Imagine Dragons",5861458,https://open.spotify.com/track/1zB4vmk8tFRmM9UULNzbLB
145,FRIENDS,Marshmello,5835277,https://open.spotify.com/track/08bNPGLD8AhKpnnERrAc6G
146,"The Middle",Zedd,5804100,https://open.spotify.com/track/09IStsImFySgyp0pIQdqAc
147,"Back To You - From 13 Reasons Why – Season 2 Soundtrack","Selena Gomez",5799875,https://open.spotify.com/track/4hQ6UGyWQIGJmHSo0J88JW
148,"Santa Baby","Kylie Minogue",5736867,https://open.spotify.com/track/2SBr3MK1sdMs8IxdRcN6qz
149,"Christmas (Baby Please Come Home)","Mariah Carey",5714481,https://open.spotify.com/track/3PIDciSFdrQxSQSihim3hN
150,"Roses (with Juice WRLD feat. Brendon Urie)","benny blanco",5703463,https://open.spotify.com/track/1KVczjazCcCCgM3gXXUl47
151,"This Feeling","The Chainsmokers",5637349,https://open.spotify.com/track/4NBTZtAt1F13VvlSKe6KTl
152,"I Like Me Better",Lauv,5629690,https://open.spotify.com/track/2P91MQbaiQOfbiz9VqhqKQ
153,"Lucky You (feat. Joyner Lucas)",Eminem,5536883,https://open.spotify.com/track/60SdxE8apGAxMiRrpbmLY0
154,"Fine China",Future,5439591,https://open.spotify.com/track/5274I4mUMnYczyeXkGDWZN
155,"Electricity (with Dua Lipa)","Silk City",5422098,https://open.spotify.com/track/5N4erncE7kuUccm7zEmwzk
156,"Nice For What",Drake,5367562,https://open.spotify.com/track/3CA9pLiwRIGtUBiMjbZmRw
157,"XO Tour Llif3","Lil Uzi Vert",5365354,https://open.spotify.com/track/7GX5flRQZVHRAGd6B4TmDO
158,"I'm a Mess","Bebe Rexha",5358820,https://open.spotify.com/track/04ZTP5KsCypmtCmQg5tH9R
159,Thunderclouds,Sia,5310165,https://open.spotify.com/track/2c7GlMNmF7pbohjykutmLP
160,"come out and play","Billie Eilish",5304840,https://open.spotify.com/track/7wC5eZcFS1Q1BsQ35DU6H4
161,bellyache,"Billie Eilish",5302529,https://open.spotify.com/track/51NFxnQvaosfDDutk0tams
162,"Look Alive (feat. Drake)","BlocBoy JB",5295914,https://open.spotify.com/track/4qKcDkK6siZ7Jp1Jb4m0aL
163,Hope,"The Chainsmokers",5273234,https://open.spotify.com/track/4BiiOzZCrXEzHRLYcYFiD5
164,"Say You Won't Let Go","James Arthur",5269077,https://open.spotify.com/track/5uCax9HTNlzGybIStD3vDh
165,"I'll Be Home","Meghan Trainor",5268982,https://open.spotify.com/track/1hy6kKvsPbv7VTcllCuATC
166,"No Es Justo","J Balvin",5261422,https://open.spotify.com/track/5qFeMRz4TvetPmzjre9Dq7
167,"Too Good At Goodbyes","Sam Smith",5236439,https://open.spotify.com/track/1mXVgsBdtIVeCLJnSnmtdV
168,"Everybody Dies In Their Nightmares",XXXTENTACION,5222791,https://open.spotify.com/track/3GVkPk8mqxz0itaAriG1L7
169,"Yes Indeed","Lil Baby",5194073,https://open.spotify.com/track/6vN77lE9LK6HP2DewaN6HZ
170,"Run Rudolph Run - Single Version","Chuck Berry",5187326,https://open.spotify.com/track/2pnPe4pJtq7689i5ydzvJJ
171,"10 Freaky Girls (with 21 Savage)","Metro Boomin",5166527,https://open.spotify.com/track/0AluA5RNsa4Cx6XRhf2hWZ
172,"Asesina - Remix",Brytiago,5131826,https://open.spotify.com/track/59PYgzOiOjGDzjDT5N5oOX
173,Noticed,"Lil Mosey",5130278,https://open.spotify.com/track/6JQvHMSaR8flFsN53ypOfP
174,"Always Remember Us This Way","Lady Gaga",5108678,https://open.spotify.com/track/2rbDhOo9Fh61Bbu23T2qCk
175,"Say My Name","David Guetta",5099696,https://open.spotify.com/track/0YammaEkYSeo9vQYZ1OwS6
176,"Praise The Lord (Da Shine) (feat. Skepta)","A$AP Rocky",5098168,https://open.spotify.com/track/7ycWLEP1GsNjVvcjawXz3z
177,"Nuketown (feat. Juice WRLD)","Ski Mask The Slump God",5096319,https://open.spotify.com/track/74lnM5V6ecvoTPV0fvptx9
178,"Meant to Be (feat. Florida Georgia Line)","Bebe Rexha",5074762,https://open.spotify.com/track/4e4fqjx0Izh4svvTef1z7e
179,"Winter Wonderland","Tony Bennett",5051977,https://open.spotify.com/track/4ricyQVd20UQde1jpXCSuJ
180,Hallelujah,Pentatonix,5043794,https://open.spotify.com/track/550rQQCGkrTzvp4SfpOPzx
181,"Never Recover (Lil Baby & Gunna, Drake)","Lil Baby",5042525,https://open.spotify.com/track/6wWaVoUOzLQJHd3bWAUpdZ
182,"One More Sleep","Leona Lewis",5030301,https://open.spotify.com/track/78pn8k7RogKo2oxl0DyX6d
183,YOSEMITE,"Travis Scott",5030218,https://open.spotify.com/track/7lAK3oHbfEnvUQWosrMMpR
184,"Santa's Coming For Us",Sia,5027826,https://open.spotify.com/track/3AlpkljBS1AU7HFVPms8K6
185,"Jackie Chan",Tiësto,4987494,https://open.spotify.com/track/4kWO6O1BUXcZmaxitpVUwp
186,"Sin Pijama","Becky G",4983949,https://open.spotify.com/track/2ijef6ni2amuunRoKTlgww
187,"ocean eyes","Billie Eilish",4977661,https://open.spotify.com/track/2uIX8YMNjGMD7441kqyyNU
188,Congratulations,"Post Malone",4947764,https://open.spotify.com/track/3a1lNhkSLSkpJE4MSHpDu9
189,PPP,"Kevin Roldan",4944110,https://open.spotify.com/track/1DcxnVNFAyVl2sDQ646pXS
190,"We Will Rock You - Remastered",Queen,4940555,https://open.spotify.com/track/4pbJqGIASGPr0ZpGpnWkDn
191,Topanga,"Trippie Redd",4915434,https://open.spotify.com/track/5aXgz1oKK8Q9z9xvTmSnrO
192,"Santa Claus Is Coming To Town","The Jackson 5",4909835,https://open.spotify.com/track/6a1hzBiTkgqTsDA0Xgfh9z
193,Splashin,"Rich The Kid",4869140,https://open.spotify.com/track/79OEIr4J4FHV0O3KrhaXRb
194,"All Girls Are The Same","Juice WRLD",4843469,https://open.spotify.com/track/4VXIryQMWpIdGgYR4TrjT1
195,Closer,"The Chainsmokers",4809947,https://open.spotify.com/track/7BKLCZ1jbUBVqRi2FVlTVw
196,"Guardian angel",XXXTENTACION,4809816,https://open.spotify.com/track/7uqcLJFlSYjVPLUz1vPxkY
197,"Love Lies (with Normani)",Khalid,4795250,https://open.spotify.com/track/45Egmo7icyopuzJN0oMEdk
198,Ibiza,Ozuna,4773694,https://open.spotify.com/track/1h9P5WJwyvK8OB7O2YiXgp
199,"In My Head","Peter Manos",4761551,https://open.spotify.com/track/1tT55K6VEyO6XFDxK4lDQe
200,Mine,Bazzi,4703661,https://open.spotify.com/track/7uzmGiiJyRfuViKKK3lVmR
