,,,"Note that these figures are generated using a formula that protects against any artificial inflation of chart positions.",
Position,"Track Name",Artist,Streams,URL
1,"Too Good At Goodbyes - Edit","Sam Smith",30706135,https://open.spotify.com/track/0mel2N9Ws9r4yLQn5QE21Y
2,"Look What You Made Me Do","Taylor Swift",29021986,https://open.spotify.com/track/6uFsE1JgZ20EXyU0JQZbUR
3,"Mi Gente","J Balvin",28657214,https://open.spotify.com/track/2rb5MvYT7ZIxbKW5hfcHx8
4,"New Rules","Dua Lipa",25312487,https://open.spotify.com/track/2ekn2ttSfGqwhhate0LSR0
5,1-800-273-8255,Logic,22630987,https://open.spotify.com/track/5tz69p7tJuGPeMGwNTxYuV
6,"Friends (with BloodPop®)","Justin Bieber",21733055,https://open.spotify.com/track/7nZmah2llfvLDiUjm0kiyz
7,"Dusk Till Dawn - Radio Edit",ZAYN,21296996,https://open.spotify.com/track/1j4kHkkpqZRBwE0A4CN4Yv
8,Unforgettable,"French Montana",20349143,https://open.spotify.com/track/3B54sVLJ402zGa6Xm4YGNe
9,Havana,"Camila Cabello",20105338,https://open.spotify.com/track/0ofbQMrRDsUaVKq2mGLEAb
10,"Feels (feat. Pharrell Williams, Katy Perry & Big Sean)","Calvin Harris",19499233,https://open.spotify.com/track/5bcTCxgc7xVfSaMV3RuVke
11,Silence,Marshmello,19084850,https://open.spotify.com/track/7vGuf3Y35N4wmASOKLUVVU
12,"Sorry Not Sorry","Demi Lovato",18531598,https://open.spotify.com/track/25C5CowdsfXld2jJanbiex
13,"...Ready For It?","Taylor Swift",17763978,https://open.spotify.com/track/19WjVVgXjdKXfLXoaDPwTM
14,Attention,"Charlie Puth",16676713,https://open.spotify.com/track/4iLqG9SeJSnt0cSPICSjxv
15,"Jocelyn Flores",XXXTENTACION,16531894,https://open.spotify.com/track/7m9OqQk4RVRkw9JJdeAw96
16,"Wild Thoughts (feat. Rihanna & Bryson Tiller)","DJ Khaled",16530013,https://open.spotify.com/track/1OAh8uOEOvTDqkKFsKksCi
17,"Shape of You","Ed Sheeran",16063016,https://open.spotify.com/track/7qiZfU4dY1lWllzX7mPBI3
18,"What Lovers Do (feat. SZA)","Maroon 5",16024547,https://open.spotify.com/track/4mxWSdf71VFO52qFeY0fZt
19,Thunder,"Imagine Dragons",15481695,https://open.spotify.com/track/0tKcYR2II1VCQWT79i5NrW
20,"Back to You (feat. Bebe Rexha & Digital Farm Animals)","Louis Tomlinson",15454510,https://open.spotify.com/track/7F9vK8hNFMml4GtHsaXui6
21,"Despacito - Remix","Luis Fonsi",15370611,https://open.spotify.com/track/5CtI0qwDJkDQGwXD1H1cLb
22,"XO Tour Llif3","Lil Uzi Vert",15350875,https://open.spotify.com/track/7GX5flRQZVHRAGd6B4TmDO
23,"More Than You Know","Axwell /\ Ingrosso",15130302,https://open.spotify.com/track/3PEgB3fkiojxms35ntsTgs
24,"Strip That Down","Liam Payne",14751783,https://open.spotify.com/track/6EpRaXYhGOB3fj4V2uDkMJ
25,"Young Dumb & Broke",Khalid,14613498,https://open.spotify.com/track/5Z3GHaZ6ec9bsiI5BenrbY
26,"Glorious (feat. Skylar Grey)",Macklemore,14491286,https://open.spotify.com/track/3HVr6jTVwBHBa2flM0eURR
27,"2U (feat. Justin Bieber)","David Guetta",14271434,https://open.spotify.com/track/3A7qX2QjDlPnazUsRk5y0M
28,Mama,"Jonas Blue",13905515,https://open.spotify.com/track/0NiXXAI876aGImAd6rTj8w
29,"Without You (feat. Sandro Cavazza)",Avicii,13882535,https://open.spotify.com/track/6WbADFqMvR8N5u0BvtsWQE
30,"Bank Account","21 Savage",13530236,https://open.spotify.com/track/5eqK0tbzUPo2SoeZsov04s
31,"I Like Me Better",Lauv,12704967,https://open.spotify.com/track/1wjzFQodRWrPcQ0AnYnvQ9
32,"Me Rehúso","Danny Ocean",12539884,https://open.spotify.com/track/6De0lHrwBfPfrhorm9q1Xl
33,"Bodak Yellow","Cardi B",12510478,https://open.spotify.com/track/2771LMNxwf62FTAdpJMQfM
34,"There's Nothing Holdin' Me Back","Shawn Mendes",12072069,https://open.spotify.com/track/79cuOz3SPQTuFrp8WgftAu
35,HUMBLE.,"Kendrick Lamar",11921618,https://open.spotify.com/track/7KXjTSCq5nL1LoYtL7XAwS
36,"I'm the One (feat. Justin Bieber, Quavo, Chance the Rapper & Lil Wayne)","DJ Khaled",11873911,https://open.spotify.com/track/3DXncPQOG4VBw3QHh3S817
37,"What About Us",P!nk,11823521,https://open.spotify.com/track/31MkGwj0SWgZaTvEt5Hgxv
38,"Your Song","Rita Ora",10605272,https://open.spotify.com/track/4c2W3VKsOFoIg2SFaO6DY5
39,"Felices los 4",Maluma,10483569,https://open.spotify.com/track/0qYTZCo5Bwh1nsUFGZP3zn
40,"Lonely Together (feat. Rita Ora)",Avicii,10458331,https://open.spotify.com/track/2OALaHcDdKkjYEpAr0Qzab
41,Congratulations,"Post Malone",10341113,https://open.spotify.com/track/3a1lNhkSLSkpJE4MSHpDu9
42,"Fuck Love (feat. Trippie Redd)",XXXTENTACION,9831288,https://open.spotify.com/track/7AQim7LbvFVZJE3O8TYgf2
43,"Something Just Like This","The Chainsmokers",9630336,https://open.spotify.com/track/6RUKPb4LETWmmr3iAEQktW
44,"BUTTERFLY EFFECT","Travis Scott",9546924,https://open.spotify.com/track/1yxgsra98r3qAtxqiGZPiX
45,"Swalla (feat. Nicki Minaj & Ty Dolla $ign)","Jason Derulo",9540671,https://open.spotify.com/track/6kex4EBAj0WHXDKZMEJaaF
46,Believer,"Imagine Dragons",9529493,https://open.spotify.com/track/0CcQNd8CINkwQfe1RDtGV6
47,"Slow Hands","Niall Horan",9366055,https://open.spotify.com/track/167NczpNbRF7oWakJaY3Hh
48,Bonita,"J Balvin",9324822,https://open.spotify.com/track/693iqPOQvhI7PobtR8CC8v
49,"Una Lady Como Tú","Manuel Turizo",9277796,https://open.spotify.com/track/7MHN1aCFtLXjownGhvEQlF
50,"Despacito (Featuring Daddy Yankee)","Luis Fonsi",8832971,https://open.spotify.com/track/4aWmUDTfIPGksMNLV2rQP2
51,"Feel It Still","Portugal. The Man",8615394,https://open.spotify.com/track/6QgjcU0zLnzq5OrUoSZ3OK
52,Mayores,"Becky G",8264479,https://open.spotify.com/track/7JNh1cfm0eXjqFVOzKLyau
53,"There for You","Martin Garrix",8247369,https://open.spotify.com/track/6jA8HL9i4QGzsj6fjoxp8Y
54,"Rich Love (with Seeb)",OneRepublic,8239447,https://open.spotify.com/track/7aF09WaavZAmAWuUeYxlYD
55,"Escápate Conmigo",Wisin,8078521,https://open.spotify.com/track/2cnKEkpVUSV4wnjQiTWfH6
56,Questions,"Chris Brown",7621063,https://open.spotify.com/track/5XQMr19TL7Mfksq9zihbOu
57,Location,Khalid,7476822,https://open.spotify.com/track/152lZdxL1OR0ZMW6KquMif
58,"Fetish (feat. Gucci Mane)","Selena Gomez",7234439,https://open.spotify.com/track/0XLOf9LhyazPX9Ld8jPiUq
59,"Symphony (feat. Zara Larsson)","Clean Bandit",7003042,https://open.spotify.com/track/1x5sYLZiu9r5E43kMlt9f8
60,"Pretty Girl - Cheat Codes X CADE Remix","Maggie Lindemann",6945751,https://open.spotify.com/track/1NDxZ7cFAo481dtYWdrUnR
61,"Robarte un Beso","Carlos Vives",6895389,https://open.spotify.com/track/4z3GJkrtH97Bj6fRta983T
62,"The Way Life Goes (feat. Oh Wonder)","Lil Uzi Vert",6811920,https://open.spotify.com/track/2eAZfqOm4EnOF9VvN50Tyc
63,"Would You Ever",Skrillex,6793144,https://open.spotify.com/track/57p8CBvPOxrvyCbn6ttl5r
64,"Everybody Dies In Their Nightmares",XXXTENTACION,6667119,https://open.spotify.com/track/3GVkPk8mqxz0itaAriG1L7
65,"Ahora Dice","Chris Jeday",6660054,https://open.spotify.com/track/22eADXu8DfOAUEDw4vU8qy
66,"Báilame - Remix",Nacho,6588727,https://open.spotify.com/track/3VClLWqNn80Llv0PJOsKgr
67,"Reggaetón Lento (Remix)",CNCO,6574164,https://open.spotify.com/track/3zoYkqS4y2BsGVShPL2nTE
68,"I Get The Bag (feat. Migos)","Gucci Mane",6522500,https://open.spotify.com/track/1HTtUBEY3tuw2btgwwI2Ja
69,goosebumps,"Travis Scott",6511507,https://open.spotify.com/track/6gBFPUFcJLzWGx4lenP6h2
70,"That's What I Like","Bruno Mars",6443094,https://open.spotify.com/track/0KKkJNfGyhkQ5aFogxQAPU
71,"No Promises (feat. Demi Lovato)","Cheat Codes",6418711,https://open.spotify.com/track/1louJpMmzEicAn7lzDalPW
72,Praying,Kesha,6369559,https://open.spotify.com/track/0jdny0dhgjUwoIp5GkqEaA
73,"Know No Better (feat. Travis Scott, Camila Cabello & Quavo)","Major Lazer",6336376,https://open.spotify.com/track/3Ytr1SUCUi6J3L9dRFx5iH
74,Redbone,"Childish Gambino",6265491,https://open.spotify.com/track/3kxfsdsCpFgN412fpnW85Y
75,"Say You Won't Let Go","James Arthur",6251554,https://open.spotify.com/track/5uCax9HTNlzGybIStD3vDh
76,"Love Galore (feat. Travis Scott)",SZA,6213125,https://open.spotify.com/track/0q75NwOoFiARAVp4EXU4Bs
77,"Mask Off",Future,6201550,https://open.spotify.com/track/3rOSwuTsUlJp0Pu0MkN8r8
78,"Tú Foto",Ozuna,6138703,https://open.spotify.com/track/5zSOVwaY3sVjnmLhuEfsuf
79,"Stay (with Alessia Cara)",Zedd,6084651,https://open.spotify.com/track/0dA2Mk56wEzDgegdC6R17g
80,"Instruction (feat. Demi Lovato & Stefflon Don)","Jax Jones",6043586,https://open.spotify.com/track/0XfOi87h82i09rQjWYG0Bm
81,"It Ain't Me (with Selena Gomez)",Kygo,6020817,https://open.spotify.com/track/3eR23VReFzcdmS7TYCrhCe
82,"Let Me Go (with Alesso, Florida Georgia Line & watt)","Hailee Steinfeld",5965203,https://open.spotify.com/track/5Gu0PDLN4YJeW75PpBSg9p
83,"Galway Girl","Ed Sheeran",5832984,https://open.spotify.com/track/0afhq8XCExXpqazXczTSve
84,"Krippy Kush",Farruko,5758563,https://open.spotify.com/track/3rgjBiAMVGnxmsTDmUy8vb
85,DNA.,"Kendrick Lamar",5704120,https://open.spotify.com/track/6HZILIRieu8S0iqY8kIKhj
86,"Se Preparó",Ozuna,5686912,https://open.spotify.com/track/1m69ELEgE6k5ZWsap40ozt
87,"I Don’t Wanna Live Forever (Fifty Shades Darker) - From ""Fifty Shades Darker (Original Motion Picture Soundtrack)""",ZAYN,5599804,https://open.spotify.com/track/3NdDpSvN911VPGivFlV5d0
88,"Roll In Peace (feat. XXXTENTACION)","Kodak Black",5584741,https://open.spotify.com/track/40oKW22ZNNkEdZLJTScaQI
89,"Hey DJ",CNCO,5560333,https://open.spotify.com/track/209gZgcfLq2aUuu51vOWBl
90,Magnolia,"Playboi Carti",5545733,https://open.spotify.com/track/1e1JKLEDKP7hEQzJfNAgPl
91,OMG,"Camila Cabello",5537444,https://open.spotify.com/track/4xBjsLUSjcx2h7PcRikpQp
92,"If I'm Lucky","Jason Derulo",5509464,https://open.spotify.com/track/6eUncuJutsFi9BGO1JaBHh
93,"OK - Spotify Version","Robin Schulz",5426117,https://open.spotify.com/track/3bWAqKDWg6u1davspr5IkS
94,Closer,"The Chainsmokers",5405355,https://open.spotify.com/track/7BKLCZ1jbUBVqRi2FVlTVw
95,"Rake It Up","Yo Gotti",5367392,https://open.spotify.com/track/6c7D34787LOtPm8tzhsLgH
96,Perfect,"Ed Sheeran",5321020,https://open.spotify.com/track/0tgVpDi06FyKpA1z0VMD4v
97,Signs,Drake,5312132,https://open.spotify.com/track/5EnYT6F7wEcdege6mDHEfO
98,"LOYALTY. FEAT. RIHANNA.","Kendrick Lamar",5226930,https://open.spotify.com/track/6SwRhMLwNqEi6alNPVG00n
99,Issues,"Julia Michaels",5123880,https://open.spotify.com/track/0xG0SHshCStMEyNbNC5d4k
100,"Que Va","Alex Sensation",5112481,https://open.spotify.com/track/7ofxPmTNMj2GP07g1VZa0O
101,"Slippery (feat. Gucci Mane)",Migos,5083653,https://open.spotify.com/track/6p8NuHm8uCGnn2Dtbtf7zE
102,"Slide (feat. Frank Ocean & Migos)","Calvin Harris",5002186,https://open.spotify.com/track/7tr2za8SQg2CI8EDgrdtNl
103,"Swish Swish","Katy Perry",4992013,https://open.spotify.com/track/2kVHAQKVtczchKctctzbtK
104,"Get Low (with Liam Payne)",Zedd,4991571,https://open.spotify.com/track/1CKd1PnqfYx0H12V9MSaIY
105,Passionfruit,Drake,4964438,https://open.spotify.com/track/7hDc8b7IXETo14hHIHdnhd
106,Unforgettable,"Thomas Rhett",4945291,https://open.spotify.com/track/30MM5jWpUmOxtTNd9Ey5LZ
107,"Most Girls","Hailee Steinfeld",4926435,https://open.spotify.com/track/2mfUa8bLs2s5N4VaqJZ4lZ
108,"El Farsante",Ozuna,4891245,https://open.spotify.com/track/5EId1m4DNwTf3at31w8bPJ
109,"Bella y Sensual","Romeo Santos",4864293,https://open.spotify.com/track/0ERbK7qVqveCaBWIiYCrl3
110,Starboy,"The Weeknd",4778208,https://open.spotify.com/track/5aAx2yezTd8zXrkmtKl66Z
111,"Crying in the Club","Camila Cabello",4732073,https://open.spotify.com/track/1SJtlNRJDeYHioymcvsqev
112,"La Rompe Corazones","Daddy Yankee",4730948,https://open.spotify.com/track/4okba5wu9mMLXx79DXLKi3
113,Photograph,"Ed Sheeran",4643948,https://open.spotify.com/track/6fxVffaTuwjgEk5h9QyRjy
114,"One Dance",Drake,4606458,https://open.spotify.com/track/1xznGGDReH1oQq0xzbwXa3
115,"Bad Liar","Selena Gomez",4604513,https://open.spotify.com/track/1sCxVKWImDZSZKvG0U9B23
116,"It's A Vibe","2 Chainz",4595730,https://open.spotify.com/track/6H0AwSQ20mo62jGlPGB8S6
117,Malibu,"Miley Cyrus",4558913,https://open.spotify.com/track/2habSXqcJGExM6JJyskY7O
118,"I Feel It Coming","The Weeknd",4547690,https://open.spotify.com/track/5GXAXm5YOmYT0kL5jHvYBt
119,Revenge,XXXTENTACION,4533821,https://open.spotify.com/track/5TXDeTFVRVY7Cvt0Dw4vWW
120,"Scared to Be Lonely","Martin Garrix",4419674,https://open.spotify.com/track/3ebXMykcMXOcLeJ9xZ17XH
121,"Rockabye (feat. Sean Paul & Anne-Marie)","Clean Bandit",4406480,https://open.spotify.com/track/5knuzwU65gJK7IF5yJsuaW
122,"Body Like A Back Road","Sam Hunt",4371485,https://open.spotify.com/track/7mldq42yDuxiUNn08nvzHO
123,"The Race",Tay-K,4334610,https://open.spotify.com/track/5RCfvwDewu6p2x1mEI6smX
124,"Super Far",LANY,4295539,https://open.spotify.com/track/74ODGXs4byLTRdnKGM4s6E
125,"Look At Me!",XXXTENTACION,4255469,https://open.spotify.com/track/4ARPvK8DHLwt4oX65ZAFMw
126,"LOVE. FEAT. ZACARI.","Kendrick Lamar",4241954,https://open.spotify.com/track/6PGoSes0D9eUDeeAafB2As
127,"Drowning (feat. Kodak Black)","A Boogie Wit da Hoodie",4234239,https://open.spotify.com/track/6Q2FftbUG530lCtBI74bMH
128,"Sign of the Times","Harry Styles",4223489,https://open.spotify.com/track/5Ohxk2dO5COHF1krpoPigN
129,"Explícale (feat. Bad Bunny)",Yandel,4213731,https://open.spotify.com/track/1LszjjoVwDDZcWUQbzeDLG
130,"Otra vez (feat. J Balvin)","Zion & Lennox",4210743,https://open.spotify.com/track/3QwBODjSEzelZyVjxPOHdq
131,"Me Enamoré",Shakira,4165177,https://open.spotify.com/track/4qknM1pQz53QOyfDVTjcM9
132,"Loco Enamorado","Abraham Mateo",4157592,https://open.spotify.com/track/4N1c5rmWOzRmB9SMacr5wB
133,"Sigo Extrañándote","J Balvin",4105873,https://open.spotify.com/track/6qDF4wWL49CAVbgT7yuHl8
134,"Thinking out Loud","Ed Sheeran",4084752,https://open.spotify.com/track/1Slwb6dOYkBlWal1PGtnNg
135,"Castle on the Hill","Ed Sheeran",4034475,https://open.spotify.com/track/6PCUP3dWmTjcTtXY02oFdT
136,"Ahora Me Llama","KAROL G",4021479,https://open.spotify.com/track/61HHDBLqF3AmSvLfHKNGd2
137,"Sola (Remix) [feat. Daddy Yankee, Wisin, Farruko, Zion & Lennox]","Anuel AA",4020789,https://open.spotify.com/track/5q2JbCNi4FcnglgPfxcV65
138,"Solo Dance","Martin Jensen",4019831,https://open.spotify.com/track/6HUnnBwYZqcED1eQztxMBN
139,"do re mi (feat. Gucci Mane)",blackbear,4017505,https://open.spotify.com/track/53mrVsi49rLHIaKBiSvElG
140,"iSpy (feat. Lil Yachty)",KYLE,4005078,https://open.spotify.com/track/2EEeOnHehOozLq4aS0n6SL
141,"El Amante","Nicky Jam",3993572,https://open.spotify.com/track/3umS4y3uQDkqekNjVpiRUs
142,"Now Or Never",Halsey,3975327,https://open.spotify.com/track/7i2DJ88J7jQ8K7zqFX2fW8
143,"Si Tú La Ves (feat. Wisin)","Nicky Jam",3960562,https://open.spotify.com/track/4yN6xPLopmTLvc27pO9LIE
144,"SUBEME LA RADIO","Enrique Iglesias",3941200,https://open.spotify.com/track/7nKBxz47S9SD79N086fuhn
145,Paris,"The Chainsmokers",3926019,https://open.spotify.com/track/72jbDTw1piOOj770jWNeaG
146,"Perplexing Pegasus","Rae Sremmurd",3887502,https://open.spotify.com/track/2nYwV62UABTH0NanrwVIdQ
147,"Sauce It Up","Lil Uzi Vert",3864371,https://open.spotify.com/track/1uL78kFWxhz3umTMWJu8n5
148,"Came Here for Love",Sigala,3820058,https://open.spotify.com/track/3kGfazcbVvVkuZunzlLgTD
149,Down,"Fifth Harmony",3793228,https://open.spotify.com/track/20H2Hd5AkUcRjB4yL3UQtJ
150,"Sua cara (feat. Anitta & Pabllo Vittar)","Major Lazer",3773623,https://open.spotify.com/track/3ibRxEv4KkcU9e259eyNJA
151,"We Don't Talk Anymore","Charlie Puth",3772699,https://open.spotify.com/track/68EMU2RD1ECNeOeJ5qAXCV
152,"Bad and Boujee (feat. Lil Uzi Vert)",Migos,3765652,https://open.spotify.com/track/4Km5HrUvYTaSUfiSGPJeQR
153,"Summer Air",ItaloBrothers,3764672,https://open.spotify.com/track/0V9cosR5jWa4fr2koARmhD
154,Starving,"Hailee Steinfeld",3739924,https://open.spotify.com/track/6875MeXyCW0wLyT72Eetmo
155,"Let Me Love You","DJ Snake",3738899,https://open.spotify.com/track/4pdPtRcBmOSQDlJ3Fk945m
156,"Don't Let Me Down","The Chainsmokers",3736609,https://open.spotify.com/track/0QsvXIfqM0zZoerQfsI9lm
157,"Stay With Me","Sam Smith",3723556,https://open.spotify.com/track/5Db9VIdDsN5yu3Eu7CT0i4
158,"Chantaje (feat. Maluma)",Shakira,3717467,https://open.spotify.com/track/6mICuAdrwEjh6Y6lroV2Kg
159,"Me Llamas (feat. Maluma) - Remix","Piso 21",3699170,https://open.spotify.com/track/5hEM0JchdVzQ5PwvSfITeX
160,Besándote,"Piso 21",3698669,https://open.spotify.com/track/13X0XdLMOdtbXVtAj2ox4h
161,"First Time",Kygo,3630386,https://open.spotify.com/track/2Gl0FzuLxflY6nPifJp5Dr
162,"Complicated (feat. Kiiara)","Dimitri Vegas & Like Mike",3612926,https://open.spotify.com/track/1Sl3njkhhz8nrSPZroDQ82
163,"Treat You Better","Shawn Mendes",3611631,https://open.spotify.com/track/4Hf7WnR761jpxPr5D46Bcd
164,"Relationship (feat. Future)","Young Thug",3560170,https://open.spotify.com/track/25oOaleife6E2MIKmFkPvg
165,"Go Flex","Post Malone",3554947,https://open.spotify.com/track/5yuShbu70mtHXY0yLzCQLQ
166,"Gucci Gang","Lil Pump",3554344,https://open.spotify.com/track/6foxplXS0YEq8cO374Lty4
167,"Depression & Obsession",XXXTENTACION,3513092,https://open.spotify.com/track/2H3wWrnO758y0fPH7Ilerg
168,Rain,"The Script",3501711,https://open.spotify.com/track/2QWP8NYYplOqEFBYGCcq0S
169,"Call On Me - Ryan Riback Extended Remix",Starley,3487084,https://open.spotify.com/track/78rIJddV4X0HkNAInEcYde
170,"24K Magic","Bruno Mars",3481035,https://open.spotify.com/track/6b8Be6ljOzmkOmFslEb23P
171,"Bounce Back","Big Sean",3477315,https://open.spotify.com/track/0SGkqnVQo9KPytSri1H6cF
172,"Carry On",XXXTENTACION,3441646,https://open.spotify.com/track/2yZax79pOrYuyIFVW2cZY2
173,"No Limit",G-Eazy,3438833,https://open.spotify.com/track/2Xqd0wUttjueBfdcltADOv
174,"CAN'T STOP THE FEELING! (Original Song from DreamWorks Animation's ""TROLLS"")","Justin Timberlake",3418571,https://open.spotify.com/track/6JV2JOEocMgcZxYSZelKcc
175,Why,"Sabrina Carpenter",3417720,https://open.spotify.com/track/2jYmK1cb3Uya6FFsocdpzO
176,"Lose Yourself - From ""8 Mile"" Soundtrack",Eminem,3394974,https://open.spotify.com/track/5Z01UMMf7V1o0MzF86s6WJ
177,"Love Yourself","Justin Bieber",3378515,https://open.spotify.com/track/3hB5DgAiMAQ4DzYbsMq1IT
178,Happier,"Ed Sheeran",3370161,https://open.spotify.com/track/2RttW7RAu5nOAfq6YFvApB
179,"Side To Side","Ariana Grande",3363938,https://open.spotify.com/track/4pLwZjInHj3SimIyN9SnOz
180,"Hey Ma (with Pitbull & J Balvin feat. Camila Cabello) - Spanish Version",Pitbull,3344027,https://open.spotify.com/track/2Vdub5mY4lad7w64bFPUez
181,"Fake Love",Drake,3317734,https://open.spotify.com/track/343YBumqHu19cGoGARUTsd
182,"No Complaints","Metro Boomin",3312153,https://open.spotify.com/track/6kig1UFggPUyZBCvXD3Wod
183,"White Iverson","Post Malone",3286789,https://open.spotify.com/track/6eT7xZZlB2mwyzJ2sUKG6w
184,"The Night We Met","Lord Huron",3270202,https://open.spotify.com/track/6mORGLOz79w6VsCRLWYYuK
185,Transportin',"Kodak Black",3263129,https://open.spotify.com/track/1WIZiOuNO3woKfdlSK2gNn
186,"In the Name of Love","Martin Garrix",3232605,https://open.spotify.com/track/04DwTuZ2VBdJCCC5TROn7L
187,"Tunnel Vision","Kodak Black",3219353,https://open.spotify.com/track/4Q3N4Ct4zCuIHuZ65E3BD4
188,"I'm Not The Only One","Sam Smith",3198663,https://open.spotify.com/track/0fioLzGM8ngbD1w6fMmm45
189,Mercy,"Shawn Mendes",3193656,https://open.spotify.com/track/4TZy1wLyHec06pwgFYDh1a
190,"do re mi",blackbear,3184508,https://open.spotify.com/track/3Q3myFA7q4Op95DOpHplaY
191,"Think Before I Talk","Astrid S",3148828,https://open.spotify.com/track/0Clb9aiXWa0dvVff5aN4VN
192,Faded,"Alan Walker",3140052,https://open.spotify.com/track/7gHs73wELdeycvS48JfIos
193,"The Scientist",Coldplay,3134958,https://open.spotify.com/track/75JFxkI2RXiU7L9VXzMkle
194,"Save Me",XXXTENTACION,3103784,https://open.spotify.com/track/2UwbhMie1EAYuTZ0QXeMwl
195,"Wonderwall - Remastered",Oasis,3099411,https://open.spotify.com/track/5qqabIl2vWzo9ApSC317sa
196,T-Shirt,Migos,3080306,https://open.spotify.com/track/7KOlJ92bu51cltsD9KU5I7
197,"You Don't Know Me - Radio Edit","Jax Jones",3073510,https://open.spotify.com/track/00lNx0OcTJrS3MKHcB80HY
198,"Loca (feat. Cali y El Dandee)","Maite Perroni",3071349,https://open.spotify.com/track/05ZXXyeZFhZtA6DAP3Aw7x
199,"Cold Water (feat. Justin Bieber & MØ)","Major Lazer",3063450,https://open.spotify.com/track/6DNtNfH8hXkqOX1sjqmI7p
200,"'Till I Collapse",Eminem,3063056,https://open.spotify.com/track/6yr8GiTHWvFfi4o6Q5ebdT
