,,,"Note that these figures are generated using a formula that protects against any artificial inflation of chart positions.",
Position,"Track Name",Artist,Streams,URL
1,"Mi Gente","J Balvin",32309813,https://open.spotify.com/track/2rb5MvYT7ZIxbKW5hfcHx8
2,"Despacito - Remix","Luis Fonsi",25925718,https://open.spotify.com/track/5CtI0qwDJkDQGwXD1H1cLb
3,"Wild Thoughts (feat. Rihanna & Bryson Tiller)","DJ Khaled",23874796,https://open.spotify.com/track/1OAh8uOEOvTDqkKFsKksCi
4,Unforgettable,"French Montana",23469518,https://open.spotify.com/track/3B54sVLJ402zGa6Xm4YGNe
5,"Feels (feat. Pharrell Williams, Katy Perry & Big Sean)","Calvin Harris",22548179,https://open.spotify.com/track/5bcTCxgc7xVfSaMV3RuVke
6,"2U (feat. Justin Bieber)","David Guetta",20223981,https://open.spotify.com/track/3A7qX2QjDlPnazUsRk5y0M
7,Attention,"Charlie Puth",19369090,https://open.spotify.com/track/4iLqG9SeJSnt0cSPICSjxv
8,"Shape of You","Ed Sheeran",19118483,https://open.spotify.com/track/7qiZfU4dY1lWllzX7mPBI3
9,"I'm the One (feat. Justin Bieber, Quavo, Chance the Rapper & Lil Wayne)","DJ Khaled",19036609,https://open.spotify.com/track/3DXncPQOG4VBw3QHh3S817
10,"New Rules","Dua Lipa",18571663,https://open.spotify.com/track/2ekn2ttSfGqwhhate0LSR0
11,"Strip That Down","Liam Payne",18237062,https://open.spotify.com/track/6EpRaXYhGOB3fj4V2uDkMJ
12,Thunder,"Imagine Dragons",17532061,https://open.spotify.com/track/0tKcYR2II1VCQWT79i5NrW
13,Mama,"Jonas Blue",16972992,https://open.spotify.com/track/0NiXXAI876aGImAd6rTj8w
14,"Sorry Not Sorry","Demi Lovato",16757887,https://open.spotify.com/track/25C5CowdsfXld2jJanbiex
15,"More Than You Know","Axwell /\ Ingrosso",16311229,https://open.spotify.com/track/3PEgB3fkiojxms35ntsTgs
16,"Back to You (feat. Bebe Rexha & Digital Farm Animals)","Louis Tomlinson",15643029,https://open.spotify.com/track/7F9vK8hNFMml4GtHsaXui6
17,"XO TOUR Llif3","Lil Uzi Vert",15284373,https://open.spotify.com/track/2eMwDehkIC1j68U6FA3Eiq
18,"There's Nothing Holdin' Me Back","Shawn Mendes",14863661,https://open.spotify.com/track/79cuOz3SPQTuFrp8WgftAu
19,"Glorious (feat. Skylar Grey)",Macklemore,14311029,https://open.spotify.com/track/3HVr6jTVwBHBa2flM0eURR
20,"Me Rehúso","Danny Ocean",13273772,https://open.spotify.com/track/6De0lHrwBfPfrhorm9q1Xl
21,HUMBLE.,"Kendrick Lamar",13038991,https://open.spotify.com/track/7KXjTSCq5nL1LoYtL7XAwS
22,"Bank Account","21 Savage",12703666,https://open.spotify.com/track/5eqK0tbzUPo2SoeZsov04s
23,"Fetish (feat. Gucci Mane)","Selena Gomez",12630854,https://open.spotify.com/track/0XLOf9LhyazPX9Ld8jPiUq
24,"Felices los 4",Maluma,12617653,https://open.spotify.com/track/0qYTZCo5Bwh1nsUFGZP3zn
25,"There for You","Martin Garrix",12465248,https://open.spotify.com/track/6jA8HL9i4QGzsj6fjoxp8Y
26,"Without You (feat. Sandro Cavazza)",Avicii,12395721,https://open.spotify.com/track/6WbADFqMvR8N5u0BvtsWQE
27,"Swalla (feat. Nicki Minaj & Ty Dolla $ign)","Jason Derulo",12387756,https://open.spotify.com/track/6kex4EBAj0WHXDKZMEJaaF
28,"Something Just Like This","The Chainsmokers",12313567,https://open.spotify.com/track/6RUKPb4LETWmmr3iAEQktW
29,"Your Song","Rita Ora",11715578,https://open.spotify.com/track/4c2W3VKsOFoIg2SFaO6DY5
30,"Despacito (Featuring Daddy Yankee)","Luis Fonsi",11568116,https://open.spotify.com/track/4aWmUDTfIPGksMNLV2rQP2
31,Believer,"Imagine Dragons",11484160,https://open.spotify.com/track/0CcQNd8CINkwQfe1RDtGV6
32,Congratulations,"Post Malone",11464656,https://open.spotify.com/track/3a1lNhkSLSkpJE4MSHpDu9
33,"I Like Me Better",Lauv,11430490,https://open.spotify.com/track/1wjzFQodRWrPcQ0AnYnvQ9
34,"Slow Hands","Niall Horan",11010775,https://open.spotify.com/track/167NczpNbRF7oWakJaY3Hh
35,"Know No Better (feat. Travis Scott, Camila Cabello & Quavo)","Major Lazer",10447973,https://open.spotify.com/track/3Ytr1SUCUi6J3L9dRFx5iH
36,"Pretty Girl - Cheat Codes X CADE Remix","Maggie Lindemann",10393297,https://open.spotify.com/track/1NDxZ7cFAo481dtYWdrUnR
37,Praying,Kesha,9957610,https://open.spotify.com/track/0jdny0dhgjUwoIp5GkqEaA
38,"Una Lady Como Tú","Manuel Turizo",9818595,https://open.spotify.com/track/7MHN1aCFtLXjownGhvEQlF
39,"Escápate Conmigo",Wisin,9793156,https://open.spotify.com/track/2cnKEkpVUSV4wnjQiTWfH6
40,"That's What I Like","Bruno Mars",9737309,https://open.spotify.com/track/0KKkJNfGyhkQ5aFogxQAPU
41,"Symphony (feat. Zara Larsson)","Clean Bandit",9690353,https://open.spotify.com/track/1x5sYLZiu9r5E43kMlt9f8
42,Bonita,"J Balvin",9576569,https://open.spotify.com/track/693iqPOQvhI7PobtR8CC8v
43,Location,Khalid,9323154,https://open.spotify.com/track/152lZdxL1OR0ZMW6KquMif
44,Redbone,"Childish Gambino",9312429,https://open.spotify.com/track/3kxfsdsCpFgN412fpnW85Y
45,"BUTTERFLY EFFECT","Travis Scott",9263103,https://open.spotify.com/track/1yxgsra98r3qAtxqiGZPiX
46,"No Promises (feat. Demi Lovato)","Cheat Codes",9208945,https://open.spotify.com/track/1louJpMmzEicAn7lzDalPW
47,"Stay (with Alessia Cara)",Zedd,8832429,https://open.spotify.com/track/0dA2Mk56wEzDgegdC6R17g
48,Silence,Marshmello,8827338,https://open.spotify.com/track/7vGuf3Y35N4wmASOKLUVVU
49,"Lonely Together (feat. Rita Ora)",Avicii,8727428,https://open.spotify.com/track/2OALaHcDdKkjYEpAr0Qzab
50,"Slide (feat. Frank Ocean & Migos)","Calvin Harris",8691435,https://open.spotify.com/track/7tr2za8SQg2CI8EDgrdtNl
51,"Young Dumb & Broke",Khalid,8519529,https://open.spotify.com/track/5Z3GHaZ6ec9bsiI5BenrbY
52,Havana,"Camila Cabello",8215694,https://open.spotify.com/track/0ofbQMrRDsUaVKq2mGLEAb
53,"Crying in the Club","Camila Cabello",8037593,https://open.spotify.com/track/1SJtlNRJDeYHioymcvsqev
54,"Bad Liar","Selena Gomez",7964423,https://open.spotify.com/track/1sCxVKWImDZSZKvG0U9B23
55,"Rich Love (with Seeb)",OneRepublic,7946663,https://open.spotify.com/track/7aF09WaavZAmAWuUeYxlYD
56,Signs,Drake,7816487,https://open.spotify.com/track/5EnYT6F7wEcdege6mDHEfO
57,"Ahora Dice","Chris Jeday",7723099,https://open.spotify.com/track/22eADXu8DfOAUEDw4vU8qy
58,"Mask Off",Future,7577530,https://open.spotify.com/track/3rOSwuTsUlJp0Pu0MkN8r8
59,"SUBEME LA RADIO","Enrique Iglesias",7525711,https://open.spotify.com/track/7nKBxz47S9SD79N086fuhn
60,"It Ain't Me (with Selena Gomez)",Kygo,7352062,https://open.spotify.com/track/3eR23VReFzcdmS7TYCrhCe
61,"Feel It Still","Portugal. The Man",7280913,https://open.spotify.com/track/6QgjcU0zLnzq5OrUoSZ3OK
62,"Galway Girl","Ed Sheeran",7109808,https://open.spotify.com/track/0afhq8XCExXpqazXczTSve
63,"Most Girls","Hailee Steinfeld",6914296,https://open.spotify.com/track/2mfUa8bLs2s5N4VaqJZ4lZ
64,"Bodak Yellow","Cardi B",6909667,https://open.spotify.com/track/2771LMNxwf62FTAdpJMQfM
65,"OK - Spotify Version","Robin Schulz",6815261,https://open.spotify.com/track/3bWAqKDWg6u1davspr5IkS
66,"Hey DJ",CNCO,6756021,https://open.spotify.com/track/209gZgcfLq2aUuu51vOWBl
67,"What About Us",P!nk,6742242,https://open.spotify.com/track/31MkGwj0SWgZaTvEt5Hgxv
68,goosebumps,"Travis Scott",6550742,https://open.spotify.com/track/6gBFPUFcJLzWGx4lenP6h2
69,"Would You Ever",Skrillex,6513582,https://open.spotify.com/track/57p8CBvPOxrvyCbn6ttl5r
70,1-800-273-8255,Logic,6492204,https://open.spotify.com/track/5tz69p7tJuGPeMGwNTxYuV
71,DNA.,"Kendrick Lamar",6446275,https://open.spotify.com/track/6HZILIRieu8S0iqY8kIKhj
72,"Say You Won't Let Go","James Arthur",6251604,https://open.spotify.com/track/5uCax9HTNlzGybIStD3vDh
73,"Get Low (with Liam Payne)",Zedd,6193184,https://open.spotify.com/track/1CKd1PnqfYx0H12V9MSaIY
74,"Tu Foto",Ozuna,6162757,https://open.spotify.com/track/0Szp49tpFasIjX04Mcsydp
75,Magnolia,"Playboi Carti",6038468,https://open.spotify.com/track/1e1JKLEDKP7hEQzJfNAgPl
76,Closer,"The Chainsmokers",5925118,https://open.spotify.com/track/7BKLCZ1jbUBVqRi2FVlTVw
77,"Love Galore (feat. Travis Scott)",SZA,5910248,https://open.spotify.com/track/0q75NwOoFiARAVp4EXU4Bs
78,Malibu,"Miley Cyrus",5909989,https://open.spotify.com/track/2habSXqcJGExM6JJyskY7O
79,Passionfruit,Drake,5825417,https://open.spotify.com/track/7hDc8b7IXETo14hHIHdnhd
80,"Slippery (feat. Gucci Mane)",Migos,5813622,https://open.spotify.com/track/6p8NuHm8uCGnn2Dtbtf7zE
81,Mayores,"Becky G",5760081,https://open.spotify.com/track/7JNh1cfm0eXjqFVOzKLyau
82,"LOYALTY. FEAT. RIHANNA.","Kendrick Lamar",5727692,https://open.spotify.com/track/6SwRhMLwNqEi6alNPVG00n
83,"La Rompe Corazones","Daddy Yankee",5632685,https://open.spotify.com/track/4okba5wu9mMLXx79DXLKi3
84,Down,"Fifth Harmony",5578204,https://open.spotify.com/track/7LEydI5NfjY6mZfKwYIptZ
85,Issues,"Julia Michaels",5556185,https://open.spotify.com/track/0xG0SHshCStMEyNbNC5d4k
86,"Me Enamoré",Shakira,5451369,https://open.spotify.com/track/4qknM1pQz53QOyfDVTjcM9
87,"Body Like A Back Road","Sam Hunt",5423242,https://open.spotify.com/track/7mldq42yDuxiUNn08nvzHO
88,"First Time",Kygo,5420203,https://open.spotify.com/track/2Gl0FzuLxflY6nPifJp5Dr
89,"Now Or Never",Halsey,5412000,https://open.spotify.com/track/7i2DJ88J7jQ8K7zqFX2fW8
90,"Robarte un Beso","Carlos Vives",5227529,https://open.spotify.com/track/4z3GJkrtH97Bj6fRta983T
91,"Came Here for Love",Sigala,5172971,https://open.spotify.com/track/3kGfazcbVvVkuZunzlLgTD
92,"Rockabye (feat. Sean Paul & Anne-Marie)","Clean Bandit",5108457,https://open.spotify.com/track/5knuzwU65gJK7IF5yJsuaW
93,Starboy,"The Weeknd",5083181,https://open.spotify.com/track/5aAx2yezTd8zXrkmtKl66Z
94,"Krippy Kush",Farruko,5056734,https://open.spotify.com/track/3rgjBiAMVGnxmsTDmUy8vb
95,"El Amante","Nicky Jam",5043734,https://open.spotify.com/track/3umS4y3uQDkqekNjVpiRUs
96,"I Don’t Wanna Live Forever (Fifty Shades Darker) - From ""Fifty Shades Darker (Original Motion Picture Soundtrack)""",ZAYN,5040388,https://open.spotify.com/track/3NdDpSvN911VPGivFlV5d0
97,OMG,"Camila Cabello",5025602,https://open.spotify.com/track/4xBjsLUSjcx2h7PcRikpQp
98,Perfect,"Ed Sheeran",5019158,https://open.spotify.com/track/0tgVpDi06FyKpA1z0VMD4v
99,"Summer Air",ItaloBrothers,4899974,https://open.spotify.com/track/3GPI7hYiqD6enLRobhkBm8
100,"I Feel It Coming","The Weeknd",4898507,https://open.spotify.com/track/5GXAXm5YOmYT0kL5jHvYBt
101,"Sigo Extrañándote","J Balvin",4885599,https://open.spotify.com/track/6qDF4wWL49CAVbgT7yuHl8
102,"One Dance",Drake,4882298,https://open.spotify.com/track/1xznGGDReH1oQq0xzbwXa3
103,"Solo Dance","Martin Jensen",4842527,https://open.spotify.com/track/6HUnnBwYZqcED1eQztxMBN
104,"Scared to Be Lonely","Martin Garrix",4836491,https://open.spotify.com/track/3ebXMykcMXOcLeJ9xZ17XH
105,"Perplexing Pegasus","Rae Sremmurd",4831039,https://open.spotify.com/track/2nYwV62UABTH0NanrwVIdQ
106,"Sign of the Times","Harry Styles",4798926,https://open.spotify.com/track/5Ohxk2dO5COHF1krpoPigN
107,"Sua cara (feat. Anitta & Pabllo Vittar)","Major Lazer",4772179,https://open.spotify.com/track/3ibRxEv4KkcU9e259eyNJA
108,"Castle on the Hill","Ed Sheeran",4762481,https://open.spotify.com/track/6PCUP3dWmTjcTtXY02oFdT
109,"Rollin (feat. Future & Khalid)","Calvin Harris",4735827,https://open.spotify.com/track/0lMbuWUpfTWhEmOKxppEau
110,"LOVE. FEAT. ZACARI.","Kendrick Lamar",4725345,https://open.spotify.com/track/6PGoSes0D9eUDeeAafB2As
111,Photograph,"Ed Sheeran",4670086,https://open.spotify.com/track/6fxVffaTuwjgEk5h9QyRjy
112,"It's A Vibe","2 Chainz",4648489,https://open.spotify.com/track/6H0AwSQ20mo62jGlPGB8S6
113,"Otra vez (feat. J Balvin)","Zion & Lennox",4628774,https://open.spotify.com/track/3QwBODjSEzelZyVjxPOHdq
114,"Sola (Remix) [feat. Daddy Yankee, Wisin, Farruko, Zion & Lennox]","Anuel AA",4561740,https://open.spotify.com/track/5q2JbCNi4FcnglgPfxcV65
115,"Hey Ma (with Pitbull & J Balvin feat. Camila Cabello) - Spanish Version",Pitbull,4511304,https://open.spotify.com/track/2Vdub5mY4lad7w64bFPUez
116,Báilame,Nacho,4503968,https://open.spotify.com/track/7lRsNbdOGykkMAgsqs4R1C
117,"Chantaje (feat. Maluma)",Shakira,4454522,https://open.spotify.com/track/6mICuAdrwEjh6Y6lroV2Kg
118,"Bella y Sensual","Romeo Santos",4448449,https://open.spotify.com/track/0ERbK7qVqveCaBWIiYCrl3
119,"iSpy (feat. Lil Yachty)",KYLE,4370038,https://open.spotify.com/track/2EEeOnHehOozLq4aS0n6SL
120,"Marmalade (feat. Lil Yachty)",Macklemore,4355327,https://open.spotify.com/track/0RYXEibxMami3QuT8kn4Iz
121,"Instruction (feat. Demi Lovato & Stefflon Don)","Jax Jones",4345044,https://open.spotify.com/track/0XfOi87h82i09rQjWYG0Bm
122,"Si Tú La Ves (feat. Wisin)","Nicky Jam",4282995,https://open.spotify.com/track/4yN6xPLopmTLvc27pO9LIE
123,Paris,"The Chainsmokers",4275144,https://open.spotify.com/track/72jbDTw1piOOj770jWNeaG
124,"All My Love (feat. Conor Maynard)","Cash Cash",4273200,https://open.spotify.com/track/1839RWzPRZCVgvamu4sHSN
125,"Super Far",LANY,4203755,https://open.spotify.com/track/74ODGXs4byLTRdnKGM4s6E
126,"Let Me Love You","DJ Snake",4125639,https://open.spotify.com/track/4pdPtRcBmOSQDlJ3Fk945m
127,"Don't Let Me Down","The Chainsmokers",4110733,https://open.spotify.com/track/0QsvXIfqM0zZoerQfsI9lm
128,"Rake It Up","Yo Gotti",4087575,https://open.spotify.com/track/6c7D34787LOtPm8tzhsLgH
129,"Drowning (feat. Kodak Black)","A Boogie Wit da Hoodie",4076373,https://open.spotify.com/track/6Q2FftbUG530lCtBI74bMH
130,"We Don't Talk Anymore","Charlie Puth",4071865,https://open.spotify.com/track/68EMU2RD1ECNeOeJ5qAXCV
131,"Reggaetón Lento (Bailemos)",CNCO,4049398,https://open.spotify.com/track/3AEZUABDXNtecAOSC1qTfo
132,"4 AM","2 Chainz",4009192,https://open.spotify.com/track/1nX9KhK3Fff27SnrIor2Yb
133,"Me Llamas (feat. Maluma) - Remix","Piso 21",4008411,https://open.spotify.com/track/5hEM0JchdVzQ5PwvSfITeX
134,"Complicated (feat. Kiiara)","Dimitri Vegas & Like Mike",3977360,https://open.spotify.com/track/1Sl3njkhhz8nrSPZroDQ82
135,"Bad and Boujee (feat. Lil Uzi Vert)",Migos,3963637,https://open.spotify.com/track/4Km5HrUvYTaSUfiSGPJeQR
136,Besándote,"Piso 21",3962681,https://open.spotify.com/track/13X0XdLMOdtbXVtAj2ox4h
137,"24K Magic","Bruno Mars",3955101,https://open.spotify.com/track/6b8Be6ljOzmkOmFslEb23P
138,"Two High","Moon Taxi",3937923,https://open.spotify.com/track/3sJHkcxojoJD2Ytbo1yLLF
139,"Treat You Better","Shawn Mendes",3913865,https://open.spotify.com/track/4Hf7WnR761jpxPr5D46Bcd
140,"Thinking out Loud","Ed Sheeran",3900703,https://open.spotify.com/track/1Slwb6dOYkBlWal1PGtnNg
141,"Swish Swish","Katy Perry",3881684,https://open.spotify.com/track/2kVHAQKVtczchKctctzbtK
142,"In the End","Linkin Park",3846196,https://open.spotify.com/track/60a0Rd6pjrkxjPbaKzXjfq
143,Starving,"Hailee Steinfeld",3813845,https://open.spotify.com/track/1qOLh0tI7trd1zdDKxYZTe
144,Tuesday,"Burak Yeter",3763717,https://open.spotify.com/track/7abpmGpF7PGep2rDU68GBR
145,"CAN'T STOP THE FEELING! (Original Song from DreamWorks Animation's ""TROLLS"")","Justin Timberlake",3760045,https://open.spotify.com/track/6JV2JOEocMgcZxYSZelKcc
146,"Call On Me - Ryan Riback Extended Remix",Starley,3714084,https://open.spotify.com/track/78rIJddV4X0HkNAInEcYde
147,"You Don't Know Me - Radio Edit","Jax Jones",3682769,https://open.spotify.com/track/00lNx0OcTJrS3MKHcB80HY
148,"do re mi (feat. Gucci Mane)",blackbear,3678967,https://open.spotify.com/track/53mrVsi49rLHIaKBiSvElG
149,"You Be Love (feat. Billy Raffoul)",Avicii,3655614,https://open.spotify.com/track/12ip0ceCeszDTDFxDY1AXJ
150,Why,"Sabrina Carpenter",3634910,https://open.spotify.com/track/2jYmK1cb3Uya6FFsocdpzO
151,"No Complaints","Metro Boomin",3590556,https://open.spotify.com/track/6kig1UFggPUyZBCvXD3Wod
152,"In the Name of Love","Martin Garrix",3585616,https://open.spotify.com/track/04DwTuZ2VBdJCCC5TROn7L
153,"Side To Side","Ariana Grande",3584006,https://open.spotify.com/track/4pLwZjInHj3SimIyN9SnOz
154,Angel,"Fifth Harmony",3580700,https://open.spotify.com/track/09KlDlkOYuC5x6hOaM7vaP
155,"Bounce Back","Big Sean",3566517,https://open.spotify.com/track/0SGkqnVQo9KPytSri1H6cF
156,"Loco Enamorado","Abraham Mateo",3548436,https://open.spotify.com/track/4N1c5rmWOzRmB9SMacr5wB
157,"Fake Love",Drake,3510063,https://open.spotify.com/track/343YBumqHu19cGoGARUTsd
158,"Love Yourself","Justin Bieber",3441241,https://open.spotify.com/track/3hB5DgAiMAQ4DzYbsMq1IT
159,"I Took A Pill In Ibiza - Seeb Remix","Mike Posner",3409242,https://open.spotify.com/track/17Fd6Yb7mSbinKG8LoWfFl
160,"Cold Water (feat. Justin Bieber & MØ)","Major Lazer",3398100,https://open.spotify.com/track/6DNtNfH8hXkqOX1sjqmI7p
161,Happier,"Ed Sheeran",3389936,https://open.spotify.com/track/2RttW7RAu5nOAfq6YFvApB
162,"do re mi",blackbear,3388377,https://open.spotify.com/track/3Q3myFA7q4Op95DOpHplaY
163,"Friend Of Mine (feat. Vargas & Lagola)",Avicii,3382486,https://open.spotify.com/track/5WEqjIUHkwZ5h3DSE7F9bM
164,"The Cure","Lady Gaga",3335323,https://open.spotify.com/track/51PIvodunv6NmX5250zxAh
165,Swang,"Rae Sremmurd",3326201,https://open.spotify.com/track/6mapJIPnQ23RTAevUoE0DL
166,"Look At Me!",XXXTENTACION,3319997,https://open.spotify.com/track/4ARPvK8DHLwt4oX65ZAFMw
167,Faded,"Alan Walker",3300773,https://open.spotify.com/track/7gHs73wELdeycvS48JfIos
168,"Lose Yourself - From ""8 Mile"" Soundtrack",Eminem,3295888,https://open.spotify.com/track/5Z01UMMf7V1o0MzF86s6WJ
169,Portland,Drake,3287561,https://open.spotify.com/track/2bjwRfXMk4uRgOD9IBYl9h
170,"Sun Comes Up (feat. James Arthur)",Rudimental,3282362,https://open.spotify.com/track/6SUocL0caib4mLHe8ZrZzi
171,Hunter,Galantis,3279296,https://open.spotify.com/track/3caMfJGFp53NAH2TuigdNj
172,"Ahora Me Llama","KAROL G",3270520,https://open.spotify.com/track/61HHDBLqF3AmSvLfHKNGd2
173,Mercy,"Shawn Mendes",3261242,https://open.spotify.com/track/4TZy1wLyHec06pwgFYDh1a
174,Numb,"Linkin Park",3255099,https://open.spotify.com/track/2nLtzopw4rPReszdYBJU6h
175,Tired,"Alan Walker",3231897,https://open.spotify.com/track/3b5Li4QKDVBx1x7fQuu54a
176,Boys,"Charli XCX",3227623,https://open.spotify.com/track/5o4yGlG0PfeVUa6ClIyOxq
177,"White Iverson","Post Malone",3225576,https://open.spotify.com/track/6eT7xZZlB2mwyzJ2sUKG6w
178,"Alguien Robo","Sebastian Yatra",3191825,https://open.spotify.com/track/5i50gKdLAjjIr7UxRT5IVy
179,"The Night We Met","Lord Huron",3171224,https://open.spotify.com/track/6mORGLOz79w6VsCRLWYYuK
180,Heathens,"Twenty One Pilots",3168570,https://open.spotify.com/track/6i0V12jOa3mr6uu4WYhUBr
181,"Cheap Thrills",Sia,3157216,https://open.spotify.com/track/27SdWb2rFzO6GWiYDBTD9j
182,"No Vacancy",OneRepublic,3153289,https://open.spotify.com/track/6XOYVSmNDjKUNMXooU4s4z
183,"Heavy (feat. Kiiara)","Linkin Park",3132803,https://open.spotify.com/track/104buTcnP2AsxqB7U1FIZ4
184,"El Farsante","DJ Jonathan",3127801,https://open.spotify.com/track/66gNNRsKkmECPQUrvpMQtS
185,Imitadora,"Romeo Santos",3126875,https://open.spotify.com/track/6r46lnXFbE9fr2d3KNaGbe
186,"The Scientist",Coldplay,3125869,https://open.spotify.com/track/75JFxkI2RXiU7L9VXzMkle
187,"Go Flex","Post Malone",3123868,https://open.spotify.com/track/5yuShbu70mtHXY0yLzCQLQ
188,"Bebe (feat. Anuel AA)",Ozuna,3110765,https://open.spotify.com/track/6SIrNxmmdbv1KUbFBu1PaN
189,"One Last Time","Ariana Grande",3110394,https://open.spotify.com/track/7bJwvubZZaoGE1AGEfu8Fi
190,"Reminder - Remix","The Weeknd",3110159,https://open.spotify.com/track/7F1LWA9sIlTorHUo4amGqk
191,"Ni Tú Ni Yo (feat. Gente de Zona)","Jennifer Lopez",3108424,https://open.spotify.com/track/5xMzazov0IHYllrc8U2K6F
192,"Hear Me Now",Alok,3098245,https://open.spotify.com/track/1a5Yu5L18qNxVhXx38njON
193,T-Shirt,Migos,3093401,https://open.spotify.com/track/7KOlJ92bu51cltsD9KU5I7
194,"Tunnel Vision","Kodak Black",3073567,https://open.spotify.com/track/4Q3N4Ct4zCuIHuZ65E3BD4
195,"Be Mine",Ofenbach,3056128,https://open.spotify.com/track/2KklXplRtxMsBYo474Es0w
196,"Stressed Out","Twenty One Pilots",3032183,https://open.spotify.com/track/3CRDbSIZ4r5MsZ0YwxuEkn
197,"What Would I Change It To (feat. AlunaGeorge)",Avicii,3025532,https://open.spotify.com/track/6mzTuMlbCgEtoCitsszlqP
198,"'Till I Collapse",Eminem,3009137,https://open.spotify.com/track/6yr8GiTHWvFfi4o6Q5ebdT
199,"Mr. Brightside","The Killers",3004679,https://open.spotify.com/track/7oK9VyNzrYvRFo7nQEYkWN
200,Cold,"Maroon 5",3004045,https://open.spotify.com/track/5NNlUMcOEOdoOIwwaWXv0k
