,,,"Note that these figures are generated using a formula that protects against any artificial inflation of chart positions.",
Position,"Track Name",Artist,Streams,URL
1,"Despacito - Remix","Luis Fonsi",50575073,https://open.spotify.com/track/5CtI0qwDJkDQGwXD1H1cLb
2,"I'm the One (feat. Justin Bieber, Quavo, Chance the Rapper & Lil Wayne)","DJ Khaled",40600772,https://open.spotify.com/track/3DXncPQOG4VBw3QHh3S817
3,"Shape of You","Ed Sheeran",34711265,https://open.spotify.com/track/7qiZfU4dY1lWllzX7mPBI3
4,HUMBLE.,"Kendrick Lamar",30966107,https://open.spotify.com/track/7KXjTSCq5nL1LoYtL7XAwS
5,"Something Just Like This","The Chainsmokers",23738140,https://open.spotify.com/track/6RUKPb4LETWmmr3iAEQktW
6,"Mask Off",Future,22981683,https://open.spotify.com/track/3rOSwuTsUlJp0Pu0MkN8r8
7,"It Ain't Me (with Selena Gomez)",Kygo,22528403,https://open.spotify.com/track/3eR23VReFzcdmS7TYCrhCe
8,"Stay (with Alessia Cara)",Zedd,21683466,https://open.spotify.com/track/0dA2Mk56wEzDgegdC6R17g
9,"That's What I Like","Bruno Mars",21286479,https://open.spotify.com/track/0KKkJNfGyhkQ5aFogxQAPU
10,"Despacito (Featuring Daddy Yankee)","Luis Fonsi",20938203,https://open.spotify.com/track/4aWmUDTfIPGksMNLV2rQP2
11,"Symphony (feat. Zara Larsson)","Clean Bandit",20311389,https://open.spotify.com/track/1x5sYLZiu9r5E43kMlt9f8
12,"Swalla (feat. Nicki Minaj & Ty Dolla $ign)","Jason Derulo",20113277,https://open.spotify.com/track/6kex4EBAj0WHXDKZMEJaaF
13,Passionfruit,Drake,19591088,https://open.spotify.com/track/7hDc8b7IXETo14hHIHdnhd
14,"There's Nothing Holdin' Me Back","Shawn Mendes",18879234,https://open.spotify.com/track/79cuOz3SPQTuFrp8WgftAu
15,DNA.,"Kendrick Lamar",16769513,https://open.spotify.com/track/6HZILIRieu8S0iqY8kIKhj
16,"XO TOUR Llif3","Lil Uzi Vert",16396465,https://open.spotify.com/track/2eMwDehkIC1j68U6FA3Eiq
17,"Felices los 4",Maluma,16145777,https://open.spotify.com/track/0qYTZCo5Bwh1nsUFGZP3zn
18,"Slide (feat. Frank Ocean & Migos)","Calvin Harris",15720630,https://open.spotify.com/track/7tr2za8SQg2CI8EDgrdtNl
19,"First Time",Kygo,15430164,https://open.spotify.com/track/2Gl0FzuLxflY6nPifJp5Dr
20,Unforgettable,"French Montana",15359582,https://open.spotify.com/track/1F2HXIJrE2Xn81OzT2zZvW
21,Attention,"Charlie Puth",15352909,https://open.spotify.com/track/4iLqG9SeJSnt0cSPICSjxv
22,"Scared to Be Lonely","Martin Garrix",15226258,https://open.spotify.com/track/3ebXMykcMXOcLeJ9xZ17XH
23,"Galway Girl","Ed Sheeran",15203521,https://open.spotify.com/track/0afhq8XCExXpqazXczTSve
24,Issues,"Julia Michaels",15124894,https://open.spotify.com/track/1sXUWdKx03aP9Gmzft58rt
25,"iSpy (feat. Lil Yachty)",KYLE,13642449,https://open.spotify.com/track/2EEeOnHehOozLq4aS0n6SL
26,"Sign of the Times","Harry Styles",13529581,https://open.spotify.com/track/5Ohxk2dO5COHF1krpoPigN
27,1-800-273-8255,Logic,13161966,https://open.spotify.com/track/5tz69p7tJuGPeMGwNTxYuV
28,"SUBEME LA RADIO","Enrique Iglesias",12549332,https://open.spotify.com/track/7nKBxz47S9SD79N086fuhn
29,"Me Rehúso","Danny Ocean",12392193,https://open.spotify.com/track/6De0lHrwBfPfrhorm9q1Xl
30,"Good Life (with G-Eazy & Kehlani)",G-Eazy,12311655,https://open.spotify.com/track/1Eck97uRMlprKOOJN9oO1E
31,Paris,"The Chainsmokers",12122060,https://open.spotify.com/track/72jbDTw1piOOj770jWNeaG
32,Congratulations,"Post Malone",11673246,https://open.spotify.com/track/3a1lNhkSLSkpJE4MSHpDu9
33,"The Cure","Lady Gaga",11599705,https://open.spotify.com/track/51PIvodunv6NmX5250zxAh
34,"No Promises (feat. Demi Lovato)","Cheat Codes",11518340,https://open.spotify.com/track/1louJpMmzEicAn7lzDalPW
35,"Call On Me - Ryan Riback Extended Remix",Starley,11145408,https://open.spotify.com/track/78rIJddV4X0HkNAInEcYde
36,Cold,"Maroon 5",11129356,https://open.spotify.com/track/5NNlUMcOEOdoOIwwaWXv0k
37,Believer,"Imagine Dragons",10960453,https://open.spotify.com/track/0CcQNd8CINkwQfe1RDtGV6
38,"Rockabye (feat. Sean Paul & Anne-Marie)","Clean Bandit",10949509,https://open.spotify.com/track/5knuzwU65gJK7IF5yJsuaW
39,"Now Or Never",Halsey,10790981,https://open.spotify.com/track/0Nhu3zSYbEz32IYiobV75e
40,"I Don’t Wanna Live Forever (Fifty Shades Darker) - From ""Fifty Shades Darker (Original Motion Picture Soundtrack)""",ZAYN,10656825,https://open.spotify.com/track/3NdDpSvN911VPGivFlV5d0
41,Location,Khalid,10641099,https://open.spotify.com/track/152lZdxL1OR0ZMW6KquMif
42,"Pretty Girl - Cheat Codes X CADE Remix","Maggie Lindemann",10531725,https://open.spotify.com/track/1NDxZ7cFAo481dtYWdrUnR
43,"You Don't Know Me - Radio Edit","Jax Jones",10427124,https://open.spotify.com/track/00lNx0OcTJrS3MKHcB80HY
44,"LOVE. FEAT. ZACARI.","Kendrick Lamar",10283437,https://open.spotify.com/track/6PGoSes0D9eUDeeAafB2As
45,"I Feel It Coming","The Weeknd",10152381,https://open.spotify.com/track/5GXAXm5YOmYT0kL5jHvYBt
46,"LOYALTY. FEAT. RIHANNA.","Kendrick Lamar",10085995,https://open.spotify.com/track/6SwRhMLwNqEi6alNPVG00n
47,"Solo Dance","Martin Jensen",9714174,https://open.spotify.com/track/6HUnnBwYZqcED1eQztxMBN
48,"El Amante","Nicky Jam",9535964,https://open.spotify.com/track/3umS4y3uQDkqekNjVpiRUs
49,"Say You Won't Let Go","James Arthur",9506164,https://open.spotify.com/track/5uCax9HTNlzGybIStD3vDh
50,"Slow Hands","Niall Horan",9348980,https://open.spotify.com/track/167NczpNbRF7oWakJaY3Hh
51,ELEMENT.,"Kendrick Lamar",9077723,https://open.spotify.com/track/1EaKU4dMbesXXd3BrLCtYG
52,Portland,Drake,8754693,https://open.spotify.com/track/2bjwRfXMk4uRgOD9IBYl9h
53,Thunder,"Imagine Dragons",8739631,https://open.spotify.com/track/0tKcYR2II1VCQWT79i5NrW
54,Closer,"The Chainsmokers",8509927,https://open.spotify.com/track/7BKLCZ1jbUBVqRi2FVlTVw
55,"The Night We Met","Lord Huron",8377163,https://open.spotify.com/track/6mORGLOz79w6VsCRLWYYuK
56,"Castle on the Hill","Ed Sheeran",8222834,https://open.spotify.com/track/6PCUP3dWmTjcTtXY02oFdT
57,"Escápate Conmigo",Wisin,8121534,https://open.spotify.com/track/2cnKEkpVUSV4wnjQiTWfH6
58,"Tunnel Vision","Kodak Black",7969539,https://open.spotify.com/track/4Q3N4Ct4zCuIHuZ65E3BD4
59,"Ahora Dice","Chris Jeday",7813900,https://open.spotify.com/track/22eADXu8DfOAUEDw4vU8qy
60,"Still Got Time",ZAYN,7803316,https://open.spotify.com/track/000xQL6tZNLJzIrtIgxqSl
61,"Chantaje (feat. Maluma)",Shakira,7752993,https://open.spotify.com/track/6mICuAdrwEjh6Y6lroV2Kg
62,Tuesday,"Burak Yeter",7736141,https://open.spotify.com/track/7abpmGpF7PGep2rDU68GBR
63,Starboy,"The Weeknd",7710529,https://open.spotify.com/track/5aAx2yezTd8zXrkmtKl66Z
64,"Hey Ma (with Pitbull & J Balvin feat. Camila Cabello) - Spanish Version",Pitbull,7599826,https://open.spotify.com/track/2Vdub5mY4lad7w64bFPUez
65,"Chained To The Rhythm","Katy Perry",7338492,https://open.spotify.com/track/6520aj0B4FSKGVuKNsOCOi
66,"Run Up (feat. PARTYNEXTDOOR & Nicki Minaj)","Major Lazer",7098483,https://open.spotify.com/track/0fg8CqpjdojMyXLNzM2PaJ
67,"Selfish (feat. Rihanna)",Future,7091034,https://open.spotify.com/track/2Ce5IyMlVRVvN997ZJjJJA
68,goosebumps,"Travis Scott",7011495,https://open.spotify.com/track/6gBFPUFcJLzWGx4lenP6h2
69,Perfect,"Ed Sheeran",6985558,https://open.spotify.com/track/0tgVpDi06FyKpA1z0VMD4v
70,"Bad and Boujee (feat. Lil Uzi Vert)",Migos,6950265,https://open.spotify.com/track/4Km5HrUvYTaSUfiSGPJeQR
71,"Bon appétit","Katy Perry",6904397,https://open.spotify.com/track/61WbtB6ujkpNAsAf5LjF4b
72,"One Dance",Drake,6834975,https://open.spotify.com/track/1xznGGDReH1oQq0xzbwXa3
73,"The One","The Chainsmokers",6779131,https://open.spotify.com/track/0wfbD5rAksdXUzRvMfM3x5
74,"Sigo Extrañándote","J Balvin",6750612,https://open.spotify.com/track/6qDF4wWL49CAVbgT7yuHl8
75,"Green Light",Lorde,6649212,https://open.spotify.com/track/0gbBzIqrECJOEPvQJIBFs5
76,"Fake Love",Drake,6539456,https://open.spotify.com/track/343YBumqHu19cGoGARUTsd
77,Touch,"Little Mix",6510173,https://open.spotify.com/track/5Ua3GXyHwiSfpNTMjq6m2z
78,"September Song","JP Cooper",6444094,https://open.spotify.com/track/0FuTx2s3YH1ppmtiM6l0zI
79,"Bounce Back","Big Sean",6385650,https://open.spotify.com/track/0SGkqnVQo9KPytSri1H6cF
80,"Let Me Love You","DJ Snake",6216219,https://open.spotify.com/track/4pdPtRcBmOSQDlJ3Fk945m
81,"Otra vez (feat. J Balvin)","Zion & Lennox",6125930,https://open.spotify.com/track/3QwBODjSEzelZyVjxPOHdq
82,"Body Like A Back Road","Sam Hunt",6062070,https://open.spotify.com/track/7mldq42yDuxiUNn08nvzHO
83,Everybody,Logic,6054549,https://open.spotify.com/track/7cGFbx7MP0H23iHZTZpqMM
84,Weak,AJR,6009906,https://open.spotify.com/track/3E2Zh20GDCR9B1EYjfXWyv
85,"do re mi",blackbear,5935246,https://open.spotify.com/track/3Q3myFA7q4Op95DOpHplaY
86,"La Rompe Corazones","Daddy Yankee",5907569,https://open.spotify.com/track/4okba5wu9mMLXx79DXLKi3
87,T-Shirt,Migos,5881109,https://open.spotify.com/track/7KOlJ92bu51cltsD9KU5I7
88,"24K Magic","Bruno Mars",5864943,https://open.spotify.com/track/6b8Be6ljOzmkOmFslEb23P
89,"Most Girls","Hailee Steinfeld",5798961,https://open.spotify.com/track/2mfUa8bLs2s5N4VaqJZ4lZ
90,Happier,"Ed Sheeran",5702071,https://open.spotify.com/track/2RttW7RAu5nOAfq6YFvApB
91,Starving,"Hailee Steinfeld",5692631,https://open.spotify.com/track/1qOLh0tI7trd1zdDKxYZTe
92,"Look At Me!",XXXTENTACION,5577830,https://open.spotify.com/track/4ARPvK8DHLwt4oX65ZAFMw
93,"How Far I'll Go - From ""Moana""","Alessia Cara",5499802,https://open.spotify.com/track/5hYTyyh2odQKphUbMqc5gN
94,"Sola (Remix) [feat. Daddy Yankee, Wisin, Farruko, Zion & Lennox]","Anuel AA",5487737,https://open.spotify.com/track/5q2JbCNi4FcnglgPfxcV65
95,"Reggaetón Lento (Bailemos)",CNCO,5486835,https://open.spotify.com/track/3AEZUABDXNtecAOSC1qTfo
96,"Hey DJ",CNCO,5436613,https://open.spotify.com/track/209gZgcfLq2aUuu51vOWBl
97,Gyalchester,Drake,5411464,https://open.spotify.com/track/6UjfByV1lDLW0SOVQA4NAi
98,"Sweet Creature","Harry Styles",5389432,https://open.spotify.com/track/5kRPPEWFJIMox5qIkQkiz5
99,"Drowning (feat. Kodak Black)","A Boogie Wit da Hoodie",5364865,https://open.spotify.com/track/6Q2FftbUG530lCtBI74bMH
100,Redbone,"Childish Gambino",5260296,https://open.spotify.com/track/3kxfsdsCpFgN412fpnW85Y
101,"Ciao Adios",Anne-Marie,5218968,https://open.spotify.com/track/3EfugazgSddQvzZpkof5I4
102,"Whippin (feat. Felix Snow)",Kiiara,5102046,https://open.spotify.com/track/3QWjljChcOMkRDYSzF33Qr
103,"Don't Let Me Down","The Chainsmokers",5100970,https://open.spotify.com/track/0QsvXIfqM0zZoerQfsI9lm
104,"Hear Me Now",Alok,5086402,https://open.spotify.com/track/1a5Yu5L18qNxVhXx38njON
105,"Slippery (feat. Gucci Mane)",Migos,5080584,https://open.spotify.com/track/6p8NuHm8uCGnn2Dtbtf7zE
106,Swang,"Rae Sremmurd",5061721,https://open.spotify.com/track/6mapJIPnQ23RTAevUoE0DL
107,"XXX. FEAT. U2.","Kendrick Lamar",5048621,https://open.spotify.com/track/4iYRa2btalAzPZoSYfROqF
108,"Me Llamas (feat. Maluma) - Remix","Piso 21",4948672,https://open.spotify.com/track/5hEM0JchdVzQ5PwvSfITeX
109,"Don't Wanna Know","Maroon 5",4925764,https://open.spotify.com/track/5MFzQMkrl1FOOng9tq6R9r
110,"Me Enamoré",Shakira,4736085,https://open.spotify.com/track/4qknM1pQz53QOyfDVTjcM9
111,"CAN'T STOP THE FEELING! (Original Song from DreamWorks Animation's ""TROLLS"")","Justin Timberlake",4628414,https://open.spotify.com/track/6JV2JOEocMgcZxYSZelKcc
112,"In the Name of Love","Martin Garrix",4627375,https://open.spotify.com/track/04DwTuZ2VBdJCCC5TROn7L
113,"Quit (feat. Ariana Grande)","Cashmere Cat",4607701,https://open.spotify.com/track/4Q5yMlwAfAoitqg4r9oZHN
114,"All Time Low","Jon Bellion",4587482,https://open.spotify.com/track/1CnPYaKxTVb4LWOtiGOm0m
115,"I Took A Pill In Ibiza - Seeb Remix","Mike Posner",4582219,https://open.spotify.com/track/17Fd6Yb7mSbinKG8LoWfFl
116,YAH.,"Kendrick Lamar",4553903,https://open.spotify.com/track/4BHSjbYylfOH5WAGusDyni
117,Dive,"Ed Sheeran",4543868,https://open.spotify.com/track/51ChrwmUPDJvedPQnIU8Ls
118,"Tu Foto",Ozuna,4513961,https://open.spotify.com/track/0Szp49tpFasIjX04Mcsydp
119,"Cold Water (feat. Justin Bieber & MØ)","Major Lazer",4494343,https://open.spotify.com/track/6DNtNfH8hXkqOX1sjqmI7p
120,"Treat You Better","Shawn Mendes",4492398,https://open.spotify.com/track/4Hf7WnR761jpxPr5D46Bcd
121,"Vente Pa' Ca","Ricky Martin",4468266,https://open.spotify.com/track/7DM4BPaS7uofFul3ywMe46
122,Rolex,"Ayo & Teo",4458187,https://open.spotify.com/track/0pSBuHjILhNEo55xK1zrRt
123,"Black SpiderMan",Logic,4438290,https://open.spotify.com/track/7BKUWh5sdtdS17crohRe4L
124,Photograph,"Ed Sheeran",4435128,https://open.spotify.com/track/6fxVffaTuwjgEk5h9QyRjy
125,"Side To Side","Ariana Grande",4421513,https://open.spotify.com/track/4pLwZjInHj3SimIyN9SnOz
126,"We Don't Talk Anymore","Charlie Puth",4260014,https://open.spotify.com/track/68EMU2RD1ECNeOeJ5qAXCV
127,PRIDE.,"Kendrick Lamar",4227991,https://open.spotify.com/track/6IZvVAP7VPPnsGX6bvgkqg
128,LUST.,"Kendrick Lamar",4198624,https://open.spotify.com/track/06FCvd7rrRcF3DdvWH5Isp
129,"Bad Bitch (feat. Ty Dolla $ign) - (feat. Ty Dolla $ign)","Bebe Rexha",4155854,https://open.spotify.com/track/4ZJPwET9Jrgpkqi4Vo3Yg8
130,"Lust for Life (with The Weeknd)","Lana Del Rey",4139845,https://open.spotify.com/track/5LYQSNHZxEA880URXFHg6h
131,Heathens,"Twenty One Pilots",4118629,https://open.spotify.com/track/6i0V12jOa3mr6uu4WYhUBr
132,"Hard Times",Paramore,4079429,https://open.spotify.com/track/0w5Bdu51Ka25Pf3hojsKHh
133,Safari,"J Balvin",4067329,https://open.spotify.com/track/6rQSrBHf7HlZjtcMZ4S4bO
134,Mercy,"Shawn Mendes",4057431,https://open.spotify.com/track/4TZy1wLyHec06pwgFYDh1a
135,FEEL.,"Kendrick Lamar",4023618,https://open.spotify.com/track/2LTlO3NuNVN70lp2ZbVswF
136,"All Night","The Vamps",4022990,https://open.spotify.com/track/1yNyoWWWikbLhwIGWjZuDW
137,"Obsession (feat. Jon Bellion)",Vice,4013751,https://open.spotify.com/track/5pvVAwQbuFoR7LkcicrKnk
138,"Alguien Robo","Sebastian Yatra",3994109,https://open.spotify.com/track/5i50gKdLAjjIr7UxRT5IVy
139,"Break Up Every Night","The Chainsmokers",3958669,https://open.spotify.com/track/6cPyTS0Kk2sc4xQwC93kOg
140,Human,"Rag'n'Bone Man",3955552,https://open.spotify.com/track/58zsLZPvfflaiIbNWoA22O
141,"Love On The Brain",Rihanna,3952088,https://open.spotify.com/track/2aksifNn5ph8igDOkPBA02
142,Skin,"Rag'n'Bone Man",3950253,https://open.spotify.com/track/6y2Kaz9QI01XBKJ8mTb7Pf
143,"Thinking out Loud","Ed Sheeran",3925038,https://open.spotify.com/track/1Slwb6dOYkBlWal1PGtnNg
144,"What Do I Know?","Ed Sheeran",3899479,https://open.spotify.com/track/2pJZ1v8HezrAoZ0Fhzby92
145,"Love Yourself","Justin Bieber",3883361,https://open.spotify.com/track/3hB5DgAiMAQ4DzYbsMq1IT
146,"Ay Mi Dios (feat. Pitbull, Yandel & Chacal)",IAmChino,3872727,https://open.spotify.com/track/6stYbAJgTszHAHZMPxWWCY
147,Faded,"Alan Walker",3869557,https://open.spotify.com/track/7gHs73wELdeycvS48JfIos
148,"Stressed Out","Twenty One Pilots",3820606,https://open.spotify.com/track/3CRDbSIZ4r5MsZ0YwxuEkn
149,"Just Hold On","Steve Aoki",3809942,https://open.spotify.com/track/3EmmCZoqpWOTY1g2GBwJoR
150,"Cheap Thrills",Sia,3807470,https://open.spotify.com/track/27SdWb2rFzO6GWiYDBTD9j
151,"At My Best (feat. Hailee Steinfeld)","Machine Gun Kelly",3803626,https://open.spotify.com/track/77lGafvlU68CeHgB2pkHC9
152,Vacaciones,Wisin,3799760,https://open.spotify.com/track/3dQDid3IUNhZy1OehIfYfE
153,Blem,Drake,3798004,https://open.spotify.com/track/2XlHu0HcujBCkWMdIAvrqt
154,"Work from Home (feat. Ty Dolla $ign)","Fifth Harmony",3795936,https://open.spotify.com/track/4tCtwWceOPWzenK2HAIJSb
155,"Te Quiero Pa´Mi","Don Omar",3755321,https://open.spotify.com/track/3BY2mafsbsoKGqS380Xnuz
156,"Killing Spree",Logic,3726948,https://open.spotify.com/track/6OQea06z3cbOqYgG2O6eOZ
157,"Broccoli (feat. Lil Yachty)",DRAM,3711890,https://open.spotify.com/track/7yyRTcZmCiyzzJlNzGC9Ol
158,"My Way","Calvin Harris",3682879,https://open.spotify.com/track/1vvNmPOiUuyCbgWmtc6yfm
159,"Black Beatles","Rae Sremmurd",3673841,https://open.spotify.com/track/6fujklziTHa8uoM5OQSfIo
160,Sorry,"Justin Bieber",3667910,https://open.spotify.com/track/69bp2EbF7Q2rqc5N3ylezZ
161,Confess,Logic,3651458,https://open.spotify.com/track/58kwvMXeOlsvzPqUlyj75Y
162,Mama,"Jonas Blue",3642233,https://open.spotify.com/track/4xlrALxuaCf9yZBHJeTSG6
163,TG4M,"Zara Larsson",3641477,https://open.spotify.com/track/4uoumbAMEMaKdtiv763jKz
164,"New Man","Ed Sheeran",3640674,https://open.spotify.com/track/5HDPtsnyb3maFmPL8LLUTG
165,Magnolia,"Playboi Carti",3618266,https://open.spotify.com/track/1e1JKLEDKP7hEQzJfNAgPl
166,Ride,"Twenty One Pilots",3580656,https://open.spotify.com/track/2Z8WuEywRWYTKe1NybPQEW
167,"Scars To Your Beautiful","Alessia Cara",3568492,https://open.spotify.com/track/0prNGof3XqfTvNDxHonvdK
168,Traicionera,"Sebastian Yatra",3567514,https://open.spotify.com/track/5J1c3M4EldCfNxXwrwt8mT
169,"Take It Back",Logic,3557778,https://open.spotify.com/track/6HN5XPJEV31RQJGoyqZ81K
170,"This Is What You Came For","Calvin Harris",3551298,https://open.spotify.com/track/0azC730Exh71aQlOt9Zj3y
171,"No More Sad Songs","Little Mix",3509205,https://open.spotify.com/track/5ZnJsoJGkQ5K15W7Rcr5JO
172,"Perfect Strangers","Jonas Blue",3505891,https://open.spotify.com/track/1CUVN2kn7mW5FjkqXTR2W1
173,wokeuplikethis*,"Playboi Carti",3481729,https://open.spotify.com/track/59J5nzL1KniFHnU120dQzt
174,"White Iverson","Post Malone",3455909,https://open.spotify.com/track/6eT7xZZlB2mwyzJ2sUKG6w
175,"Get Right Witcha",Migos,3414161,https://open.spotify.com/track/76Y0gxtTxN0FyDCYh5qYQj
176,"Si Tú La Ves (feat. Wisin)","Nicky Jam",3390721,https://open.spotify.com/track/4yN6xPLopmTLvc27pO9LIE
177,Lumbra,"Cali Y El Dandee",3388149,https://open.spotify.com/track/6VHdcVbiKLYYOcMbIqBcuK
178,America,Logic,3372475,https://open.spotify.com/track/77mLzdHEWRB60CLlV02TV2
179,GOD.,"Kendrick Lamar",3359012,https://open.spotify.com/track/5p3NP9mQblDsVJLdfNZJ3I
180,Panda,Desiigner,3337042,https://open.spotify.com/track/5OOkp4U9P9oL23maHFHL1h
181,Up,NAV,3319044,https://open.spotify.com/track/5qbcsZMwL0x46sX7VO37Ye
182,"Bad Things (with Camila Cabello)","Machine Gun Kelly",3295259,https://open.spotify.com/track/1PSBzsahR2AKwLJgx8ehBj
183,"7 Years","Lukas Graham",3286408,https://open.spotify.com/track/7129iqBafaphfc3WPCGC0L
184,FEAR.,"Kendrick Lamar",3286242,https://open.spotify.com/track/23luOrEVHMfoX0AhfbQuS6
185,"Supermarket Flowers","Ed Sheeran",3281564,https://open.spotify.com/track/4VuS959DSpr82t3qBqCrWG
186,"Eyes Closed",Halsey,3277630,https://open.spotify.com/track/2WQn7Yvs728KZmmY6tgWqH
187,Hallelujah,Logic,3274144,https://open.spotify.com/track/7fRfIvHPH6bHdMDjPFwTMh
188,"Lean On (feat. MØ & DJ Snake)","Major Lazer",3265018,https://open.spotify.com/track/4WjH9Bzt3kx7z8kl0awxh4
189,"Heatstroke (feat. Young Thug, Pharrell Williams & Ariana Grande)","Calvin Harris",3250564,https://open.spotify.com/track/60APt5N2NRaKWf5xzJdzyC
190,"Ink Blot",Logic,3245431,https://open.spotify.com/track/732btJLGu7gYNHHNdzshrG
191,Caroline,Aminé,3225527,https://open.spotify.com/track/5GFDrUTLGJix84sNhjCG0g
192,"Sucker For Pain (with Wiz Khalifa, Imagine Dragons, Logic & Ty Dolla $ign feat. X Ambassadors)","Lil Wayne",3208958,https://open.spotify.com/track/4dASQiO1Eoo3RJvt74FtXB
193,"This Girl (Kungs Vs. Cookin' On 3 Burners) - Kungs Vs. Cookin' On 3 Burners",Kungs,3197099,https://open.spotify.com/track/0tICYNayWWhH9GPeFrfjfD
194,"Lose Yourself - From ""8 Mile"" Soundtrack",Eminem,3180527,https://open.spotify.com/track/5Z01UMMf7V1o0MzF86s6WJ
195,"Cake By The Ocean",DNCE,3170146,https://open.spotify.com/track/2aFiaMXmWsM3Vj72F9ksBl
196,Hunter,Galantis,3164288,https://open.spotify.com/track/3caMfJGFp53NAH2TuigdNj
197,Barcelona,"Ed Sheeran",3162209,https://open.spotify.com/track/3Lfiu5sZ4M4B6JaKMBc0FU
198,"Versace on the Floor","Bruno Mars",3160613,https://open.spotify.com/track/0kN8xEmgMW9mh7UmDYHlJP
199,"No Vacancy",OneRepublic,3158116,https://open.spotify.com/track/6XOYVSmNDjKUNMXooU4s4z
200,"La Bicicleta","Carlos Vives",3131947,https://open.spotify.com/track/0sXvAOmXgjR2QUqLK1MltU
